Remorque,Période,Client,Face,Remarque,Check,Correction,Visuel,Statut visuel,Instruction visuel,Remarque 2,Remarque 3
,2024-01,,IN,,TRUE,,,,,,
102,2024-01,DEMA,IN,soldes,TRUE,,,,,,
,2024-01,,IN,,TRUE,,,,,,
104,2024-01,Expert Literie,IN,EXPERT,TRUE,,,,,,
105,2024-01,DEMA,IN,soldes,TRUE,,,,,,
106,2024-01,Continentis,IN,,,,,,,,
107,2024-01,Expert Literie,IN,EXPERT,,,,,,,
,2024-01,BLOQUÉ,IN,BLOQUÉ,TRUE,,,,,,
109,2024-01,,IN,,TRUE,,,,,,
110,2024-01,,IN,,TRUE,,,,,,
111,2024-01,Clic Solar,IN,,TRUE,,,,,,
112,2024-01,Continentis,IN,,TRUE,,,,,,
113,2024-01,Expert Literie,IN,EXPERT,TRUE,,,,,,
,2024-01,,IN,,TRUE,,,,,,
,2024-01,,IN,,,,,,,,
,2024-01,,IN,,TRUE,,,,,,
,2024-01,,IN,,TRUE,,,,,,
,2024-01,,IN,,TRUE,,,,,,
,2024-01,,IN,,TRUE,,,,,,
,2024-01,,IN,,TRUE,,,,,,
,2024-01,,IN,,TRUE,,,,,,
,2024-01,,IN,,TRUE,,,,,,
,2024-01,,IN,,TRUE,,,,,,
,2024-01,,IN,,TRUE,,,,,,
201,2024-01,Q-outlet,IN,,TRUE,,,,,,
202,2024-01,HENIN,IN,new,FALSE,,,,,,
203,2024-01,Clic Solar,IN,,TRUE,,,,,,
204,2024-01,,IN,,,,,,,,
205,2024-01,HENIN,IN,new,FALSE,,,,,,
206,2024-01,EASYHOME,IN,notoriété,TRUE,,,,,,
207,2024-01,Continentis,IN,,TRUE,,,,,,
208,2024-01,Continentis,IN,,TRUE,,,,,,
209,2024-01,,IN,,,,,,,,
210,2024-01,Clic Solar,IN,,TRUE,,,,,,
211,2024-01,HENIN,IN,new,FALSE,,,,,,
212,2024-01,EASYHOME,IN,notoriété,FALSE,,,,,,
213,2024-01,,IN,,,,,,,,
214,2024-01,Clic Solar,IN,,TRUE,,,,,,
215,2024-01,,IN,,,,,,,,
216,2024-01,Continentis,IN,,TRUE,,,,,,
227,2024-01,,IN,,TRUE,,,,,,
217,2024-01,,IN,,TRUE,,,,,,
218,2024-01,,IN,,,,,,,,
219,2024-01,,IN,,,,,,,,
220,2024-01,,IN,,TRUE,,,,,,
221,2024-01,,IN,,TRUE,,,,,,
226,2024-01,,IN,,,,,,,,
222,2024-01,,IN,,,,,,,,
224,2024-01,,IN,,,,,,,,
225,2024-01,DEMA,IN,soldes,TRUE,,,,,,
,2024-01,,IN,,,,,,,,
,2024-01,,IN,,TRUE,,,,,,
,2024-01,,IN,,TRUE,,,,,,
,2024-01,,IN,,,,,,,,
,2024-01,,IN,,,,,,,,
,2024-01,,IN,,,,,,,,
,2024-01,,IN,,,,,,,,
,2024-01,,IN,,,,,,,,
,2024-01,,IN,,,,,,,,
,2024-01,,IN,,,,,,,,
,2024-01,,IN,,,,,,,,
,2024-01,,IN,,,,,,,,
,2024-01,,IN,,,,,,,,
301,2024-01,Tonton tapis,IN,,TRUE,,,,,,
302,2024-01,Expert Literie,IN,AUPING,TRUE,,,,,,
303,2024-01,Continentis,IN,,TRUE,,,,,,
304,2024-01,Chaussures Ballaux,IN,,TRUE,,,,,,
305,2024-01,,IN,,,,,,,,
306,2024-01,,IN,,,,,,,,
307,2024-01,Clic Solar,IN,,TRUE,,,,,,
308,2024-01,Locadepot,IN,,TRUE,,,,,,
319,2024-01,Au Stock,IN,,TRUE,,,,,,
309,2024-01,Expert Literie,IN,EXPERT,TRUE,,,,,,
310,2024-01,Q-outlet,IN,,TRUE,,,,,,
311,2024-01,Chaussures Ballaux,IN,,TRUE,,,,,,
312,2024-01,Clic Solar,IN,,TRUE,,,,,,
313,2024-01,Continentis,IN,,TRUE,,,,,,
314,2024-01,Q-outlet,IN,,TRUE,,,,,,
315,2024-01,Locadepot,IN,,FALSE,,,,,,
316,2024-01,Locadepot,IN,,FALSE,,,,,,
317,2024-01,Locadepot,IN,,TRUE,,,,,,
318,2024-01,,IN,,,,,,,,
320,2024-01,HENIN,IN,new,FALSE,,,,,,
321,2024-01,,IN,,,,,,,,
322,2024-01,,IN,,,,,,,,
323,2024-01,,IN,,,,,,,,
324,2024-01,Continentis,IN,,TRUE,,,,,,
325,2024-01,Full Services,IN,,FALSE,,,,,,
326,2024-01,HENIN,IN,new,FALSE,,,,,,
327,2024-01,Expert Literie,IN,EXPERT,TRUE,,,,,,
328,2024-01,Clic Solar,IN,,TRUE,,,,,,
329,2024-01,DEMA,IN,soldes,TRUE,,,,,,
330,2024-01,La Bergerette,IN,,FALSE,,,,,,
331,2024-01,Belisol,IN,Autocollant,TRUE,,,,,,
332,2024-01,Expert Literie,IN,AUPING,TRUE,,,,,,
333,2024-01,Belisol,IN,Autocollant,TRUE,,,,,,
334,2024-01,HENIN,IN,new,FALSE,,,,,,
335,2024-01,EASYHOME,IN,Namur,TRUE,,,,,,
336,2024-01,HENIN,IN,new,FALSE,,,,,,
337,2024-01,Expert Literie,IN,AUPING,TRUE,,,,,,
338,2024-01,,IN,,,,,,,,
339,2024-01,La Bergerette,IN,,FALSE,,,,,,
340,2024-01,DPS,IN,,TRUE,,,,,,
341,2024-01,Belisol,IN,Autocollant,TRUE,,,,,,
365,2024-01,Expert Literie,IN,AUPING,TRUE,,,,,,
342,2024-01,Continentis,IN,,TRUE,,,,,,
343,2024-01,Expert Literie,IN,AUPING,TRUE,,,,,,
344,2024-01,Tonton tapis,IN,,TRUE,,,,,,
363,2024-01,EASYHOME,IN,Namur,TRUE,,,,,,
345,2024-01,,IN,,,,,,,,
346,2024-01,,IN,,,,,,,,
359,2024-01,Continentis,IN,,TRUE,,,,,,
360,2024-01,DEMA,IN,soldes,TRUE,,,,,,
361,2024-01,,IN,,,,,,,,
,2024-01,,IN,,,,,,,,
347,2024-01,DEMA,IN,soldes,FALSE,,,,,,
348,2024-01,Chaussures Ballaux,IN,,FALSE,,,,,,
349,2024-01,DPS,IN,,FALSE,,,,,,
350,2024-01,DEMA,IN,soldes,FALSE,,,,,,
351,2024-01,FIRR,IN,NEW CC,FALSE,,,,,,
352,2024-01,EASYHOME,IN,Notoriété,FALSE,,,,,,
353,2024-01,FIRR,IN,NEW CC,FALSE,,,,,,
,2024-01,,IN,,,,,,,,
354,2024-01,EASYHOME,IN,Namur,TRUE,,,,,,
355,2024-01,La Bergerette,IN,,FALSE,,,,,,
356,2024-01,,IN,,,,,,,,
357,2024-01,Poils & Plumes Ciney,IN,,FALSE,,,,,,
,2024-01,,IN,,,,,,,,
,2024-01,,IN,,,,,,,,
,2024-01,,IN,,,,,,,,
,2024-01,,IN,,,,,,,,
,2024-01,,IN,,,,,,,,
,2024-01,,IN,,,,,,,,
401,2024-01,Full Services,IN,,FALSE,,,,,,
402,2024-01,Clic Solar,IN,,TRUE,,,,,,
403,2024-01,HENIN,IN,NEW,FALSE,,,,,,
404,2024-01,Q-outlet,IN,,TRUE,,,,,,
405,2024-01,DEMA,IN,soldes,TRUE,,,,,,
406,2024-01,,IN,,,,,,,,
407,2024-01,EASYHOME,IN,Notoriété,TRUE,,,,,,
408,2024-01,DEMA,IN,soldes,TRUE,,,,,,
409,2024-01,,IN,,,,,,,,
415,2024-01,,IN,,,,,,,,
,2024-01,,IN,,,,,,,,
,2024-01,,IN,,,,,,,,
,2024-01,,IN,,,,,,,,
,2024-01,,IN,,,,,,,,
,2024-01,,IN,,,,,,,,
,2024-01,,IN,,,,,,,,
,2024-01,,IN,,,,,,,,
,2024-01,,IN,,,,,,,,
,2024-01,,IN,,,,,,,,
501,2024-01,Continentis,IN,,TRUE,,,,,,
502,2024-01,DPS,IN,,FALSE,,,,,,
503,2024-01,Naturpark Sur,IN,Schumannseck,FALSE,,,,,,
504,2024-01,Clic Solar,IN,,TRUE,,,,,,
505,2024-01,DPS,IN,,FALSE,,,,,,
506,2024-01,Continentis,IN,,TRUE,,,,,,
507,2024-01,DPS,IN,,FALSE,,,,,,
508,2024-01,Clic Solar,IN,,TRUE,,,,,,
509,2024-01,,IN,,,,,,,,
510,2024-01,DPS,IN,,FALSE,,,,,,
524,2024-01,Clic Solar,IN,,TRUE,,,,,,
511,2024-01,Continentis,IN,,TRUE,,,,,,
527,2024-01,,IN,,,,,,,,
512,2024-01,DPS,IN,,FALSE,,,,,,
513,2024-01,,IN,,,,,,,,
514,2024-01,,IN,,,,,,,,
515,2024-01,,IN,,,,,,,,
517,2024-01,Delhaize Lux,IN,,FALSE,,,,,,
518,2024-01,,IN,,,,,,,,
519,2024-01,,IN,,,,,,,,
520,2024-01,Delhaize Lux,IN,,FALSE,,,,,,
521,2024-01,,IN,,,,,,,,
522,2024-01,,IN,,FALSE,,,,,,
525,2024-01,HENIN,IN,new,FALSE,,,,,,
526,2024-01,,IN,,,,,,,,
530,2024-01,DPS,IN,,,,,,,,
,2024-01,,IN,,,,,,,,
,2024-01,,IN,,,,,,,,
,2024-01,,IN,,,,,,,,
,2024-01,,IN,,,,,,,,
,2024-01,,IN,,,,,,,,
,2024-01,,IN,,,,,,,,
,2024-01,,IN,,,,,,,,
,2024-01,,IN,,,,,,,,
,2024-01,,IN,,,,,,,,
,2024-01,,IN,,,,,,,,
,2024-01,,IN,,,,,,,,
,2024-01,,OUT,,,,,,,,
102,2024-01,Usico,OUT,Décorex,TRUE,,,,,,
,2024-01,,OUT,,,,,,,,
104,2024-01,,OUT,,,,,,,,
105,2024-01,HENIN,OUT,new,FALSE,,,,,,
106,2024-01,Expert Literie,OUT,EXPERT,TRUE,,,,,,
107,2024-01,,OUT,,,,,,,,
,2024-01,BLOQUÉ,OUT,BLOQUÉ,,,,,,,
109,2024-01,,OUT,,,,,,,,
110,2024-01,,OUT,,,,,,,,
111,2024-01,,OUT,,,,,,,,
112,2024-01,Clic Solar,OUT,,TRUE,,,,,,
113,2024-01,La Bergerette,OUT,,FALSE,,,,,,
,2024-01,,OUT,,,,,,,,
,2024-01,,OUT,,,,,,,,
,2024-01,,OUT,,,,,,,,
,2024-01,,OUT,,,,,,,,
,2024-01,,OUT,,,,,,,,
,2024-01,,OUT,,,,,,,,
,2024-01,,OUT,,,,,,,,
,2024-01,,OUT,,,,,,,,
,2024-01,,OUT,,,,,,,,
,2024-01,,OUT,,,,,,,,
,2024-01,,OUT,,,,,,,,
201,2024-01,,OUT,,,,,,,,
202,2024-01,,OUT,,,,,,,,
203,2024-01,EASYHOME,OUT,notoriété,FALSE,,,,,,
204,2024-01,EASYHOME,OUT,notoriété,TRUE,,,,,,
205,2024-01,Clic Solar,OUT,,TRUE,,,,,,
206,2024-01,La Bergerette,OUT,,FALSE,,,,,,
207,2024-01,La Bergerette,OUT,,FALSE,,,,,,
208,2024-01,EASYHOME,OUT,notoriété,TRUE,,,,,,
209,2024-01,EASYHOME,OUT,notoriété,FALSE,,,,,,
210,2024-01,Continentis,OUT,,TRUE,,,,,,
211,2024-01,,OUT,,,,,,,,
212,2024-01,,OUT,,,,,,,,
213,2024-01,,OUT,,,,,,,,
214,2024-01,,OUT,,,,,,,,
215,2024-01,,OUT,,,,,,,,
216,2024-01,,OUT,,,,,,,,
227,2024-01,,OUT,,,,,,,,
217,2024-01,,OUT,,,,,,,,
218,2024-01,,OUT,,,,,,,,
219,2024-01,,OUT,,,,,,,,
220,2024-01,,OUT,,,,,,,,
221,2024-01,,OUT,,,,,,,,
226,2024-01,,OUT,,,,,,,,
222,2024-01,HENIN,OUT,new,FALSE,,,,,,
224,2024-01,,OUT,,,,,,,,
225,2024-01,EASYHOME,OUT,notoriété,FALSE,,,,,,
,2024-01,,OUT,,,,,,,,
,2024-01,,OUT,,,,,,,,
,2024-01,,OUT,,,,,,,,
,2024-01,,OUT,,,,,,,,
,2024-01,,OUT,,,,,,,,
,2024-01,,OUT,,,,,,,,
,2024-01,,OUT,,,,,,,,
,2024-01,,OUT,,,,,,,,
,2024-01,,OUT,,,,,,,,
,2024-01,,OUT,,,,,,,,
,2024-01,,OUT,,,,,,,,
,2024-01,,OUT,,,,,,,,
,2024-01,,OUT,,,,,,,,
301,2024-01,,OUT,,,,,,,,
302,2024-01,,OUT,,,,,,,,
303,2024-01,Au Stock,OUT,,TRUE,,,,,,
304,2024-01,,OUT,,,,,,,,
305,2024-01,,OUT,,,,,,,,
306,2024-01,,OUT,,,,,,,,
307,2024-01,Au Stock,OUT,,TRUE,,,,,,
308,2024-01,,OUT,,,,,,,,
319,2024-01,EASYHOME,OUT,Dinant,TRUE,,,,,,
309,2024-01,KRO Carrelages,OUT,batimoi,FALSE,,,,,,
310,2024-01,Locadepot,OUT,,TRUE,,,,,,
311,2024-01,FIRR,OUT,NEW CC,TRUE,,,,,,
312,2024-01,Locadepot,OUT,,TRUE,,,,,,
313,2024-01,,OUT,,,,,,,,
314,2024-01,EASYHOME,OUT,Dinant,TRUE,,,,,,
315,2024-01,Poils & Plumes Dinant,OUT,,FALSE,,,,,,
316,2024-01,,OUT,,,,,,,,
317,2024-01,,OUT,,,,,,,,
318,2024-01,,OUT,,,,,,,,
320,2024-01,Clic Solar,OUT,,TRUE,,,,,,
321,2024-01,,OUT,,,,,,,,
322,2024-01,BLOQUÉ,OUT,BLOQUÉ,,,,,,,
323,2024-01,,OUT,,,,,,,,
324,2024-01,La Bergerette,OUT,,FALSE,,,,,,
325,2024-01,Expert Literie,OUT,EXPERT,FALSE,,,,,,
326,2024-01,Continentis,OUT,,TRUE,,,,,,
327,2024-01,La Bergerette,OUT,,FALSE,,,,,,
328,2024-01,,OUT,,,,,,,,
329,2024-01,La Bergerette,OUT,,FALSE,,,,,,
330,2024-01,EASYHOME,OUT,Namur,TRUE,,,,,,
331,2024-01,TONTON TAPIS,OUT,,TRUE,,,,,,
332,2024-01,DEMA,OUT,soldes,TRUE,,,,,,
333,2024-01,La Bergerette,OUT,,FALSE,,,,,,
334,2024-01,BLOQUÉ,OUT,BLOQUÉ,,,,,,,
335,2024-01,La Bergerette,OUT,,FALSE,,,,,,
336,2024-01,La Bergerette,OUT,,FALSE,,,,,,
337,2024-01,,OUT,,,,,,,,
338,2024-01,DEMA,OUT,soldes,TRUE,,,,,,
339,2024-01,,OUT,,,,,,,,
340,2024-01,EASYHOME,OUT,Namur,TRUE,,,,,,
341,2024-01,Continentis,OUT,,TRUE,,,,,,
365,2024-01,La Bergerette,OUT,,FALSE,,,,,,
342,2024-01,EASYHOME,OUT,Dinant,TRUE,,,,,,
343,2024-01,DPS,OUT,,TRUE,,,,,,
344,2024-01,Usico,OUT,,TRUE,,,,,,
363,2024-01,La Bergerette,OUT,,FALSE,,,,,,
345,2024-01,,OUT,,,,,,,,
346,2024-01,,OUT,,,,,,,,
359,2024-01,,OUT,,,,,,,,
360,2024-01,,OUT,,,,,,,,
361,2024-01,,OUT,,,,,,,,
,2024-01,,OUT,,,,,,,,
347,2024-01,Locadepot,OUT,,FALSE,,,,,,
348,2024-01,Continentis,OUT,,TRUE,,,,,,
349,2024-01,,OUT,,,,,,,,
350,2024-01,KRO Carrelages,OUT,batimoi,FALSE,,,,,,
351,2024-01,,OUT,,,,,,,,
352,2024-01,KRO Carrelages,OUT,batimoi,FALSE,,,,,,
353,2024-01,Poils & Plumes Rochefort,OUT,,FALSE,,,,,,
,2024-01,,OUT,,,,,,,,
354,2024-01,,OUT,,,,,,,,
355,2024-01,,OUT,,,,,,,,
356,2024-01,,OUT,,,,,,,,
357,2024-01,Locadepot,OUT,,FALSE,,,,,,
,2024-01,,OUT,,,,,,,,
,2024-01,,OUT,,,,,,,,
,2024-01,,OUT,,,,,,,,
,2024-01,,OUT,,,,,,,,
,2024-01,,OUT,,,,,,,,
,2024-01,,OUT,,,,,,,,
401,2024-01,Continentis,OUT,,TRUE,,,,,,
402,2024-01,,OUT,,,,,,,,
403,2024-01,,OUT,,,,,,,,
404,2024-01,,OUT,,,,,,,,
405,2024-01,,OUT,,,,,,,,
406,2024-01,,OUT,,,,,,,,
407,2024-01,,OUT,,,,,,,,
408,2024-01,,OUT,,,,,,,,
409,2024-01,,OUT,,,,,,,,
415,2024-01,,OUT,,,,,,,,
,2024-01,,OUT,,,,,,,,
,2024-01,,OUT,,,,,,,,
,2024-01,,OUT,,,,,,,,
,2024-01,,OUT,,,,,,,,
,2024-01,,OUT,,,,,,,,
,2024-01,,OUT,,,,,,,,
,2024-01,,OUT,,,,,,,,
,2024-01,,OUT,,,,,,,,
,2024-01,,OUT,,,,,,,,
501,2024-01,DPS,OUT,,FALSE,,,,,,
502,2024-01,,OUT,,,,,,,,
503,2024-01,,OUT,,,,,,,,
504,2024-01,,OUT,,,,,,,,
505,2024-01,,OUT,,,,,,,,
506,2024-01,DPS,OUT,,FALSE,,,,,,
507,2024-01,,OUT,,,,,,,,
508,2024-01,DPS,OUT,,FALSE,,,,,,
509,2024-01,,OUT,,,,,,,,
510,2024-01,DPS,OUT,,FALSE,,,,,,
524,2024-01,,OUT,,,,,,,,
511,2024-01,,OUT,,,,,,,,
527,2024-01,,OUT,,,,,,,,
512,2024-01,KRO Carrelages,OUT,batimoi,FALSE,,,,,,
513,2024-01,,OUT,,,,,,,,
514,2024-01,Delhaize Lux,OUT,,FALSE,,,,,,
515,2024-01,Delhaize Lux,OUT,,FALSE,,,,,,
517,2024-01,,OUT,,,,,,,,
518,2024-01,,OUT,,,,,,,,
519,2024-01,,OUT,,,,,,,,
520,2024-01,,OUT,,,,,,,,
521,2024-01,,OUT,,,,,,,,
522,2024-01,,OUT,,FALSE,,,,,,
525,2024-01,KRO Carrelages,OUT,batimoi,,,,,,,
526,2024-01,,OUT,,,,,,,,
530,2024-01,,OUT,,,,,,,,
,2024-01,,OUT,,,,,,,,
,2024-01,,OUT,,,,,,,,
,2024-01,,OUT,,,,,,,,
,2024-01,,OUT,,,,,,,,
,2024-01,,OUT,,,,,,,,
,2024-01,,OUT,,,,,,,,
,2024-01,,OUT,,,,,,,,
,2024-01,,OUT,,,,,,,,
,2024-01,,OUT,,,,,,,,
,2024-01,,OUT,,,,,,,,
,2024-01,,OUT,,,,,,,,
,2024-02,,IN,,,,,,,,
102,2024-02,Promo sport,IN,,TRUE,,,,,,
,2024-02,,IN,,,,,,,,
104,2024-02,,IN,,,,,,,,
105,2024-02,Q-outlet,IN,,TRUE,,,,,,
106,2024-02,Promo sport,IN,Voir 2023,TRUE,,,,,,
107,2024-02,Promo sport,IN,,TRUE,,,,,,
,2024-02,BLOQUÉ,IN,BLOQUÉ,,,,,,,
109,2024-02,,IN,,,,,,,,
110,2024-02,,IN,,,,,,,,
111,2024-02,,IN,,,,,,,,
112,2024-02,Continentis,IN,,TRUE,,,,,,
113,2024-02,Continentis,IN,,TRUE,,,,,,
,2024-02,,IN,,,,,,,,
,2024-02,,IN,,,,,,,,
,2024-02,,IN,,,,,,,,
,2024-02,,IN,,,,,,,,
,2024-02,,IN,,,,,,,,
,2024-02,,IN,,,,,,,,
,2024-02,,IN,,,,,,,,
,2024-02,,IN,,,,,,,,
,2024-02,,IN,,,,,,,,
,2024-02,,IN,,,,,,,,
,2024-02,,IN,,TRUE,,,,,,
201,2024-02,,IN,,TRUE,,,,,,
202,2024-02,,IN,,TRUE,,,,,,
203,2024-02,EASYHOME,IN,notoriété,TRUE,,,,,,
204,2024-02,,IN,,,,,,,,
205,2024-02,EASYHOME,IN,notoriété,TRUE,,,,,,
206,2024-02,EASYHOME,IN,notoriété,FALSE,,,,,,
207,2024-02,,IN,,,,,,,,
208,2024-02,EASYHOME,IN,notoriété,TRUE,,,,,,
209,2024-02,,IN,,,,,,,,
210,2024-02,,IN,,,,,,,,
211,2024-02,Déco Jardin,IN,NEW,TRUE,,,,,,
212,2024-02,EASYHOME,IN,notoriété,TRUE,,,,,,
213,2024-02,,IN,,,,,,,,
214,2024-02,EASYHOME,IN,notoriété,TRUE,,,,,,
215,2024-02,Marneffe Immobilière,IN,NEW,TRUE,,,,,,
216,2024-02,Continentis,IN,,TRUE,,,,,,
227,2024-02,,IN,,,,,,,,
217,2024-02,Continentis,IN,,TRUE,,,,,,
218,2024-02,,IN,,,,,,,,
219,2024-02,,IN,,,,,,,,
220,2024-02,,IN,,,,,,,,
221,2024-02,,IN,,,,,,,,
226,2024-02,,IN,,,,,,,,
222,2024-02,,IN,,,,,,,,
224,2024-02,,IN,,,,,,,,
225,2024-02,Continentis,IN,,TRUE,,,,,,
,2024-02,,IN,,,,,,,,
,2024-02,,IN,,,,,,,,
,2024-02,,IN,,,,,,,,
,2024-02,,IN,,,,,,,,
,2024-02,,IN,,,,,,,,
,2024-02,,IN,,,,,,,,
,2024-02,,IN,,,,,,,,
,2024-02,,IN,,,,,,,,
,2024-02,,IN,,,,,,,,
,2024-02,,IN,,,,,,,,
,2024-02,,IN,,,,,,,,
,2024-02,,IN,,,,,,,,
,2024-02,,IN,,,,,,,,
301,2024-02,Continentis,IN,,TRUE,,,,,,
302,2024-02,Lumarvel,IN,,TRUE,,,,,,
303,2024-02,,IN,,,,,,,,
304,2024-02,Locadepot,IN,,TRUE,,,,,,
305,2024-02,,IN,,,,,,,,
306,2024-02,Locadepot,IN,,TRUE,,,,,,
307,2024-02,Chimsco,IN,Chassis,TRUE,,,,,,
308,2024-02,Au Stock,IN,,TRUE,,,,,,
319,2024-02,EASYHOME,IN,Dinant,TRUE,,,,,,
309,2024-02,Au Stock,IN,,TRUE,,,,,,
310,2024-02,Locadepot,IN,,TRUE,,,,,,
311,2024-02,Chimsco,IN,Chassis,TRUE,,,,,,
312,2024-02,Déco Jardin,IN,Nouv bâche,TRUE,,,,,,
313,2024-02,Chimsco,IN,Chassis,TRUE,,,,,,
314,2024-02,FIRR,IN,New,TRUE,,,,,,
315,2024-02,Continentis,IN,,TRUE,,,,,,
316,2024-02,EASYHOME,IN,Dinant,TRUE,,,,,,
317,2024-02,EASYHOME,IN,Dinant,TRUE,,,,,,
318,2024-02,,IN,,,,,,,,
320,2024-02,,IN,,,,,,,,
321,2024-02,Déco Jardin,IN,,TRUE,,,,,,
322,2024-02,Promo sport,IN,,TRUE,,,,,,
323,2024-02,,IN,,,,,,,,
324,2024-02,,IN,,FALSE,,,,,,
325,2024-02,EASYHOME,IN,Namur,TRUE,,,,,,
326,2024-02,Clôtures Leblanc,IN,Free,TRUE,,,,,,
327,2024-02,Continentis,IN,,TRUE,,,,,,
328,2024-02,EASYHOME,IN,Namur,TRUE,,,,,,
329,2024-02,Clic Solar,IN,,TRUE,,,,,,
330,2024-02,,IN,,,,,,,,
331,2024-02,EASYHOME,IN,Namur,TRUE,,,,,,
332,2024-02,Reno-Paints,IN,NEW,TRUE,,,,,,
333,2024-02,Pirouette,IN,idem,TRUE,,,,,,
334,2024-02,Pirouette,IN,idem,TRUE,,,,,,
335,2024-02,EASYHOME,IN,Namur,TRUE,,,,,,
336,2024-02,Reno-Paints,IN,NEW,TRUE,,,,,,
337,2024-02,Reno-Paints,IN,NEW,TRUE,,,,,,
338,2024-02,EASYHOME,IN,Namur,TRUE,,,,,,
339,2024-02,Q-outlet,IN,,TRUE,,,,,,
340,2024-02,DPS,IN,,TRUE,,,,,,
341,2024-02,DPS,IN,,TRUE,,,,,,
365,2024-02,Au Stock,IN,,TRUE,,,,,,
342,2024-02,Tonton tapis,IN,,TRUE,,,,,,
343,2024-02,Déco Jardin,IN,NEW,TRUE,,,,,,
344,2024-02,Continentis,IN,,TRUE,,,,,,
363,2024-02,Pirouette,IN,idem ,TRUE,,,,,,
345,2024-02,EASYHOME,IN,Dinant,TRUE,,,,,,
346,2024-02,Reno-Paints,IN,NEW,TRUE,,,,,,
359,2024-02,,IN,,,,,,,,
360,2024-02,,IN,,,,,,,,
361,2024-02,,IN,,,,,,,,
,2024-02,,IN,,,,,,,,
347,2024-02,FIRR,IN,,TRUE,,,,,,
348,2024-02,,IN,,,,,,,,
349,2024-02,Déco Jardin,IN,NEW,TRUE,,,,,,
350,2024-02,Continentis,IN,,TRUE,,,,,,
351,2024-02,,IN,,,,,,,,
352,2024-02,Watt4U,IN,,TRUE,,,,,,
353,2024-02,Watt4U,IN,,TRUE,,,,,,
,2024-02,,IN,,,,,,,,
354,2024-02,,IN,,,,,,,,
355,2024-02,EASYHOME,IN,Namur,TRUE,,,,,,
356,2024-02,Q-outlet,IN,,TRUE,,,,,,
357,2024-02,Chimsco,IN,Chassis,TRUE,,,,,,
,2024-02,,IN,,,,,,,,
,2024-02,,IN,,,,,,,,
,2024-02,,IN,,,,,,,,
,2024-02,,IN,,,,,,,,
,2024-02,,IN,,,,,,,,
,2024-02,,IN,,,,,,,,
401,2024-02,Q-outlet,IN,,FALSE,,,,,,
402,2024-02,Full Services,IN,,TRUE,,,,,,
403,2024-02,Promo sport,IN,,TRUE,,,,,,
404,2024-02,,IN,,,,,,,,
405,2024-02,Continentis,IN,,FALSE,,,,,,
406,2024-02,Continentis,IN,,TRUE,,,,,,
407,2024-02,Full Services,IN,,TRUE,,,,,,
408,2024-02,Q-outlet,IN,,TRUE,,,,,,
409,2024-02,,IN,,,,,,,,
415,2024-02,,IN,,,,,,,,
,2024-02,,IN,,,,,,,,
,2024-02,,IN,,,,,,,,
,2024-02,,IN,,,,,,,,
,2024-02,,IN,,,,,,,,
,2024-02,,IN,,,,,,,,
,2024-02,,IN,,,,,,,,
,2024-02,,IN,,,,,,,,
,2024-02,,IN,,,,,,,,
,2024-02,,IN,,,,,,,,
501,2024-02,,IN,,,,,,,,
502,2024-02,DPS,IN,,FALSE,,,,,,
503,2024-02,Continentis,IN,,FALSE,,,,,,
504,2024-02,OGBL,IN,fr,TRUE,,,,,,
505,2024-02,DPS,IN,,FALSE,,,,,,
506,2024-02,,IN,,,,,,,,
507,2024-02,DPS,IN,,FALSE,,,,,,
508,2024-02,,IN,,,,,,,,
509,2024-02,Continentis,IN,,FALSE,,,,,,
510,2024-02,DPS,IN,,FALSE,,,,,,
524,2024-02,FIRR,IN,,TRUE,,,,,,
511,2024-02,Continentis,IN,,FALSE,,,,,,
527,2024-02,,IN,,,,,,,,
512,2024-02,DPS,IN,,FALSE,,,,,,
513,2024-02,Knauf,IN,,FALSE,,,,,,
514,2024-02,OGBL,IN,Fr,TRUE,,,,,,
515,2024-02,OGBL,IN,All,TRUE,,,,,,
517,2024-02,Delhaize Lux,IN,,FALSE,,,,,,
518,2024-02,OGBL,IN,All ,TRUE,,,,,,
519,2024-02,,IN,,,,,,,,
520,2024-02,Delhaize Lux,IN,,FALSE,,,,,,
521,2024-02,,IN,,,,,,,,
522,2024-02,,IN,,TRUE,,,,,,
525,2024-02,Locadepot,IN,,FALSE,,,,,,
526,2024-02,,IN,,,,,,,,
530,2024-02,DPS,IN,,,,,,,,
,2024-02,,IN,,,,,,,,
,2024-02,,IN,,,,,,,,
,2024-02,,IN,,,,,,,,
,2024-02,,IN,,,,,,,,
,2024-02,,IN,,,,,,,,
,2024-02,,IN,,,,,,,,
,2024-02,,IN,,,,,,,,
,2024-02,,IN,,,,,,,,
,2024-02,,IN,,,,,,,,
,2024-02,,IN,,,,,,,,
,2024-02,,IN,,,,,,,,
,2024-02,,OUT,,,,,,,,
102,2024-02,,OUT,,,,,,,,
,2024-02,,OUT,,,,,,,,
104,2024-02,,OUT,,,,,,,,
105,2024-02,Promo sport,OUT,,TRUE,,,,,,
106,2024-02,Déco Jardin,OUT,Nouv bâche,TRUE,,,,,,
107,2024-02,,OUT,,,,,,,,
,2024-02,BLOQUÉ,OUT,BLOQUÉ,,,,,,,
109,2024-02,,OUT,,,,,,,,
110,2024-02,,OUT,,,,,,,,
111,2024-02,,OUT,,,,,,,,
112,2024-02,,OUT,,,,,,,,
113,2024-02,,OUT,,,,,,,,
,2024-02,,OUT,,,,,,,,
,2024-02,,OUT,,,,,,,,
,2024-02,,OUT,,,,,,,,
,2024-02,,OUT,,,,,,,,
,2024-02,,OUT,,,,,,,,
,2024-02,,OUT,,,,,,,,
,2024-02,,OUT,,,,,,,,
,2024-02,,OUT,,,,,,,,
,2024-02,,OUT,,,,,,,,
,2024-02,,OUT,,,,,,,,
,2024-02,,OUT,,,,,,,,
201,2024-02,,OUT,,,,,,,,
202,2024-02,,OUT,,,,,,,,
203,2024-02,,OUT,,,,,,,,
204,2024-02,,OUT,,,,,,,,
205,2024-02,,OUT,,,,,,,,
206,2024-02,,OUT,,,,,,,,
207,2024-02,,OUT,,,,,,,,
208,2024-02,,OUT,,,,,,,,
209,2024-02,,OUT,,,,,,,,
210,2024-02,,OUT,,,,,,,,
211,2024-02,EASYHOME,OUT,notoriété,TRUE,,,,,,
212,2024-02,Continentis,OUT,,TRUE,,,,,,
213,2024-02,,OUT,,,,,,,,
214,2024-02,,OUT,,,,,,,,
215,2024-02,,OUT,,,,,,,,
216,2024-02,,OUT,,,,,,,,
227,2024-02,,OUT,,,,,,,,
217,2024-02,,OUT,,,,,,,,
218,2024-02,,OUT,,,,,,,,
219,2024-02,,OUT,,,,,,,,
220,2024-02,,OUT,,,,,,,,
221,2024-02,,OUT,,,,,,,,
226,2024-02,,OUT,,,,,,,,
222,2024-02,,OUT,,,,,,,,
224,2024-02,,OUT,,,,,,,,
225,2024-02,,OUT,,,,,,,,
,2024-02,,OUT,,,,,,,,
,2024-02,,OUT,,,,,,,,
,2024-02,,OUT,,,,,,,,
,2024-02,,OUT,,,,,,,,
,2024-02,,OUT,,,,,,,,
,2024-02,,OUT,,,,,,,,
,2024-02,,OUT,,,,,,,,
,2024-02,,OUT,,,,,,,,
,2024-02,,OUT,,,,,,,,
,2024-02,,OUT,,,,,,,,
,2024-02,,OUT,,,,,,,,
,2024-02,,OUT,,,,,,,,
,2024-02,,OUT,,,,,,,,
301,2024-02,,OUT,,,,,,,,
302,2024-02,,OUT,,,,,,,,
303,2024-02,Clôtures Leblanc,OUT,Free,TRUE,,,,,,
304,2024-02,Au Stock,OUT,,TRUE,,,,,,
305,2024-02,,OUT,,,,,,,,
306,2024-02,EASYHOME,OUT,Dinant,TRUE,,,,,,
307,2024-02,Poils & Plumes Ciney,OUT,,TRUE,,,,,,
308,2024-02,,OUT,,,,,,,,
319,2024-02,Locadepot,OUT,,TRUE,,,,,,
309,2024-02,,OUT,,,,,,,,
310,2024-02,,OUT,,,,,,,,
311,2024-02,Clic Solar,OUT,,TRUE,,,,,,
312,2024-02,EASYHOME,OUT,Dinant,TRUE,,,,,,
313,2024-02,Au Stock,OUT,,TRUE,,,,,,
314,2024-02,Locadepot,OUT,,TRUE,,,,,,
315,2024-02,Reno-Paints,OUT,NEW,TRUE,,,,,,
316,2024-02,Locadepot,OUT,,TRUE,,,,,,
317,2024-02,Poils & Plumes Dinant,OUT,,TRUE,,,,,,
318,2024-02,,OUT,,,,,,,,
320,2024-02,,OUT,,,,,,,,
321,2024-02,,OUT,,,,,,,,
322,2024-02,BLOQUÉ,OUT,BLOQUÉ,,,,,,,
323,2024-02,,OUT,,,,,,,,
324,2024-02,,OUT,,,,,,,,
325,2024-02,Majois,OUT,,TRUE,,,,,,
326,2024-02,,OUT,,,,,,,,
327,2024-02,,OUT,,,,,,,,
328,2024-02,,OUT,,,,,,,,
329,2024-02,,OUT,,,,,,,,
330,2024-02,,OUT,,,,,,,,
331,2024-02,JCP Cleaning,OUT,Panneaux ,TRUE,,,,,,
332,2024-02,,OUT,,,,,,,,
333,2024-02,,OUT,,,,,,,,
334,2024-02,BLOQUÉ,OUT,BLOQUÉ,,,,,,,
335,2024-02,,OUT,,,,,,,,
336,2024-02,,OUT,,,,,,,,
337,2024-02,,OUT,,,,,,,,
338,2024-02,,OUT,,,,,,,,
339,2024-02,Reno-Paints,OUT,NEW,TRUE,,,,,,
340,2024-02,Promo sport,OUT,,TRUE,,,,,,
341,2024-02,Déco Jardin,OUT,New ,TRUE,,,,,,
365,2024-02,Majois,OUT,Free,TRUE,,,,,,
342,2024-02,Chimsco,OUT,Chassis,TRUE,,,,,,
343,2024-02,Q-outlet,OUT,,TRUE,,,,,,
344,2024-02,Reno-Paints,OUT,NEW,TRUE,,,,,,
363,2024-02,EASYHOME,OUT,Namur,TRUE,,,,,,
345,2024-02,,OUT,,,,,,,,
346,2024-02,Continentis,OUT,,TRUE,,,,,,
359,2024-02,Pessleux,OUT,,TRUE,,,,,,
360,2024-02,,OUT,,,,,,,,
361,2024-02,,OUT,,,,,,,,
,2024-02,,OUT,,,,,,,,
347,2024-02,,OUT,,,,,,,,
348,2024-02,DPS,OUT,,TRUE,,,,,,
349,2024-02,,OUT,,,,,,,,
350,2024-02,Locadepot,OUT,,TRUE,,,,,,
351,2024-02,Créer coller,OUT,,TRUE,,,,,,
352,2024-02,Poils & Plumes Rochefort,OUT,,TRUE,,,,,,
353,2024-02,,OUT,,,,,,,,
,2024-02,,OUT,,,,,,,,
354,2024-02,Majois,OUT,,TRUE,,,,,,
355,2024-02,,OUT,,,,,,,,
356,2024-02,,OUT,,,,,,,,
357,2024-02,EASYHOME,OUT,Notoriété,TRUE,,,,,,
,2024-02,,OUT,,,,,,,,
,2024-02,,OUT,,,,,,,,
,2024-02,,OUT,,,,,,,,
,2024-02,,OUT,,,,,,,,
,2024-02,,OUT,,,,,,,,
,2024-02,,OUT,,,,,,,,
401,2024-02,,OUT,,,,,,,,
402,2024-02,,OUT,,,,,,,,
403,2024-02,,OUT,,,,,,,,
404,2024-02,,OUT,,,,,,,,
405,2024-02,,OUT,,,,,,,,
406,2024-02,,OUT,,,,,,,,
407,2024-02,,OUT,,,,,,,,
408,2024-02,,OUT,,,,,,,,
409,2024-02,,OUT,,,,,,,,
415,2024-02,,OUT,,,,,,,,
,2024-02,,OUT,,,,,,,,
,2024-02,,OUT,,,,,,,,
,2024-02,,OUT,,,,,,,,
,2024-02,,OUT,,,,,,,,
,2024-02,,OUT,,,,,,,,
,2024-02,,OUT,,,,,,,,
,2024-02,,OUT,,,,,,,,
,2024-02,,OUT,,,,,,,,
,2024-02,,OUT,,,,,,,,
501,2024-02,DPS,OUT,,FALSE,,,,,,
502,2024-02,,OUT,,,,,,,,
503,2024-02,,OUT,,,,,,,,
504,2024-02,,OUT,,,,,,,,
505,2024-02,,OUT,,,,,,,,
506,2024-02,DPS,OUT,,FALSE,,,,,,
507,2024-02,,OUT,,,,,,,,
508,2024-02,DPS,OUT,,FALSE,,,,,,
509,2024-02,,OUT,,,,,,,,
510,2024-02,DPS,OUT,,FALSE,,,,,,
524,2024-02,,OUT,,,,,,,,
511,2024-02,,OUT,,,,,,,,
527,2024-02,,OUT,,,,,,,,
512,2024-02,,OUT,,,,,,,,
513,2024-02,,OUT,,,,,,,,
514,2024-02,Delhaize Lux,OUT,,FALSE,,,,,,
515,2024-02,Delhaize Lux,OUT,,FALSE,,,,,,
517,2024-02,Knauf,OUT,,FALSE,,,,,,
518,2024-02,,OUT,,,,,,,,
519,2024-02,,OUT,,,,,,,,
520,2024-02,,OUT,,,,,,,,
521,2024-02,,OUT,,,,,,,,
522,2024-02,,OUT,,,,,,,,
525,2024-02,,OUT,,FALSE,,,,,,
526,2024-02,,OUT,,,,,,,,
530,2024-02,OGBL,OUT,Fr,,,,,,,
,2024-02,,OUT,,,,,,,,
,2024-02,,OUT,,,,,,,,
,2024-02,,OUT,,,,,,,,
,2024-02,,OUT,,,,,,,,
,2024-02,,OUT,,,,,,,,
,2024-02,,OUT,,,,,,,,
,2024-02,,OUT,,,,,,,,
,2024-02,,OUT,,,,,,,,
,2024-02,,OUT,,,,,,,,
,2024-02,,OUT,,,,,,,,
,2024-02,,OUT,,,,,,,,
,2024-03,,IN,,,,,,,,
102,2024-03,Brainbox,IN,,TRUE,,,,,,
,2024-03,,IN,,,,,,,,
104,2024-03,Jardisart,IN,bach verte,TRUE,,,,,,
105,2024-03,Lara Ceram,IN,,TRUE,,,,,,
106,2024-03,Quadrus,IN,Action + autoc,TRUE,,,,,,
107,2024-03,Brainbox,IN,,TRUE,,,,,,
,2024-03,BLOQUÉ,IN,,,,,,,,
109,2024-03,Brainbox,IN,,TRUE,,,,,,
110,2024-03,Q-outlet,IN,,TRUE,,,,,,
111,2024-03,Quadrus,IN,Action + autoc,TRUE,,,,,,
112,2024-03,Waterair,IN,,TRUE,,,,,,
113,2024-03,Graines de Vélo,IN,,TRUE,,,,,,
,2024-03,,IN,,,,,,,,
,2024-03,,IN,,,,,,,,
,2024-03,,IN,,,,,,,,
,2024-03,,IN,,,,,,,,
,2024-03,,IN,,,,,,,,
,2024-03,,IN,,,,,,,,
,2024-03,,IN,,,,,,,,
,2024-03,,IN,,,,,,,,
,2024-03,,IN,,,,,,,,
,2024-03,,IN,,,,,,,,
,2024-03,,IN,,,,,,,,
201,2024-03,Q-outlet,IN,,TRUE,,,,,,
202,2024-03,Immo Cube,IN,evilas,TRUE,,,,,,
203,2024-03,Brainbox,IN,,TRUE,,,,,,
204,2024-03,Majesty Wood,IN,NEW CC,FALSE,Erreur visuel,,,,,
205,2024-03,Waterair,IN,,TRUE,,,,,,
206,2024-03,Brainbox,IN,,TRUE,,,,,,
207,2024-03,Servipools,IN,NEW CC,TRUE,,,,,,
208,2024-03,Brainbox,IN,,TRUE,,,,,,
209,2024-03,Fintro Huy,IN,assur jaumain,TRUE,,,,,,
210,2024-03,Meubles Rigaux,IN,NEW CC,TRUE,,,,,,
211,2024-03,Meubles Rigaux,IN,NEW CC,TRUE,,,,,,
212,2024-03,Majesty Wood,IN,,TRUE,,,,,,
213,2024-03,Brainbox,IN,,TRUE,,,,,,
214,2024-03,EASYHOME,IN,,TRUE,,,,,,
215,2024-03,Immo Cube,IN,immo avec couronne,TRUE,,,,,,
216,2024-03,Brainbox,IN,,TRUE,,,,,,
227,2024-03,Immo Cube,IN,new evilas,TRUE,,,,,,
217,2024-03,Brainbox,IN,,TRUE,,,,,,
218,2024-03,Waterair,IN,,TRUE,,,,,,
219,2024-03,Brainbox,IN,,TRUE,,,,,,
220,2024-03,Continentis,IN,,TRUE,,,,,,
221,2024-03,Brainbox,IN,,TRUE,,,,,,
226,2024-03,,IN,,,,,,,,
222,2024-03,Brainbox,IN,,TRUE,,,,,,
224,2024-03,Continentis,IN,,TRUE,,,,,,
225,2024-03,Brainbox,IN,,TRUE,,,,,,
,2024-03,,IN,,,,,,,,
,2024-03,,IN,,,,,,,,
,2024-03,,IN,,,,,,,,
,2024-03,,IN,,,,,,,,
,2024-03,,IN,,,,,,,,
,2024-03,,IN,,,,,,,,
,2024-03,,IN,,,,,,,,
,2024-03,,IN,,,,,,,,
,2024-03,,IN,,,,,,,,
,2024-03,,IN,,,,,,,,
,2024-03,,IN,,,,,,,,
,2024-03,,IN,,,,,,,,
,2024-03,,IN,,,,,,,,
301,2024-03,Jardisart,IN,bache verte,FALSE,Erreur face,,,,,
302,2024-03,Waterair,IN,,TRUE,,,,,,
303,2024-03,Reno-Paints,IN,15%,TRUE,,,,,,
304,2024-03,Piscinat,IN,JPO + dates,TRUE,,,,,,
305,2024-03,Saitta Cycles ,IN,NEW CC,TRUE,,,,,,
306,2024-03,FIRR,IN,,TRUE,,,,,,
307,2024-03,Piscinat,IN,JPO + dates,TRUE,,,,,,
308,2024-03,Chimsco,IN,,TRUE,,,,,,
319,2024-03,Jardisart,IN,bache verte,TRUE,,,,,,
309,2024-03,Reno-Paints,IN,15%,TRUE,,,,,,
310,2024-03,Brainbox,IN,,TRUE,,,,,,
311,2024-03,Reno-Paints,IN,15%,TRUE,,,,,,
312,2024-03,Au Stock,IN,,TRUE,,,,,,
313,2024-03,Piscinat,IN,JPO + dates,TRUE,,,,,,
314,2024-03,Ardenne rally,IN,NEW CC,TRUE,,,,,,
315,2024-03,Piscinat,IN,JPO + dates,TRUE,,,,,,
316,2024-03,Poils & Plumes Dinant,IN,,TRUE,,,,,,
317,2024-03,Waterair,IN,,TRUE,,,,,,
318,2024-03,,IN,,,,,,,,
320,2024-03,Servipools,IN,NEW CC,TRUE,,,,,,
321,2024-03,Green Robot,IN,,TRUE,,,,,,
322,2024-03,Servipools,IN,NEW CC,TRUE,,,,,,
323,2024-03,Continentis,IN,,TRUE,,,,,,
324,2024-03,Green Robot,IN,,TRUE,,,,,,
325,2024-03,Full Services,IN,,TRUE,,,,,,
326,2024-03,Jardisart,IN,,TRUE,,,,,,
327,2024-03,Servipools,IN,NEW CC,TRUE,,,,,,
328,2024-03,B-Watt,IN,NEW CC,TRUE,,,,,,
329,2024-03,DEMA,IN,Jardin,TRUE,,,,,,
330,2024-03,Waterair,IN,,TRUE,,,,,,
331,2024-03,Servipools,IN,NEW CC,TRUE,,,,,,
332,2024-03,Majois,IN,,TRUE,,,,,,
333,2024-03,Pessleux,IN,,TRUE,,,,,,
334,2024-03,Q-outlet,IN,,TRUE,,,,,,
335,2024-03,Jardisart,IN,,TRUE,,,,,,
336,2024-03,Reno-Paints,IN,NEW 15%,TRUE,,,,,,
337,2024-03,Waterair,IN,,TRUE,,,,,,
338,2024-03,Majois,IN,,TRUE,,,,,,
339,2024-03,Waterair,IN,,TRUE,,,,,,
340,2024-03,Pirouette,IN,gratuit,TRUE,,,,,,
341,2024-03,Brainbox,IN,,TRUE,,,,,,
365,2024-03,DPS,IN,,TRUE,,,,,,
342,2024-03,Pirouette,IN,,TRUE,,,,,,
343,2024-03,Optic & vous,IN,,TRUE,,,,,,
344,2024-03,Q-outlet,IN,,TRUE,,,,,,
363,2024-03,DEMA,IN,Jardin,TRUE,,,,,,
345,2024-03,,IN,,,,,,,,
346,2024-03,Servipools,IN,NEW CC,TRUE,,,,,,
359,2024-03,Continentis,IN,,TRUE,,,,,,
360,2024-03,DEMA,IN,Jardin,TRUE,,,,,,
361,2024-03,Waterair,IN,,TRUE,,,,,,
,2024-03,,IN,,,,,,,,
347,2024-03,DEMA,IN,Jardin,FALSE,Erreur face,,,,,
348,2024-03,Poils & Plumes Rochefort,IN,,TRUE,,,,,,
349,2024-03,Oscar,IN,,TRUE,,,,,,
350,2024-03,DEMA,IN,Jardin,TRUE,,,,,,
351,2024-03,FIRR,IN,,TRUE,,,,,,
352,2024-03,Brainbox,IN,,TRUE,,,,,,
353,2024-03,Watt4U,IN,,TRUE,,,,,,
,2024-03,,IN,,,,,,,,
354,2024-03,Saitta Cycles ,IN,NEW CC,TRUE,,,,,,
355,2024-03,Servipools,IN,NEW CC,TRUE,,,,,,
356,2024-03,Kazimmo,IN,NEW CC,TRUE,,,,,,
357,2024-03,DEMA,IN,Jardin,FALSE,Erreur face,,,,,
,2024-03,,IN,,,,,,,,
,2024-03,,IN,,,,,,,,
,2024-03,,IN,,,,,,,,
,2024-03,,IN,,,,,,,,
,2024-03,,IN,,,,,,,,
,2024-03,,IN,,,,,,,,
401,2024-03,Full Services,IN,,TRUE,,,,,,
402,2024-03,,IN,,,,,,,,
403,2024-03,Servipools,IN,NEW CC,TRUE,,,,,,
404,2024-03,Q-outlet,IN,,TRUE,,,,,,
405,2024-03,Continentis,IN,,TRUE,,,,,,
406,2024-03,DEMA,IN,Jardin,TRUE,,,,,,
407,2024-03,Waterair,IN,,TRUE,,,,,,
408,2024-03,,IN,,,,,,,,
409,2024-03,Quadrus,IN,Action + autoc,TRUE,,,,,,
415,2024-03,,IN,,,,,,,,
,2024-03,,IN,,,,,,,,
,2024-03,,IN,,,,,,,,
,2024-03,,IN,,,,,,,,
,2024-03,,IN,,,,,,,,
,2024-03,,IN,,,,,,,,
,2024-03,,IN,,,,,,,,
,2024-03,,IN,,,,,,,,
,2024-03,,IN,,,,,,,,
,2024-03,,IN,,,,,,,,
501,2024-03,Waterair,IN,,FALSE,Erreur emplacement,,,,,
502,2024-03,DPS,IN,,TRUE,,,,,,
503,2024-03,Servipools,IN,NEW CC,TRUE,,,,,,
504,2024-03,Waterair,IN,,TRUE,,,,,,
505,2024-03,DPS,IN,,TRUE,,,,,,
506,2024-03,Brainbox,IN,,TRUE,,,,,,
507,2024-03,DPS,IN,,TRUE,,,,,,
508,2024-03,Continentis,IN,,TRUE,,,,,,
509,2024-03,Brainbox,IN,,TRUE,,,,,,
510,2024-03,DPS,IN,,TRUE,,,,,,
524,2024-03,Egen pro,IN,,TRUE,,,,,,
511,2024-03,Majesty Wood,IN,,TRUE,,,,,,
527,2024-03,LMV,IN,,TRUE,,,,,,
512,2024-03,DPS,IN,,TRUE,,,,,,
513,2024-03,Knauf,IN,,TRUE,,,,,,
514,2024-03,Continentis,IN,,TRUE,,,,,,
515,2024-03,,IN,,,,,,,,
517,2024-03,Delhaize Lux,IN,,TRUE,,,,,,
518,2024-03,Waterair,IN,,TRUE,,,,,,
519,2024-03,,IN,,,,,,,,
520,2024-03,Delhaize Lux,IN,,TRUE,,,,,,
521,2024-03,Fermalux,IN,NEW CC,TRUE,,,,,,
522,2024-03,,IN,,TRUE,,,,,,
525,2024-03,Majesty Wood,IN,,TRUE,,,,,,
526,2024-03,,IN,,,,,,,,
530,2024-03,DPS,IN,,,,,,,,
,2024-03,,IN,,,,,,,,
,2024-03,,IN,,,,,,,,
,2024-03,,IN,,,,,,,,
,2024-03,,IN,,,,,,,,
,2024-03,,IN,,,,,,,,
,2024-03,,IN,,,,,,,,
,2024-03,,IN,,,,,,,,
,2024-03,,IN,,,,,,,,
,2024-03,,IN,,,,,,,,
,2024-03,,IN,,,,,,,,
,2024-03,,IN,,,,,,,,
,2024-03,,OUT,,,,,,,,
102,2024-03,DEMA,OUT,jardin,TRUE,,,,,,
,2024-03,,OUT,,,,,,,,
104,2024-03,Quadrus,OUT,Action + autoc,TRUE,,,,,,
105,2024-03,Graines de Vélo,OUT,,TRUE,,,,,,
106,2024-03,Promimo,OUT,,TRUE,,,,,,
107,2024-03,Quadrus,OUT,Action + autoc,TRUE,,,,,,
,2024-03,,OUT,BLOQUÉ,,,,,,,
109,2024-03,Quadrus,OUT,Action + autoc,TRUE,,,,,,
110,2024-03,Majesty Wood,OUT,,TRUE,,,,,,
111,2024-03,Fermalux,OUT,NEW CC,TRUE,,,,,,
112,2024-03,Servipools,OUT,NEW CC,TRUE,,,,,,
113,2024-03,Green Robot,OUT,,TRUE,,,,,,
,2024-03,,OUT,,,,,,,,
,2024-03,,OUT,,,,,,,,
,2024-03,,OUT,,,,,,,,
,2024-03,,OUT,,,,,,,,
,2024-03,,OUT,,,,,,,,
,2024-03,,OUT,,,,,,,,
,2024-03,,OUT,,,,,,,,
,2024-03,,OUT,,,,,,,,
,2024-03,,OUT,,,,,,,,
,2024-03,,OUT,,,,,,,,
,2024-03,,OUT,,,,,,,,
201,2024-03,Marneffe Immobilière,OUT,,TRUE,,,,,,
202,2024-03,Fermalux,OUT,,TRUE,,,,,,
203,2024-03,Fintro Huy,OUT,assur jaumain,TRUE,,,,,,
204,2024-03,Servipools,OUT,NEW CC,TRUE,,,,,,
205,2024-03,EASYHOME,OUT,notoriété,TRUE,,,,,,
206,2024-03,Fintro Huy,OUT,assur jaumain,TRUE,,,,,,
207,2024-03,Majesty Wood,OUT,,TRUE,,,,,,
208,2024-03,Fintro Huy,OUT,assur jaumain,TRUE,,,,,,
209,2024-03,EASYHOME,OUT,notoriété,TRUE,,,,,,
210,2024-03,Meubles Rigaux,OUT,NEW CC,FALSE,Erreur emplacement,,,,,
211,2024-03,EASYHOME,OUT,notoriété,TRUE,,,,,,
212,2024-03,EASYHOME,OUT,notoriété,TRUE,,,,,,
213,2024-03,Servipools,OUT,NEW CC,TRUE,,,,,,
214,2024-03,EASYHOME,OUT,notoriété,TRUE,,,,,,
215,2024-03,Continentis,OUT,,TRUE,,,,,,
216,2024-03,Basa.Energie,OUT,NEW,TRUE,,,,,,
227,2024-03,Majesty Wood,OUT,,TRUE,,,,,,
217,2024-03,Continentis,OUT,,TRUE,,,,,,
218,2024-03,EASYHOME,OUT,,TRUE,,,,,,
219,2024-03,,OUT,,,,,,,,
220,2024-03,,OUT,,,,,,,,
221,2024-03,,OUT,,,,,,,,
226,2024-03,,OUT,,,,,,,,
222,2024-03,,OUT,,,,,,,,
224,2024-03,,OUT,,,,,,,,
225,2024-03,Servipools,OUT,NEW CC,TRUE,,,,,,
,2024-03,,OUT,,,,,,,,
,2024-03,,OUT,,,,,,,,
,2024-03,,OUT,,,,,,,,
,2024-03,,OUT,,,,,,,,
,2024-03,,OUT,,,,,,,,
,2024-03,,OUT,,,,,,,,
,2024-03,,OUT,,,,,,,,
,2024-03,,OUT,,,,,,,,
,2024-03,,OUT,,,,,,,,
,2024-03,,OUT,,,,,,,,
,2024-03,,OUT,,,,,,,,
,2024-03,,OUT,,,,,,,,
,2024-03,,OUT,,,,,,,,
301,2024-03,Reno-Paints,OUT,15%,FALSE,Erreur face,,,,,
302,2024-03,Reno-Paints,OUT,15%,TRUE,,,,,,
303,2024-03,Fintro Huy,OUT,equipe,TRUE,,,,,,
304,2024-03,Reno-Paints,OUT,15%,TRUE,,,,,,
305,2024-03,Reno-Paints,OUT,15%,TRUE,,,,,,
306,2024-03,Au Stock,OUT,,TRUE,,,,,,
307,2024-03,Reno-Paints,OUT,15%,TRUE,,,,,,
308,2024-03,Reno-Paints,OUT,15%,TRUE,,,,,,
319,2024-03,Fermalux,OUT,NEW CC,TRUE,,,,,,
309,2024-03,Au Stock,OUT,,TRUE,,,,,,
310,2024-03,Chimsco,OUT,,TRUE,,,,,,
311,2024-03,Poils & Plumes Ciney,OUT,,TRUE,,,,,,
312,2024-03,Reno-Paints,OUT,15%,TRUE,,,,,,
313,2024-03,Chimsco,OUT,,TRUE,,,,,,
314,2024-03,Oscar,OUT,NEW VDD,TRUE,,,,,,
315,2024-03,Reno-Paints,OUT,15%,TRUE,,,,,,
316,2024-03,Chimsco,OUT,,TRUE,,,,,,
317,2024-03,Oscar,OUT,NEW VDD,TRUE,,,,,,
318,2024-03,,OUT,,,,,,,,
320,2024-03,,OUT,,,,,,,,
321,2024-03,Continentis,OUT,,TRUE,,,,,,
322,2024-03,BLOQUÉ,OUT,BLOQUÉ,,,,,,,
323,2024-03,Clic Solar,OUT,,TRUE,,,,,,
324,2024-03,Continentis,OUT,,TRUE,,,,,,
325,2024-03,Saitta Cycles ,OUT,NEW CC,TRUE,,,,,,
326,2024-03,Saitta Cycles ,OUT,NEW CC,TRUE,,,,,,
327,2024-03,Clic Solar,OUT,,TRUE,,,,,,
328,2024-03,Fermalux,OUT,,TRUE,,,,,,
329,2024-03,Q-outlet,OUT,,TRUE,,,,,,
330,2024-03,DEMA,OUT,Jardin,TRUE,,,,,,
331,2024-03,DEMA,OUT,Jardin,TRUE,,,,,,
332,2024-03,Reno-Paints,OUT,15%,TRUE,,,,,,
333,2024-03,DEMA,OUT,Jardin,TRUE,,,,,,
334,2024-03,BLOQUÉ,OUT,BLOQUÉ,,,,,,,
335,2024-03,Saitta Cycles ,OUT,NEW CC,TRUE,,,,,,
336,2024-03,EASYHOME,OUT,Namur,TRUE,,,,,,
337,2024-03,Reno-Paints,OUT,NEW 15%,TRUE,,,,,,
338,2024-03,Continentis,OUT,,TRUE,,,,,,
339,2024-03,Tonton tapis,OUT,,TRUE,,,,,,
340,2024-03,Reno-Paints,OUT,NEW 15%,FALSE,Manquant,,,,,
341,2024-03,Chimsco,OUT,,TRUE,,,,,,
365,2024-03,Au Stock,OUT,,TRUE,,,,,,
342,2024-03,FIRR,OUT,,TRUE,,,,,,
343,2024-03,Urbaine,OUT,,TRUE,,,,,,
344,2024-03,Maison Gilles,OUT,NEW JEUDI,TRUE,,,,,,
363,2024-03,DPS,OUT,,TRUE,,,,,,
345,2024-03,,OUT,,,,,,,,
346,2024-03,Reno-Paints,OUT,NEW 15%,TRUE,,,,,,
359,2024-03,,OUT,,,,,,,,
360,2024-03,,OUT,,,,,,,,
361,2024-03,Continentis,OUT,,TRUE,,,,,,
,2024-03,,OUT,,,,,,,,
347,2024-03,Reno-Paints,OUT,NEW 15%,FALSE,Erreur face,,,,,
348,2024-03,DPS,OUT,,TRUE,,,,,,
349,2024-03,LMV,OUT,,TRUE,,,,,,
350,2024-03,Chimsco,OUT,,TRUE,,,,,,
351,2024-03,Continentis,OUT,,TRUE,,,,,,
352,2024-03,Watt4U,OUT,,TRUE,,,,,,
353,2024-03,Oscar,OUT,,TRUE,,,,,,
,2024-03,,OUT,,,,,,,,
354,2024-03,Continentis,OUT,,TRUE,,,,,,
355,2024-03,EASYHOME,OUT,Namur,TRUE,,,,,,
356,2024-03,Waterair,OUT,,TRUE,,,,,,
357,2024-03,Reno-Paints,OUT,15%,FALSE,Erreur face,,,,,
,2024-03,,OUT,,,,,,,,
,2024-03,,OUT,,,,,,,,
,2024-03,,OUT,,,,,,,,
,2024-03,,OUT,,,,,,,,
,2024-03,,OUT,,,,,,,,
,2024-03,,OUT,,,,,,,,
401,2024-03,,OUT,,,,,,,,
402,2024-03,Majois,OUT,,TRUE,,,,,,
403,2024-03,Majois,OUT,,TRUE,,,,,,
404,2024-03,,OUT,,,,,,,,
405,2024-03,,OUT,,,,,,,,
406,2024-03,Servipools,OUT,NEW CC,TRUE,,,,,,
407,2024-03,,OUT,,,,,,,,
408,2024-03,,OUT,,,,,,,,
409,2024-03,DEMA,OUT,Jardin,TRUE,,,,,,
415,2024-03,,OUT,,,,,,,,
,2024-03,,OUT,,,,,,,,
,2024-03,,OUT,,,,,,,,
,2024-03,,OUT,,,,,,,,
,2024-03,,OUT,,,,,,,,
,2024-03,,OUT,,,,,,,,
,2024-03,,OUT,,,,,,,,
,2024-03,,OUT,,,,,,,,
,2024-03,,OUT,,,,,,,,
,2024-03,,OUT,,,,,,,,
501,2024-03,DPS,OUT,,TRUE,,,,,,
502,2024-03,LMV,OUT,,TRUE,,,,,,
503,2024-03,,OUT,,,,,,,,
504,2024-03,Continentis,OUT,,TRUE,,,,,,
505,2024-03,,OUT,,,,,,,,
506,2024-03,DPS,OUT,,TRUE,,,,,,
507,2024-03,,OUT,,,,,,,,
508,2024-03,DPS,OUT,,TRUE,,,,,,
509,2024-03,,OUT,,,,,,,,
510,2024-03,DPS,OUT,,TRUE,,,,,,
524,2024-03,LMV,OUT,,TRUE,,,,,,
511,2024-03,,OUT,,,,,,,,
527,2024-03,,OUT,,,,,,,,
512,2024-03,,OUT,,,,,,,,
513,2024-03,Servipools,OUT,NEW CC,TRUE,,,,,,
514,2024-03,Delhaize Lux,OUT,,TRUE,,,,,,
515,2024-03,Delhaize Lux,OUT,,TRUE,,,,,,
517,2024-03,Knauf,OUT,,TRUE,,,,,,
518,2024-03,,OUT,,,,,,,,
519,2024-03,,OUT,,,,,,,,
520,2024-03,,OUT,,,,,,,,
521,2024-03,,OUT,,,,,,,,
522,2024-03,,OUT,,TRUE,,,,,,
525,2024-03,Clic Solar,OUT,,TRUE,,,,,,
526,2024-03,,OUT,,,,,,,,
530,2024-03,Egen pro,OUT,,,,,,,,
,2024-03,,OUT,,,,,,,,
,2024-03,,OUT,,,,,,,,
,2024-03,,OUT,,,,,,,,
,2024-03,,OUT,,,,,,,,
,2024-03,,OUT,,,,,,,,
,2024-03,,OUT,,,,,,,,
,2024-03,,OUT,,,,,,,,
,2024-03,,OUT,,,,,,,,
,2024-03,,OUT,,,,,,,,
,2024-03,,OUT,,,,,,,,
,2024-03,,OUT,,,,,,,,
,2024-04,,IN,,,,,,,,
102,2024-04,Q-outlet,IN,Terrasse,TRUE,,,,,,
,2024-04,,IN,,,,,,,,
104,2024-04,Waterair,IN,NEW,TRUE,,,,,,
105,2024-04,Cap Sciences,IN,NEW,TRUE,,,,,,
106,2024-04,Promo sport,IN,,TRUE,,,,,,
107,2024-04,Promo sport,IN,,TRUE,,,,,,
,2024-04,BLOQUÉ,IN,BLOQUÉ,,,,,,,
109,2024-04,Fermalux,IN,,TRUE,,,,,,
110,2024-04,Majesty Wood,IN,,TRUE,,,,,,
111,2024-04,,IN,,,,,,,,
112,2024-04,Majesty Wood,IN,,TRUE,,,,,,
113,2024-04,Clôtures Leblanc,IN,,TRUE,,,,,,
,2024-04,,IN,,,,,,,,
,2024-04,,IN,,,,,,,,
,2024-04,,IN,,,,,,,,
,2024-04,,IN,,,,,,,,
,2024-04,,IN,,,,,,,,
,2024-04,,IN,,,,,,,,
,2024-04,,IN,,,,,,,,
,2024-04,,IN,,,,,,,,
,2024-04,,IN,,,,,,,,
,2024-04,,IN,,,,,,,,
,2024-04,,IN,,,,,,,,
201,2024-04,Majesty Wood,IN,,TRUE,,,,,,
202,2024-04,Waterair,IN,NEW,TRUE,,,,,,
203,2024-04,,IN,,TRUE,,,,,,
204,2024-04,Fintro Huy,IN,,TRUE,,,,,,
205,2024-04,Fintro Huy,IN,,TRUE,,,,,,
206,2024-04,Fermalux,IN,,TRUE,,,,,,
207,2024-04,Fintro Huy,IN,,TRUE,,,,,,
208,2024-04,Majesty Wood,IN,Bache detachee,TRUE,,,,,,
209,2024-04,Fintro Huy,IN,,FALSE,Erreur face,,,,,
210,2024-04,Waterair,IN,NEW,TRUE,,,,,,
211,2024-04,Meubles Rigaux,IN,idem,TRUE,,,,,,
212,2024-04,,IN,,,,,,,,
213,2024-04,Waterair,IN,NEW,TRUE,,,,,,
214,2024-04,Continentis,IN,,TRUE,,,,,,
215,2024-04,Majesty Wood,IN,,TRUE,,,,,,
216,2024-04,Immo Cube,IN,Evila,TRUE,,,,,,
227,2024-04,Basa.Energie,IN,,TRUE,,,,,,
217,2024-04,Immo Cube,IN,Evila,TRUE,,,,,,
218,2024-04,,IN,,,,,,,,
219,2024-04,,IN,,,,,,,,
220,2024-04,,IN,,,,,,,,
221,2024-04,Continentis,IN,,TRUE,,,,,,
226,2024-04,,IN,,,,,,,,
222,2024-04,,IN,,,,,,,,
224,2024-04,Marneffe Immobilière,IN,,TRUE,,,,,,
225,2024-04,Waterair,IN,News,TRUE,,,,,,
,2024-04,,IN,,,,,,,,
,2024-04,,IN,,,,,,,,
,2024-04,,IN,,,,,,,,
,2024-04,,IN,,,,,,,,
,2024-04,,IN,,,,,,,,
,2024-04,,IN,,,,,,,,
,2024-04,,IN,,,,,,,,
,2024-04,,IN,,,,,,,,
,2024-04,,IN,,,,,,,,
,2024-04,,IN,,,,,,,,
,2024-04,,IN,,,,,,,,
,2024-04,,IN,,,,,,,,
,2024-04,,IN,,,,,,,,
301,2024-04,Saitta Cycles ,IN,autocollant,TRUE,,,,,,
302,2024-04,,IN,autocollant,FALSE,Manquant,,,,,
303,2024-04,Fermalux,IN,,TRUE,,,,,,
304,2024-04,Chimsco,IN,,TRUE,,,,,,
305,2024-04,Solarnest,IN,NEW CC,TRUE,,,,,,
306,2024-04,Ardenne rally,IN,,FALSE,Manquant,,,,,
307,2024-04,Watt4U,IN,,FALSE,Manquant,,,,,
308,2024-04,Piscinat,IN,notoriété,FALSE,Manquant,,,,,
319,2024-04,Chimsco,IN,Chassis,FALSE,Manquant,,,,,
309,2024-04,Piscinat,IN,notoriété,FALSE,Manquant,,,,,
310,2024-04,Clôtures Leblanc,IN,,FALSE,Manquant,,,,,
311,2024-04,DPS,IN,,FALSE,Manquant,,,,,
312,2024-04,Piscinat,IN,notoriété,TRUE,,,,,,
313,2024-04,Au Stock,IN,,FALSE,Manquant,,,,,
314,2024-04,Jardisart,IN,,FALSE,Manquant,,,,,
315,2024-04,Poils & Plumes Dinant,IN,,TRUE,,,,,,
316,2024-04,,IN,,,,,,,,
317,2024-04,Evo bikes,IN,bache 15 avril,TRUE,,,,,,
318,2024-04,Green Robot,IN,,TRUE,,,,,,
320,2024-04,Jardisart,IN,,TRUE,,,,,,
321,2024-04,Fermalux,IN,,TRUE,,,,,,
322,2024-04,Promo sport,IN,,TRUE,,,,,,
323,2024-04,,IN,,,,,,,,
324,2024-04,Continentis,IN,,FALSE,Erreur face,,,,,
325,2024-04,Graines de Vélo,IN,,FALSE,Manquant,,,,,
326,2024-04,Majois,IN,,TRUE,,,,,,
327,2024-04,Continentis,IN,,,,,,,,
328,2024-04,Jardisart,IN,,TRUE,,,,,,
329,2024-04,Graines de Vélo,IN,,TRUE,,,,,,
330,2024-04,DEMA,IN,,TRUE,,,,,,
331,2024-04,Evo bikes,IN,bache 15 avril,TRUE,,,,,,
332,2024-04,Continentis,IN,,FALSE,Manquant,,,,,
333,2024-04,Jardisart,IN,,TRUE,,,,,,
334,2024-04,Q-outlet,IN,,TRUE,,,,,,
335,2024-04,DEMA,IN,,FALSE,Manquant,,,,,
336,2024-04,Piscinat,IN,notoriété,TRUE,,,,,,
337,2024-04,Clôtures Leblanc,IN,,TRUE,,,,,,
338,2024-04,Palate,IN,NEW,TRUE,,,,,,
339,2024-04,Clôtures Leblanc,IN,,TRUE,,,,,,
340,2024-04,Promo sport,IN,,TRUE,,,,,,
341,2024-04,Q-outlet,IN,,TRUE,,,,,,
365,2024-04,DPS,IN,,TRUE,,,,,,
342,2024-04,Palate,IN,NEW,TRUE,,,,,,
343,2024-04,Waterair,IN,NEW,FALSE,Manquant,,,,,
344,2024-04,Urbaine,IN,,TRUE,,,,,,
363,2024-04,DEMA,IN,,FALSE,Manquant,,,,,
345,2024-04,Palate,IN,NEW,TRUE,,,,,,
346,2024-04,,IN,,,,,,,,
359,2024-04,Continentis,IN,,TRUE,,,,,,
360,2024-04,Locadepot,IN,,FALSE,Manquant,,,,,
361,2024-04,,IN,,,,,,,,
,2024-04,,IN,,,,,,,,
347,2024-04,BP Martelange,IN,,TRUE,,,,,,
348,2024-04,Oscar,IN,,TRUE,,,,,,
349,2024-04,DEMA,IN,,FALSE,Manquant,,,,,
350,2024-04,Waterair,IN,NEW,FALSE,Manquant,,,,,
351,2024-04,DEMA,IN,,FALSE,Manquant,,,,,
352,2024-04,Chimsco,IN,,FALSE,Manquant,,,,,
353,2024-04,Majesty Wood,IN,,TRUE,,,,,,
,2024-04,,IN,,,,,,,,
354,2024-04,Q-outlet,IN,,TRUE,,,,,,
355,2024-04,Continentis,IN,,,,,,,,
356,2024-04,Majois free,IN,,,,,,,,
357,2024-04,Waterair,IN,NEW,FALSE,Manquant,,,,,
,2024-04,,IN,,,,,,,,
,2024-04,,IN,,,,,,,,
,2024-04,,IN,,,,,,,,
,2024-04,,IN,,,,,,,,
,2024-04,,IN,,,,,,,,
,2024-04,,IN,,,,,,,,
401,2024-04,Waterair,IN,NEW,TRUE,,,,,,
402,2024-04,Q-outlet,IN,,TRUE,,,,,,
403,2024-04,Promo sport,IN,,TRUE,,,,,,
404,2024-04,,IN,,,,,,,,
405,2024-04,DEMA,IN,,TRUE,,,,,,
406,2024-04,Majois,IN,,TRUE,,,,,,
407,2024-04,,IN,,,,,,,,
408,2024-04,,IN,,FALSE,Manquant,,,,,
409,2024-04,,IN,,,,,,,,
415,2024-04,,IN,,,,,,,,
,2024-04,,IN,,,,,,,,
,2024-04,,IN,,,,,,,,
,2024-04,,IN,,,,,,,,
,2024-04,,IN,,,,,,,,
,2024-04,,IN,,,,,,,,
,2024-04,,IN,,,,,,,,
,2024-04,,IN,,,,,,,,
,2024-04,,IN,,,,,,,,
,2024-04,,IN,,,,,,,,
501,2024-04,Continentis,IN,,FALSE,Manquant,,,,,
502,2024-04,DPS,IN,,FALSE,Manquant,,,,,
503,2024-04,Beim Oscar ,IN,,FALSE,Manquant,,,,,
504,2024-04,,IN,,,,,,,,
505,2024-04,DPS,IN,,FALSE,Manquant,,,,,
506,2024-04,Ardenne rally,IN,,FALSE,Manquant,,,,,
507,2024-04,DPS,IN,,FALSE,Manquant,,,,,
508,2024-04,Continentis,IN,,FALSE,Manquant,,,,,
509,2024-04,,IN,,,,,,,,
510,2024-04,DPS,IN,,FALSE,Manquant,,,,,
524,2024-04,Egen pro,IN,,FALSE,Manquant,,,,,
511,2024-04,Continentis,IN,,FALSE,Manquant,,,,,
527,2024-04,Majesty Wood,IN,,TRUE,,,,,,
512,2024-04,DPS,IN,,FALSE,Manquant,,,,,
513,2024-04,Knauf,IN,,FALSE,Manquant,,,,,
514,2024-04,,IN,,,,,,,,
515,2024-04,Waterair,IN,NEW,FALSE,Manquant,,,,,
517,2024-04,Delhaize Lux,IN,,FALSE,Manquant,,,,,
518,2024-04,,IN,,,,,,,,
519,2024-04,Fermalux,IN,,FALSE,Manquant,,,,,
520,2024-04,Delhaize Lux,IN,,FALSE,Manquant,,,,,
521,2024-04,,IN,,,,,,,,
522,2024-04,,IN,,FALSE,Manquant,,,,,
525,2024-04,Waterair,IN,NEW,FALSE,Manquant,,,,,
526,2024-04,,IN,,,,,,,,
530,2024-04,DPS,IN,,,,,,,,
,2024-04,,IN,,,,,,,,
,2024-04,,IN,,,,,,,,
,2024-04,,IN,,,,,,,,
,2024-04,,IN,,,,,,,,
,2024-04,,IN,,,,,,,,
,2024-04,,IN,,,,,,,,
,2024-04,,IN,,,,,,,,
,2024-04,,IN,,,,,,,,
,2024-04,,IN,,,,,,,,
,2024-04,,IN,,,,,,,,
,2024-04,,IN,,,,,,,,
,2024-04,,OUT,,,,,,,,
102,2024-04,Promo sport,OUT,,TRUE,,,,,,
,2024-04,,OUT,,,,,,,,
104,2024-04,Majesty Wood,OUT,,TRUE,,,,,,
105,2024-04,Promo sport,OUT,,TRUE,,,,,,
106,2024-04,,OUT,,,,,,,,
107,2024-04,Continentis,OUT,,TRUE,,,,,,
,2024-04,BLOQUÉ,OUT,BLOQUÉ,,,,,,,
109,2024-04,,OUT,,,,,,,,
110,2024-04,,OUT,,,,,,,,
111,2024-04,,OUT,,,,,,,,
112,2024-04,Continentis,OUT,,TRUE,,,,,,
113,2024-04,Majois,OUT,,TRUE,,,,,,
,2024-04,,OUT,,,,,,,,
,2024-04,,OUT,,,,,,,,
,2024-04,,OUT,,,,,,,,
,2024-04,,OUT,,,,,,,,
,2024-04,,OUT,,,,,,,,
,2024-04,,OUT,,,,,,,,
,2024-04,,OUT,,,,,,,,
,2024-04,,OUT,,,,,,,,
,2024-04,,OUT,,,,,,,,
,2024-04,,OUT,,,,,,,,
,2024-04,,OUT,,,,,,,,
201,2024-04,Solarnest,OUT,NEW CC,,,,,,,
202,2024-04,Solarnest,OUT,NEW CC,TRUE,,,,,,
203,2024-04,,OUT,,,,,,,,
204,2024-04,,OUT,,,,,,,,
205,2024-04,,OUT,,,,,,,,
206,2024-04,,OUT,,,,,,,,
207,2024-04,,OUT,,,,,,,,
208,2024-04,,OUT,,,,,,,,
209,2024-04,,OUT,,,,,,,,
210,2024-04,Meubles Rigaux,OUT,idem,TRUE,,,,,,
211,2024-04,,OUT,,,,,,,,
212,2024-04,,OUT,,,,,,,,
213,2024-04,,OUT,,,,,,,,
214,2024-04,,OUT,,,,,,,,
215,2024-04,,OUT,,,,,,,,
216,2024-04,,OUT,,,,,,,,
227,2024-04,,OUT,,,,,,,,
217,2024-04,,OUT,,,,,,,,
218,2024-04,,OUT,,,,,,,,
219,2024-04,,OUT,,,,,,,,
220,2024-04,,OUT,,,,,,,,
221,2024-04,,OUT,,,,,,,,
226,2024-04,,OUT,,,,,,,,
222,2024-04,,OUT,,,,,,,,
224,2024-04,,OUT,,,,,,,,
225,2024-04,Oscar,OUT,,TRUE,,,,,,
,2024-04,,OUT,,,,,,,,
,2024-04,,OUT,,,,,,,,
,2024-04,,OUT,,,,,,,,
,2024-04,,OUT,,,,,,,,
,2024-04,,OUT,,,,,,,,
,2024-04,,OUT,,,,,,,,
,2024-04,,OUT,,,,,,,,
,2024-04,,OUT,,,,,,,,
,2024-04,,OUT,,,,,,,,
,2024-04,,OUT,,,,,,,,
,2024-04,,OUT,,,,,,,,
,2024-04,,OUT,,,,,,,,
,2024-04,,OUT,,,,,,,,
301,2024-04,Fintro Huy,OUT,,TRUE,,,,,,
302,2024-04,Fintro Huy,OUT,,TRUE,,,,,,
303,2024-04,Lumarvel,OUT,,TRUE,,,,,,
304,2024-04,Au Stock,OUT,,TRUE,,,,,,
305,2024-04,Evo bikes,OUT,bache 15 avr,TRUE,,,,,,
306,2024-04,Continentis,OUT,,FALSE,Manquant,,,,,
307,2024-04,Chimsco,OUT,,TRUE,,,,,,
308,2024-04,Au Stock,OUT,,FALSE,Manquant,,,,,
319,2024-04,Au Stock,OUT,,FALSE,Manquant,,,,,
309,2024-04,Oscar,OUT,,FALSE,Manquant,,,,,
310,2024-04,Poils & Plumes Ciney,OUT,,FALSE,Manquant,,,,,
311,2024-04,Chimsco,OUT,,FALSE,Manquant,,,,,
312,2024-04,Chimsco,OUT,,TRUE,,,,,,
313,2024-04,Evo bikes,OUT,bache 15 avril,FALSE,Manquant,,,,,
314,2024-04,Oscar,OUT,,FALSE,Manquant,,,,,
315,2024-04,Locadepot,OUT,,TRUE,,,,,,
316,2024-04,Continentis,OUT,,FALSE,Manquant,,,,,
317,2024-04,Locadepot,OUT,,TRUE,,,,,,
318,2024-04,,OUT,,,,,,,,
320,2024-04,Watt4U,OUT,,TRUE,,,,,,
321,2024-04,Saitta Cycles ,OUT,Autocollant,TRUE,,,,,,
322,2024-04,BLOQUÉ,OUT,BLOQUÉ,,,,,,,
323,2024-04,,OUT,,,,,,,,
324,2024-04,,OUT,,,,,,,,
325,2024-04,DEMA,OUT,,FALSE,Manquant,,,,,
326,2024-04,Saitta Cycles ,OUT,Autocollant,TRUE,,,,,,
327,2024-04,Green Robot,OUT,,FALSE,Manquant,,,,,
328,2024-04,,OUT,,,,,,,,
329,2024-04,Q-outlet,OUT,,TRUE,,,,,,
330,2024-04,Tonton tapis,OUT,,TRUE,,,,,,
331,2024-04,Pessleux,OUT,,TRUE,,,,,,
332,2024-04,Saitta Cycles ,OUT,Autocollant,TRUE,,,,,,
333,2024-04,Waterair,OUT,NEW,TRUE,,,,,,
334,2024-04,BLOQUÉ,OUT,BLOQUÉ,,,,,,,
335,2024-04,,OUT,,FALSE,Manquant,,,,,
336,2024-04,Clôtures Leblanc,OUT,,TRUE,,,,,,
337,2024-04,Evo bikes,OUT,bache 15 avril,TRUE,,,,,,
338,2024-04,DEMA,OUT,,TRUE,,,,,,
339,2024-04,Waterair,OUT,,TRUE,,,,,,
340,2024-04,,OUT,,FALSE,Manquant,,,,,
341,2024-04,Ardenne Rally,OUT,,TRUE,,,,,,
365,2024-04,Saitta Cycles ,OUT,Autocollant,FALSE,Manquant,,,,,
342,2024-04,Chimsco,OUT,Chassis,TRUE,,,,,,
343,2024-04,Maison Gilles,OUT,,FALSE,Manquant,,,,,
344,2024-04,Optic & vous,OUT,,TRUE,,,,,,
363,2024-04,DPS,OUT,,FALSE,Manquant,,,,,
345,2024-04,Majois,OUT,,TRUE,,,,,,
346,2024-04,Aveve Mettet,OUT,notoriéte,TRUE,,,,,,
359,2024-04,,OUT,,FALSE,Manquant,,,,,
360,2024-04,,OUT,,,,,,,,
361,2024-04,,OUT,,,,,,,,
,2024-04,DEMA,OUT,,FALSE,Manquant,,,,,
347,2024-04,Waterair,OUT,NEW,FALSE,Manquant,,,,,
348,2024-04,Evo bikes,OUT,bache 15 avril,FALSE,Manquant,,,,,
349,2024-04,,OUT,,,,,,,,
350,2024-04,Poils & Plumes Rochefort,OUT,,FALSE,Manquant,,,,,
351,2024-04,,OUT,,,,,,,,
352,2024-04,Waterair,OUT,NEW,FALSE,Manquant,,,,,
353,2024-04,Evo bikes,OUT,NEW CC,FALSE,Manquant,,,,,
,2024-04,,OUT,,,,,,,,
354,2024-04,,OUT,,,,,,,,
355,2024-04,,OUT,,,,,,,,
356,2024-04,,OUT,,,,,,,,
357,2024-04,Chimsco,OUT,,FALSE,Manquant,,,,,
,2024-04,,OUT,,,,,,,,
,2024-04,,OUT,,,,,,,,
,2024-04,,OUT,,,,,,,,
,2024-04,,OUT,,,,,,,,
,2024-04,,OUT,,,,,,,,
,2024-04,,OUT,,,,,,,,
401,2024-04,Continentis,OUT,,,,,,,,
402,2024-04,,OUT,,,,,,,,
403,2024-04,,OUT,,,,,,,,
404,2024-04,Clôtures Leblanc,OUT,,FALSE,Erreur face,,,,,
405,2024-04,,OUT,,,,,,,,
406,2024-04,,OUT,,,,,,,,
407,2024-04,,OUT,,,,,,,,
408,2024-04,,OUT,,,,,,,,
409,2024-04,,OUT,,,,,,,,
415,2024-04,,OUT,,,,,,,,
,2024-04,,OUT,,,,,,,,
,2024-04,,OUT,,,,,,,,
,2024-04,,OUT,,,,,,,,
,2024-04,,OUT,,,,,,,,
,2024-04,,OUT,,,,,,,,
,2024-04,,OUT,,,,,,,,
,2024-04,,OUT,,,,,,,,
,2024-04,,OUT,,,,,,,,
,2024-04,,OUT,,,,,,,,
501,2024-04,DPS,OUT,,FALSE,Manquant,,,,,
502,2024-04,,OUT,,,,,,,,
503,2024-04,,OUT,,,,,,,,
504,2024-04,,OUT,,,,,,,,
505,2024-04,,OUT,,,,,,,,
506,2024-04,DPS,OUT,,FALSE,Manquant,,,,,
507,2024-04,,OUT,,,,,,,,
508,2024-04,DPS,OUT,,FALSE,Manquant,,,,,
509,2024-04,,OUT,,,,,,,,
510,2024-04,DPS,OUT,,FALSE,Manquant,,,,,
524,2024-04,,OUT,,,,,,,,
511,2024-04,,OUT,,,,,,,,
527,2024-04,,OUT,,,,,,,,
512,2024-04,,OUT,,,,,,,,
513,2024-04,,OUT,,,,,,,,
514,2024-04,Delhaize Lux,OUT,,FALSE,Manquant,,,,,
515,2024-04,Delhaize Lux,OUT,,FALSE,Manquant,,,,,
517,2024-04,Knauf,OUT,,FALSE,Manquant,,,,,
518,2024-04,,OUT,,,,,,,,
519,2024-04,,OUT,,,,,,,,
520,2024-04,,OUT,,,,,,,,
521,2024-04,,OUT,,,,,,,,
522,2024-04,,OUT,,,,,,,,
525,2024-04,,OUT,,FALSE,Manquant,,,,,
526,2024-04,,OUT,,,,,,,,
530,2024-04,Egen pro,OUT,,,,,,,,
,2024-04,,OUT,,,,,,,,
,2024-04,,OUT,,,,,,,,
,2024-04,,OUT,,,,,,,,
,2024-04,,OUT,,,,,,,,
,2024-04,,OUT,,,,,,,,
,2024-04,,OUT,,,,,,,,
,2024-04,,OUT,,,,,,,,
,2024-04,,OUT,,,,,,,,
,2024-04,,OUT,,,,,,,,
,2024-04,,OUT,,,,,,,,
,2024-04,,OUT,,,,,,,,
,2024-05,,IN,,,,,,,,
102,2024-05,Brainbox,IN,manque 2BW,TRUE,,,,,,
,2024-05,,IN,,,,,,,,
104,2024-05,Brainbox,IN,,TRUE,,,,,,
105,2024-05,DEMA,IN,NEW,TRUE,,,,,,
106,2024-05,Q-outlet,IN,terrasse,TRUE,,,,,,
107,2024-05,Brainbox,IN,,TRUE,,,,,,
,2024-05,Kids and us Gembloux,IN,PROBLEME,FALSE,,,,,,
109,2024-05,Brainbox,IN,,TRUE,,,,,,
110,2024-05,Waterair,IN,,TRUE,,,,,,
111,2024-05,Majesty Wood,IN,,TRUE,,,,,,
112,2024-05,Q-outlet,IN,terrasse,TRUE,,,,,,
113,2024-05,Graines de Vélo,IN,,TRUE,,,,,,
,2024-05,,IN,,,,,,,,
,2024-05,,IN,,,,,,,,
,2024-05,,IN,,,,,,,,
,2024-05,,IN,,,,,,,,
,2024-05,,IN,,,,,,,,
,2024-05,,IN,,,,,,,,
,2024-05,,IN,,,,,,,,
,2024-05,,IN,,,,,,,,
,2024-05,,IN,,,,,,,,
,2024-05,,IN,,,,,,,,
,2024-05,,IN,,,,,,,,
201,2024-05,Q-outlet,IN,terrasse,TRUE,,,,,,
202,2024-05,Brainbox,IN,,TRUE,,,,,,
203,2024-05,Brainbox,IN,,TRUE,,,,,,
204,2024-05,Waterair,IN,,TRUE,,,,,,
205,2024-05,,IN,,,,,,,,
206,2024-05,Majesty Wood,IN,,TRUE,,,,,,
207,2024-05,Fermalux,IN,,TRUE,,,,,,
208,2024-05,Brainbox,IN,,TRUE,,,,,,
209,2024-05,JM Karting ,IN,,TRUE,,,,,,
210,2024-05,Meubles Rigaux,IN,NEW,TRUE,,,,,,
211,2024-05,Brainbox,IN,,TRUE,,,,,,
212,2024-05,Spa Italia,IN,New ,TRUE,,,,,,
213,2024-05,Brainbox,IN,,TRUE,,,,,,
214,2024-05,JM Karting ,IN,,TRUE,,,,,,
215,2024-05,Immo Cube,IN,Evila,TRUE,,,,,,
216,2024-05,Brainbox,IN,,TRUE,,,,,,
227,2024-05,Immo Cube,IN,Notoriété,TRUE,,,,,,
217,2024-05,Immo Cube,IN,Evila,TRUE,,,,,,
218,2024-05,GE Horses Construction,IN,New+autoDE,TRUE,,,,,,
219,2024-05,Brainbox,IN,,TRUE,,,,,,
220,2024-05,,IN,,,,,,,,
221,2024-05,Continentis,IN,,TRUE,,,,,,
226,2024-05,Engagés Liège,IN,New ,TRUE,,,,,,
222,2024-05,Brainbox,IN,,TRUE,,,,,,
224,2024-05,Engagés Liège,IN,New ,TRUE,,,,,,
225,2024-05,DEMA,IN,NEW,TRUE,,,,,,
,2024-05,,IN,,,,,,,,
,2024-05,,IN,,,,,,,,
,2024-05,,IN,,,,,,,,
,2024-05,,IN,,,,,,,,
,2024-05,,IN,,,,,,,,
,2024-05,,IN,,,,,,,,
,2024-05,,IN,,,,,,,,
,2024-05,,IN,,,,,,,,
,2024-05,,IN,,,,,,,,
,2024-05,,IN,,,,,,,,
,2024-05,,IN,,,,,,,,
,2024-05,,IN,,,,,,,,
,2024-05,,IN,,,,,,,,
301,2024-05,Majois,IN,,TRUE,,,,,,
302,2024-05,Lumarvel,IN,,TRUE,,,,,,
303,2024-05,,IN,,,,,,,,
304,2024-05,Chimsco,IN,,TRUE,,,,,,
305,2024-05,Engagés,IN,New,TRUE,,,,,,
306,2024-05,Barbiére Immo ,IN,,TRUE,,,,,,
307,2024-05,Piscinat,IN,,TRUE,,,,,,
308,2024-05,Chimsco,IN,,TRUE,,,,,,
319,2024-05,Piscinat,IN,,TRUE,,,,,,
309,2024-05,Poils & Plumes Ciney,IN,,TRUE,,,,,,
310,2024-05,Brainbox,IN,,TRUE,,,,,,
311,2024-05,Piscinat,IN,,TRUE,,,,,,
312,2024-05,Waterair,IN,,TRUE,,,,,,
313,2024-05,Chimsco,IN,,TRUE,,,,,,
314,2024-05,Clôtures Leblanc,IN,,TRUE,,,,,,
315,2024-05,Oscar,IN,,TRUE,,,,,,
316,2024-05,Engagés,IN,New CC,TRUE,,,,,,
317,2024-05,Mr Bricolage,IN,,TRUE,,,,,,
318,2024-05,Saitta Cycles ,IN,,TRUE,,,,,,
320,2024-05,Waterair,IN,,TRUE,,,,,,
321,2024-05,Clôtures Leblanc,IN,,TRUE,,,,,,
322,2024-05,Graines de Vélo,IN,,TRUE,,,,,,
323,2024-05,Fermalux,IN,,TRUE,,,,,,
324,2024-05,Kids and us Gembloux,IN,,TRUE,,,,,,
325,2024-05,Majois,IN,,TRUE,,,,,,
326,2024-05,Green Robot,IN,,TRUE,,,,,,
327,2024-05,Palate,IN,,TRUE,,,,,,
328,2024-05,Green Robot,IN,,TRUE,,,,,,
329,2024-05,DEMA,IN,NEW,TRUE,,,,,,
330,2024-05,Green Robot,IN,,TRUE,,,,,,
331,2024-05,Jardisart,IN,,TRUE,,,,,,
332,2024-05,Palate,IN,,TRUE,,,,,,
333,2024-05,Clôtures Leblanc,IN,,TRUE,,,,,,
334,2024-05,Jardisart,IN,,TRUE,,,,,,
335,2024-05,Waterair,IN,,TRUE,,,,,,
336,2024-05,Continentis,IN,,TRUE,,,,,,
337,2024-05,Fermalux,IN,,TRUE,,,,,,
338,2024-05,Saitta Cycles ,IN,,TRUE,,,,,,
339,2024-05,Engagés,IN,New ,TRUE,,,,,,
340,2024-05,Piscinat,IN,,TRUE,,,,,,
341,2024-05,Brainbox,IN,,TRUE,,,,,,
365,2024-05,DPS,IN,,TRUE,,,,,,
342,2024-05,Maison Gilles,IN,,TRUE,,,,,,
343,2024-05,Q-outlet,IN,terrasse,TRUE,,,,,,
344,2024-05,Palate,IN,,TRUE,,,,,,
363,2024-05,Clôtures Leblanc,IN,,TRUE,,,,,,
345,2024-05,Palate,IN,,TRUE,,,,,,
346,2024-05,Jardisart,IN,,TRUE,,,,,,
359,2024-05,JM Karting ,IN,,TRUE,,,,,,
360,2024-05,DEMA,IN,NEW,TRUE,,,,,,
361,2024-05,Continentis,IN,,TRUE,,,,,,
,2024-05,Engagés,IN,new ,TRUE,,,,,,
347,2024-05,BP Martelange,IN,,TRUE,,,,,,
348,2024-05,Continentis,IN,,TRUE,,,,,,
349,2024-05,,IN,,,,,,,,
350,2024-05,DEMA,IN,NEW,TRUE,,,,,,
351,2024-05,Locadepot BOX,IN,,TRUE,,,,,,
352,2024-05,Brainbox,IN,,TRUE,,,,,,
353,2024-05,Poils & Plumes Rochefort,IN,,TRUE,,,,,,
,2024-05,,IN,,,,,,,,
354,2024-05,Engagés,IN,New ,FALSE,,,,,,
355,2024-05,Clôtures Leblanc,IN,,TRUE,,,,,,
356,2024-05,JM Karting ,IN,,TRUE,,,,,,
357,2024-05,DEMA,IN,NEW,TRUE,,,,,,
,2024-05,,IN,,,,,,,,
,2024-05,,IN,,,,,,,,
,2024-05,,IN,,,,,,,,
,2024-05,,IN,,,,,,,,
,2024-05,,IN,,,,,,,,
,2024-05,,IN,,,,,,,,
401,2024-05,Majois,IN,,TRUE,,,,,,
402,2024-05,Waterair,IN,IN,TRUE,,,,,,
403,2024-05,JM Karting ,IN,,TRUE,,,,,,
404,2024-05,Q-outlet,IN,terrasse,TRUE,,,,,,
405,2024-05,Waterair,IN,,TRUE,,,,,,
406,2024-05,DEMA,IN,NEW,TRUE,,,,,,
407,2024-05,DEMA,IN,NEW,TRUE,,,,,,
408,2024-05,DEMA,IN,NEW,TRUE,,,,,,
409,2024-05,Continentis,IN,,TRUE,,,,,,
415,2024-05,,IN,,,,,,,,
,2024-05,,IN,,,,,,,,
,2024-05,,IN,,,,,,,,
,2024-05,,IN,,,,,,,,
,2024-05,,IN,,,,,,,,
,2024-05,,IN,,,,,,,,
,2024-05,,IN,,,,,,,,
,2024-05,,IN,,,,,,,,
,2024-05,,IN,,,,,,,,
,2024-05,,IN,,,,,,,,
501,2024-05,,IN,,,,,,,,
502,2024-05,DPS,IN,,TRUE,,,,,,
503,2024-05,Beim Oscar ,IN,,TRUE,,,,,,
504,2024-05,Brainbox,IN,,TRUE,,,,,,
505,2024-05,DPS,IN,,TRUE,,,,,,
506,2024-05,Majesty Wood,IN,,TRUE,,,,,,
507,2024-05,DPS,IN,,TRUE,,,,,,
508,2024-05,,IN,,,,,,,,
509,2024-05,Brainbox,IN,,TRUE,,,,,,
510,2024-05,DPS,IN,,TRUE,,,,,,
524,2024-05,LifeGreen,IN,,TRUE,,,,,,
511,2024-05,Waterair,IN,NEW,TRUE,,,,,,
527,2024-05,Continentis,IN,,TRUE,,,,,,
512,2024-05,DPS,IN,,TRUE,,,,,,
513,2024-05,Knauf,IN,,TRUE,,,,,,
514,2024-05,8h Moto,IN,,TRUE,,,,,,
515,2024-05,Waterair,IN,NEW GILPRO,TRUE,,,,,,
517,2024-05,Delhaize Lux,IN,,TRUE,,,,,,
518,2024-05,Continentis,IN,,TRUE,,,,,,
519,2024-05,,IN,,,,,,,,
520,2024-05,Delhaize Lux,IN,,TRUE,,,,,,
521,2024-05,,IN,,,,,,,,
522,2024-05,,IN,,TRUE,,,,,,
525,2024-05,Majesty Wood,IN,,TRUE,,,,,,
526,2024-05,,IN,,,,,,,,
530,2024-05,DPS,IN,,,,,,,,
,2024-05,,IN,,,,,,,,
,2024-05,,IN,,,,,,,,
,2024-05,,IN,,,,,,,,
,2024-05,,IN,,,,,,,,
,2024-05,,IN,,,,,,,,
,2024-05,,IN,,,,,,,,
,2024-05,,IN,,,,,,,,
,2024-05,,IN,,,,,,,,
,2024-05,,IN,,,,,,,,
,2024-05,,IN,,,,,,,,
,2024-05,,IN,,,,,,,,
,2024-05,,OUT,,,,,,,,
102,2024-05,DEMA,OUT,NEW,TRUE,,,,,,
,2024-05,,OUT,,,,,,,,
104,2024-05,Fermalux,OUT,,TRUE,,,,,,
105,2024-05,Cap Sciences,OUT,,TRUE,,,,,,
106,2024-05,Mur-Mur,OUT,NEW,TRUE,,,,,,
107,2024-05,JM Karting ,OUT,,TRUE,,,,,,
,2024-05,,OUT,,,,,,,,
109,2024-05,Majesty Wood,OUT,,TRUE,,,,,,
110,2024-05,Q-outlet,OUT,terrasse,TRUE,,,,,,
111,2024-05,Continentis,OUT,,TRUE,,,,,,
112,2024-05,8h Moto,OUT,New ,TRUE,,,,,,
113,2024-05,8h Moto,OUT,New ,TRUE,,,,,,
,2024-05,,OUT,,,,,,,,
,2024-05,,OUT,,,,,,,,
,2024-05,,OUT,,,,,,,,
,2024-05,,OUT,,,,,,,,
,2024-05,,OUT,,,,,,,,
,2024-05,,OUT,,,,,,,,
,2024-05,,OUT,,,,,,,,
,2024-05,,OUT,,,,,,,,
,2024-05,,OUT,,,,,,,,
,2024-05,,OUT,,,,,,,,
,2024-05,,OUT,,,,,,,,
201,2024-05,Marneffe Immobilière,OUT,,TRUE,,,,,,
202,2024-05,Majesty Wood,OUT,,TRUE,,,,,,
203,2024-05,Engagés Liège,OUT,New ,TRUE,,,,,,
204,2024-05,Engagés Liège,OUT,New ,TRUE,,,,,,
205,2024-05,,OUT,,,,,,,,
206,2024-05,,OUT,,,,,,,,
207,2024-05,Continentis,OUT,,TRUE,,,,,,
208,2024-05,Engagés Liège,OUT,New,TRUE,,,,,,
209,2024-05,Engagés Liège,OUT,New ,TRUE,,,,,,
210,2024-05,8h Moto,OUT,,TRUE,,,,,,
211,2024-05,,OUT,,,,,,,,
212,2024-05,Engagés Liège,OUT,,TRUE,,,,,,
213,2024-05,Continentis,OUT,,TRUE,,,,,,
214,2024-05,,OUT,,,,,,,,
215,2024-05,Engagés Liège,OUT,New ,TRUE,,,,,,
216,2024-05,Engagés Liège,OUT,New ,TRUE,,,,,,
227,2024-05,JM Karting ,OUT,,TRUE,,,,,,
217,2024-05,Brainbox,OUT,,TRUE,,,,,,
218,2024-05,,OUT,,,,,,,,
219,2024-05,Engagés Liège,OUT,New ,TRUE,,,,,,
220,2024-05,,OUT,,,,,,,,
221,2024-05,,OUT,,,,,,,,
226,2024-05,,OUT,,,,,,,,
222,2024-05,Spa Italia,OUT,New ,TRUE,,,,,,
224,2024-05,,OUT,,,,,,,,
225,2024-05,Brainbox,OUT,,TRUE,,,,,,
,2024-05,,OUT,,,,,,,,
,2024-05,,OUT,,,,,,,,
,2024-05,,OUT,,,,,,,,
,2024-05,,OUT,,,,,,,,
,2024-05,,OUT,,,,,,,,
,2024-05,,OUT,,,,,,,,
,2024-05,,OUT,,,,,,,,
,2024-05,,OUT,,,,,,,,
,2024-05,,OUT,,,,,,,,
,2024-05,,OUT,,,,,,,,
,2024-05,,OUT,,,,,,,,
,2024-05,,OUT,,,,,,,,
,2024-05,,OUT,,,,,,,,
301,2024-05,Engagés,OUT,,TRUE,,,,,,
302,2024-05,,OUT,,,,,,,,
303,2024-05,Engagés,OUT,New ,TRUE,,,,,,
304,2024-05,Locadepot BOX,OUT,,TRUE,,,,,,
305,2024-05,Continentis,OUT,,TRUE,,,,,,
306,2024-05,Engagés,OUT,new ,TRUE,,,,,,
307,2024-05,Engagés,OUT,new ,TRUE,,,,,,
308,2024-05,Au Stock,OUT,,TRUE,,,,,,
319,2024-05,Mr Bricolage,OUT,,TRUE,,,,,,
309,2024-05,Chimsco,OUT,,TRUE,,,,,,
310,2024-05,Au Stock,OUT,,TRUE,,,,,,
311,2024-05,Mr Bricolage,OUT,,TRUE,,,,,,
312,2024-05,Au Stock,OUT,,TRUE,,,,,,
313,2024-05,Engagés,OUT,New CC,TRUE,,,,,,
314,2024-05,Mr Bricolage,OUT,,TRUE,,,,,,
315,2024-05,Tonton tapis,OUT,,TRUE,,,,,,
316,2024-05,Mr Bricolage,OUT,,TRUE,,,,,,
317,2024-05,Poils & Plumes Dinant,OUT,,TRUE,,,,,,
318,2024-05,Continentis,OUT,,TRUE,,,,,,
320,2024-05,Majesty Wood,OUT,,TRUE,,,,,,
321,2024-05,Engagés,OUT,New ,TRUE,,,,,,
322,2024-05,BLOQUÉ,OUT,BLOQUÉ,TRUE,,,,,,
323,2024-05,,OUT,,,,,,,,
324,2024-05,Continentis,OUT,,TRUE,,,,,,
325,2024-05,Waterair,OUT,,TRUE,,,,,,
326,2024-05,,OUT,,,,,,,,
327,2024-05,Clôtures Leblanc,OUT,,TRUE,,,,,,
328,2024-05,Continentis,OUT,,TRUE,,,,,,
329,2024-05,Mur-Mur,OUT,New ,TRUE,,,,,,
330,2024-05,Engagés,OUT,New,TRUE,,,,,,
331,2024-05,Waterair,OUT,,TRUE,,,,,,
332,2024-05,,OUT,,,,,,,,
333,2024-05,DEMA,OUT,NEW,TRUE,,,,,,
334,2024-05,BLOQUÉ,OUT,BLOQUÉ,TRUE,,,,,,
335,2024-05,Saitta Cycles ,OUT,,TRUE,,,,,,
336,2024-05,Locadepot,OUT,,TRUE,,,,,,
337,2024-05,Pessleux,OUT,,TRUE,,,,,,
338,2024-05,Waterair,OUT,,TRUE,,,,,,
339,2024-05,,OUT,,,,,,,,
340,2024-05,Chimsco,OUT,,TRUE,,,,,,
341,2024-05,Chimsco,OUT,,TRUE,,,,,,
365,2024-05,Engagés,OUT,New ,TRUE,,,,,,
342,2024-05,,OUT,,,,,,,,
343,2024-05,Continentis,OUT,,TRUE,,,,,,
344,2024-05,Waterair,OUT,,TRUE,,,,,,
363,2024-05,DPS,OUT,,TRUE,,,,,,
345,2024-05,Engagés,OUT,New ,TRUE,,,,,,
346,2024-05,8h Moto,OUT,New ,TRUE,,,,,,
359,2024-05,Locadepot,OUT,,TRUE,,,,,,
360,2024-05,Engagés,OUT,New ,TRUE,,,,,,
361,2024-05,,OUT,,,,,,,,
,2024-05,Waterair,OUT,,,,,,,,
347,2024-05,Chimsco,OUT,,TRUE,,,,,,
348,2024-05,DEMA,OUT,NEW,TRUE,,,,,,
349,2024-05,,OUT,,,,,,,,
350,2024-05,,OUT,,,,,,,,
351,2024-05,,OUT,,,,,,,,
352,2024-05,Engagés,OUT,New ,TRUE,,,,,,
353,2024-05,DEMA,OUT,NEW,TRUE,,,,,,
,2024-05,,OUT,,,,,,,,
354,2024-05,Majois,OUT,,TRUE,,,,,,
355,2024-05,,OUT,,,,,,,,
356,2024-05,Engagés,OUT,New ,TRUE,,,,,,
357,2024-05,Au Stock,OUT,,TRUE,,,,,,
,2024-05,,OUT,,,,,,,,
,2024-05,,OUT,,,,,,,,
,2024-05,,OUT,,,,,,,,
,2024-05,,OUT,,,,,,,,
,2024-05,,OUT,,,,,,,,
,2024-05,,OUT,,,,,,,,
401,2024-05,,OUT,,,,,,,,
402,2024-05,,OUT,,,,,,,,
403,2024-05,,OUT,,,,,,,,
404,2024-05,Spa Italia,OUT,New ,TRUE,,,,,,
405,2024-05,,OUT,,,,,,,,
406,2024-05,,OUT,,,,,,,,
407,2024-05,8h Moto,OUT,New ,TRUE,,,,,,
408,2024-05,JM Karting ,OUT,,TRUE,,,,,,
409,2024-05,DEMA,OUT,NEW,TRUE,,,,,,
415,2024-05,,OUT,,,,,,,,
,2024-05,,OUT,,,,,,,,
,2024-05,,OUT,,,,,,,,
,2024-05,,OUT,,,,,,,,
,2024-05,,OUT,,,,,,,,
,2024-05,,OUT,,,,,,,,
,2024-05,,OUT,,,,,,,,
,2024-05,,OUT,,,,,,,,
,2024-05,,OUT,,,,,,,,
,2024-05,,OUT,,,,,,,,
501,2024-05,DPS,OUT,,TRUE,,,,,,
502,2024-05,,OUT,,,,,,,,
503,2024-05,,OUT,,,,,,,,
504,2024-05,,OUT,,,,,,,,
505,2024-05,,OUT,,,,,,,,
506,2024-05,DPS,OUT,,TRUE,,,,,,
507,2024-05,,OUT,,,,,,,,
508,2024-05,DPS,OUT,,TRUE,,,,,,
509,2024-05,,OUT,,,,,,,,
510,2024-05,DPS,OUT,,TRUE,,,,,,
524,2024-05,,OUT,,,,,,,,
511,2024-05,,OUT,,,,,,,,
527,2024-05,,OUT,,,,,,,,
512,2024-05,,OUT,,,,,,,,
513,2024-05,,OUT,,,,,,,,
514,2024-05,Delhaize Lux,OUT,,TRUE,,,,,,
515,2024-05,Delhaize Lux,OUT,,TRUE,,,,,,
517,2024-05,Knauf,OUT,,TRUE,,,,,,
518,2024-05,,OUT,,,,,,,,
519,2024-05,,OUT,,,,,,,,
520,2024-05,Fermalux,OUT,,TRUE,,,,,,
521,2024-05,,OUT,,,,,,,,
522,2024-05,,OUT,,,,,,,,
525,2024-05,,OUT,,,,,,,,
526,2024-05,,OUT,,,,,,,,
530,2024-05,,OUT,,,,,,,,
,2024-05,,OUT,,,,,,,,
,2024-05,,OUT,,,,,,,,
,2024-05,,OUT,,,,,,,,
,2024-05,,OUT,,,,,,,,
,2024-05,,OUT,,,,,,,,
,2024-05,,OUT,,,,,,,,
,2024-05,,OUT,,,,,,,,
,2024-05,,OUT,,,,,,,,
,2024-05,,OUT,,,,,,,,
,2024-05,,OUT,,,,,,,,
,2024-05,,OUT,,,,,,,,
,2024-06,,IN,,,,,,,,
102,2024-06,Promo sport,IN,,TRUE,,,,,,
,2024-06,,IN,,,,,,,,
104,2024-06,CLL- langues,IN,,TRUE,,,,,,
105,2024-06,Mur-Mur,IN,,TRUE,,,,,,
106,2024-06,Promo sport,IN,,TRUE,,,,,,
107,2024-06,CLL- langues,IN,,TRUE,,,,,,
,2024-06,BLOQUÉ,IN,,,,,,,,
109,2024-06,Continentis,IN,Maison,TRUE,,,,,,
110,2024-06,Continentis,IN,Maison,TRUE,,,,,,
111,2024-06,CLL- langues,IN,,TRUE,,,,,,
112,2024-06,Fermalux,IN,,TRUE,,,,,,
113,2024-06,Green Robot,IN,,TRUE,,,,,,
,2024-06,,IN,,,,,,,,
,2024-06,,IN,,,,,,,,
,2024-06,,IN,,,,,,,,
,2024-06,,IN,,,,,,,,
,2024-06,,IN,,,,,,,,
,2024-06,,IN,,,,,,,,
,2024-06,,IN,,,,,,,,
,2024-06,,IN,,,,,,,,
,2024-06,,IN,,,,,,,,
,2024-06,,IN,,,,,,,,
,2024-06,,IN,,,,,,,,
201,2024-06,Solarnest,IN,,TRUE,,,,,,
202,2024-06,Immo Cube,IN,,FALSE,Manquant,,,,,
203,2024-06,Fintro Huy,IN,,TRUE,,,,,,
204,2024-06,Continentis,IN,Maison,TRUE,,,,,,
205,2024-06,,IN,,,,,,,,
206,2024-06,Continentis,IN,Bureau,TRUE,,,,,,
207,2024-06,Fintro Huy,IN,,TRUE,,,,,,
208,2024-06,Fintro Huy,IN,,TRUE,,,,,,
209,2024-06,Fermalux,IN,,TRUE,,,,,,
210,2024-06,Meubles Rigaux,IN,,TRUE,,,,,,
211,2024-06,Meubles Rigaux,IN,,TRUE,,,,,,
212,2024-06,Spa Asia,IN,,TRUE,,,,,,
213,2024-06,Continentis,IN,Maison,TRUE,,,,,,
214,2024-06,,IN,,,,,,,,
215,2024-06,Marneffe Immobilière,IN,,TRUE,,,,,,
216,2024-06,Immo Cube,IN,Evila,TRUE,,,,,,
227,2024-06,Immo Cube,IN,Notoriété,TRUE,,,,,,
217,2024-06,Immo Cube,IN,Evila,TRUE,,,,,,
218,2024-06,,IN,,,,,,,,
219,2024-06,24h de Spa ,IN,NEW,TRUE,,,,,,
220,2024-06,,IN,,,,,,,,
221,2024-06,Continentis,IN,Maison,TRUE,,,,,,
226,2024-06,,IN,,,,,,,,
222,2024-06,Spa Asia,IN,,TRUE,,,,,,
224,2024-06,GE Horses Construction,IN,,TRUE,,,,,,
225,2024-06,,IN,,,,,,,,
,2024-06,,IN,,,,,,,,
,2024-06,,IN,,,,,,,,
,2024-06,,IN,,,,,,,,
,2024-06,,IN,,,,,,,,
,2024-06,,IN,,,,,,,,
,2024-06,,IN,,,,,,,,
,2024-06,,IN,,,,,,,,
,2024-06,,IN,,,,,,,,
,2024-06,,IN,,,,,,,,
,2024-06,,IN,,,,,,,,
,2024-06,,IN,,,,,,,,
,2024-06,,IN,,,,,,,,
,2024-06,,IN,,,,,,,,
301,2024-06,Saitta Cycles ,IN,,TRUE,,,,,,
302,2024-06,,IN,,,,,,,,
303,2024-06,Fintro Ciney,IN,,TRUE,,,,,,
304,2024-06,Fintro Huy,IN,,TRUE,,,,,,
305,2024-06,Fintro Huy,IN,,TRUE,,,,,,
306,2024-06,Mr Bricolage,IN,,TRUE,,,,,,
307,2024-06,Clôtures Leblanc,IN,,TRUE,,,,,,
308,2024-06,Poils & Plumes Ciney,IN,,TRUE,,,,,,
319,2024-06,Oscar,IN,,TRUE,,,,,,
309,2024-06,Fintro Ciney,IN,,TRUE,,,,,,
310,2024-06,Mr Bricolage,IN,,TRUE,,,,,,
311,2024-06,Au Stock,IN,,TRUE,,,,,,
312,2024-06,Fintro Ciney,IN,,TRUE,,,,,,
313,2024-06,Oscar,IN,,,,,,,,
314,2024-06,Q-outlet,IN,terrasse,TRUE,,,,,,
315,2024-06,Mr Bricolage,IN,,TRUE,,,,,,
316,2024-06,Poils & Plumes Dinant,IN,NEW,TRUE,,,,,,
317,2024-06,Poils & Plumes Dinant,IN,NEW,TRUE,,,,,,
318,2024-06,Continentis,IN,Maison,TRUE,,,,,,
320,2024-06,Fermalux,IN,,TRUE,,,,,,
321,2024-06,Majois,IN,,TRUE,,,,,,
322,2024-06,Promo sport,IN,,TRUE,,,,,,
323,2024-06,Continentis,IN,Maison,TRUE,,,,,,
324,2024-06,Green Robot,IN,,TRUE,,,,,,
325,2024-06,Kids and us Gembloux,IN,,FALSE,Erreur emplacement,,,,,
326,2024-06,,IN,,,,,,,,
327,2024-06,Athénée Gembloux ,IN,New,TRUE,,,,,,
328,2024-06,Athénée Gembloux ,IN,New,TRUE,,,,,,
329,2024-06,Kids and us Gembloux,IN,,TRUE,,,,,,
330,2024-06,Continentis,IN,Maison,TRUE,,,,,,
331,2024-06,Clôtures Leblanc,IN,,TRUE,,,,,,
332,2024-06,Fermalux,IN,,TRUE,,,,,,
333,2024-06,Continentis,IN,Maison,TRUE,,,,,,
334,2024-06,Q-outlet,IN,terrasse,TRUE,,,,,,
335,2024-06,DEMA,IN,,TRUE,,,,,,
336,2024-06,Continentis,IN,Maison,TRUE,,,,,,
337,2024-06,Saitta Cycles ,IN,,TRUE,,,,,,
338,2024-06,Esperanzah,IN,,,,,,,,
339,2024-06,Continentis,IN,Bureau,TRUE,,,,,,
340,2024-06,DPS,IN,,TRUE,,,,,,
341,2024-06,Q-outlet,IN,terrasse,TRUE,,,,,,
365,2024-06,DPS,IN,,TRUE,,,,,,
342,2024-06,,IN,,,,,,,,
343,2024-06,Saitta Cycles ,IN,,TRUE,,,,,,
344,2024-06,Palate,IN,,TRUE,,,,,,
363,2024-06,DEMA,IN,,TRUE,,,,,,
345,2024-06,Locadepot,IN,,TRUE,,,,,,
346,2024-06,,IN,,,,,,,,
359,2024-06,,IN,,,,,,,,
360,2024-06,DEMA,IN,,TRUE,,,,,,
361,2024-06,,IN,,,,,,,,
,2024-06,Majois,IN,,,,,,,,
347,2024-06,BP Martelange,IN,,TRUE,,,,,,
348,2024-06,,IN,,,,,,,,
349,2024-06,DEMA,IN,,TRUE,,,,,,
350,2024-06,Poils & Plumes Rochefort,IN,,TRUE,,,,,,
351,2024-06,DEMA,IN,,TRUE,,,,,,
352,2024-06,Poils & Plumes Rochefort,IN,,TRUE,,,,,,
353,2024-06,Watt4U,IN,,TRUE,,,,,,
,2024-06,,IN,,,,,,,,
354,2024-06,,IN,,,,,,,,
355,2024-06,,IN,,,,,,,,
356,2024-06,,IN,,,,,,,,
357,2024-06,Oscar,IN,,TRUE,,,,,,
,2024-06,,IN,,,,,,,,
,2024-06,,IN,,,,,,,,
,2024-06,,IN,,,,,,,,
,2024-06,,IN,,,,,,,,
,2024-06,,IN,,,,,,,,
,2024-06,,IN,,,,,,,,
401,2024-06,Q-outlet,IN,terrasse,TRUE,,,,,,
402,2024-06,Easyfence,IN,NEW,TRUE,,,,,,
403,2024-06,Promo sport,IN,,TRUE,,,,,,
404,2024-06,Spa Asia,IN,,TRUE,,,,,,
405,2024-06,Clôtures Leblanc,IN,,TRUE,,,,,,
406,2024-06,Easyfence,IN,,TRUE,,,,,,
407,2024-06,DEMA,IN,,TRUE,,,,,,
408,2024-06,Easyfence,IN,NEW,TRUE,,,,,,
409,2024-06,Easyfence,IN,NEW,TRUE,,,,,,
415,2024-06,,IN,,,,,,,,
,2024-06,,IN,,,,,,,,
,2024-06,,IN,,,,,,,,
,2024-06,,IN,,,,,,,,
,2024-06,,IN,,,,,,,,
,2024-06,,IN,,,,,,,,
,2024-06,,IN,,,,,,,,
,2024-06,,IN,,,,,,,,
,2024-06,,IN,,,,,,,,
,2024-06,,IN,,,,,,,,
501,2024-06,Continentis,IN,Maison,TRUE,,,,,,
502,2024-06,DPS,IN,,TRUE,,,,,,
503,2024-06,Nr gie,IN,,TRUE,,,,,,
504,2024-06,Continentis,IN,Maison,TRUE,,,,,,
505,2024-06,DPS,IN,,TRUE,,,,,,
506,2024-06,,IN,,,,,,,,
507,2024-06,DPS,IN,,TRUE,,,,,,
508,2024-06,,IN,,,,,,,,
509,2024-06,Continentis,IN,Maison,TRUE,,,,,,
510,2024-06,DPS,IN,,TRUE,,,,,,
524,2024-06,,IN,,,,,,,,
511,2024-06,Continentis,IN,Bureau,TRUE,,,,,,
527,2024-06,,IN,,,,,,,,
512,2024-06,DPS,IN,,TRUE,,,,,,
513,2024-06,Knauf,IN,,TRUE,,,,,,
514,2024-06,24h de Spa ,IN,NEW,TRUE,,,,,,
515,2024-06,,IN,,,,,,,,
517,2024-06,Delhaize Lux,IN,,TRUE,,,,,,
518,2024-06,,IN,,,,,,,,
519,2024-06,,IN,,,,,,,,
520,2024-06,Delhaize Lux,IN,,TRUE,,,,,,
521,2024-06,Fermalux,IN,,TRUE,,,,,,
522,2024-06,,IN,,TRUE,,,,,,
525,2024-06,Continentis,IN,Maison,TRUE,,,,,,
526,2024-06,,IN,,,,,,,,
530,2024-06,DPS,IN,,,,,,,,
,2024-06,,IN,,,,,,,,
,2024-06,,IN,,,,,,,,
,2024-06,,IN,,,,,,,,
,2024-06,,IN,,,,,,,,
,2024-06,,IN,,,,,,,,
,2024-06,,IN,,,,,,,,
,2024-06,,IN,,,,,,,,
,2024-06,,IN,,,,,,,,
,2024-06,,IN,,,,,,,,
,2024-06,,IN,,,,,,,,
,2024-06,,IN,,,,,,,,
,2024-06,,OUT,,,,,,,,
102,2024-06,Q-outlet,OUT,terrrasse,TRUE,,,,,,
,2024-06,,OUT,,,,,,,,
104,2024-06,Majois,OUT,,TRUE,,,,,,
105,2024-06,CLL- langues,OUT,,TRUE,,,,,,
106,2024-06,CLL- langues,OUT,,TRUE,,,,,,
107,2024-06,Promo sport,OUT,,TRUE,,,,,,
,2024-06,BLOQUÉ,OUT,BLOQUÉ,,,,,,,
109,2024-06,,OUT,,,,,,,,
110,2024-06,Continentis,OUT,Bureau,TRUE,,,,,,
111,2024-06,,OUT,,,,,,,,
112,2024-06,Clôtures Leblanc,OUT,,TRUE,,,,,,
113,2024-06,Continentis,OUT,Maison,TRUE,,,,,,
,2024-06,,OUT,,,,,,,,
,2024-06,,OUT,,,,,,,,
,2024-06,,OUT,,,,,,,,
,2024-06,,OUT,,,,,,,,
,2024-06,,OUT,,,,,,,,
,2024-06,,OUT,,,,,,,,
,2024-06,,OUT,,,,,,,,
,2024-06,,OUT,,,,,,,,
,2024-06,,OUT,,,,,,,,
,2024-06,,OUT,,,,,,,,
,2024-06,,OUT,,,,,,,,
201,2024-06,,OUT,,,,,,,,
202,2024-06,Fintro Huy,OUT,,TRUE,,,,,,
203,2024-06,,OUT,,,,,,,,
204,2024-06,,OUT,,,,,,,,
205,2024-06,,OUT,,,,,,,,
206,2024-06,,OUT,,,,,,,,
207,2024-06,,OUT,,,,,,,,
208,2024-06,,OUT,,,,,,,,
209,2024-06,,OUT,,,,,,,,
210,2024-06,Meubles Rigaux,OUT,,TRUE,,,,,,
211,2024-06,,OUT,,,,,,,,
212,2024-06,,OUT,,,,,,,,
213,2024-06,,OUT,,,,,,,,
214,2024-06,,OUT,,,,,,,,
215,2024-06,,OUT,,,,,,,,
216,2024-06,,OUT,,,,,,,,
227,2024-06,,OUT,,,,,,,,
217,2024-06,,OUT,,,,,,,,
218,2024-06,,OUT,,,,,,,,
219,2024-06,,OUT,,,,,,,,
220,2024-06,,OUT,,,,,,,,
221,2024-06,,OUT,,,,,,,,
226,2024-06,,OUT,,,,,,,,
222,2024-06,24h de Spa ,OUT,NEW,TRUE,,,,,,
224,2024-06,,OUT,,,,,,,,
225,2024-06,,OUT,,,,,,,,
,2024-06,,OUT,,,,,,,,
,2024-06,,OUT,,,,,,,,
,2024-06,,OUT,,,,,,,,
,2024-06,,OUT,,,,,,,,
,2024-06,,OUT,,,,,,,,
,2024-06,,OUT,,,,,,,,
,2024-06,,OUT,,,,,,,,
,2024-06,,OUT,,,,,,,,
,2024-06,,OUT,,,,,,,,
,2024-06,,OUT,,,,,,,,
,2024-06,,OUT,,,,,,,,
,2024-06,,OUT,,,,,,,,
,2024-06,,OUT,,,,,,,,
301,2024-06,Bear rock festival,OUT,,TRUE,Manquant,,,,,
302,2024-06,,OUT,,,,,,,,
303,2024-06,Lumarvel,OUT,,TRUE,,,,,,
304,2024-06,Au Stock,OUT,,TRUE,,,,,,
305,2024-06,,OUT,,,,,,,,
306,2024-06,Locadepot,OUT,,TRUE,,,,,,
307,2024-06,Locadepot,OUT,,TRUE,,,,,,
308,2024-06,Au Stock,OUT,,TRUE,,,,,,
319,2024-06,,OUT,,,,,,,,
309,2024-06,Mr Bricolage,OUT,,TRUE,,,,,,
310,2024-06,Mr Bricolage,OUT,,TRUE,,,,,,
311,2024-06,Clôtures Leblanc,OUT,,TRUE,,,,,,
312,2024-06,Poils & Plumes Dinant,OUT,NEW,TRUE,,,,,,
313,2024-06,Clôtures Leblanc,OUT,,TRUE,,,,,,
314,2024-06,Locadepot,OUT,,TRUE,,,,,,
315,2024-06,Pessleux,OUT,,TRUE,,,,,,
316,2024-06,Locadepot,OUT,,TRUE,,,,,,
317,2024-06,Locadepot,OUT,,TRUE,,,,,,
318,2024-06,,OUT,,,,,,,,
320,2024-06,Saitta Cycles ,OUT,,TRUE,,,,,,
321,2024-06,,OUT,,,,,,,,
322,2024-06,BLOQUÉ,OUT,BLOQUÉ,,,,,,,
323,2024-06,,OUT,,,,,,,,
324,2024-06,,OUT,,,,,,,,
325,2024-06,DEMA,OUT,,FALSE,Erreur face,,,,,
326,2024-06,,OUT,,,,,,,,
327,2024-06,Athénée Gembloux ,OUT,New,TRUE,,,,,,
328,2024-06,Athénée Gembloux ,OUT,New,TRUE,,,,,,
329,2024-06,CLL- langues,OUT,,TRUE,,,,,,
330,2024-06,DEMA,OUT,,FALSE,,,,,,
331,2024-06,DEMA,OUT,,TRUE,,,,,,
332,2024-06,,OUT,,,,,,,,
333,2024-06,Q-outlet,OUT,terrasse,TRUE,,,,,,
334,2024-06,,OUT,BLOQUÉ,FALSE,Erreur emplacement,,,,,
335,2024-06,Majois,OUT,,TRUE,,,,,,
336,2024-06,,OUT,,,,,,,,
337,2024-06,,OUT,,,,,,,,
338,2024-06,DEMA,OUT,,TRUE,,,,,,
339,2024-06,,OUT,,,,,,,,
340,2024-06,Promo sport,OUT,,TRUE,,,,,,
341,2024-06,,OUT,,,,,,,,
365,2024-06,,OUT,,,,,,,,
342,2024-06,,OUT,,,,,,,,
343,2024-06,,OUT,,,,,,,,
344,2024-06,Maison Gilles,OUT,,TRUE,,,,,,
363,2024-06,,OUT,,,,,,,,
345,2024-06,,OUT,,,,,,,,
346,2024-06,,OUT,,,,,,,,
359,2024-06,,OUT,,,,,,,,
360,2024-06,,OUT,,,,,,,,
361,2024-06,,OUT,,,,,,,,
,2024-06,,OUT,,,,,,,,
347,2024-06,,OUT,,,,,,,,
348,2024-06,,OUT,,,,,,,,
349,2024-06,,OUT,,,,,,,,
350,2024-06,,OUT,,,,,,,,
351,2024-06,,OUT,,,,,,,,
352,2024-06,,OUT,,,,,,,,
353,2024-06,,OUT,,,,,,,,
,2024-06,,OUT,,,,,,,,
354,2024-06,,OUT,,,,,,,,
355,2024-06,,OUT,,,,,,,,
356,2024-06,,OUT,,,,,,,,
357,2024-06,Au Stock,OUT,,TRUE,,,,,,
,2024-06,,OUT,,,,,,,,
,2024-06,,OUT,,,,,,,,
,2024-06,,OUT,,,,,,,,
,2024-06,,OUT,,,,,,,,
,2024-06,,OUT,,,,,,,,
,2024-06,,OUT,,,,,,,,
401,2024-06,Continentis,OUT,Maison,FALSE,,,,,,
402,2024-06,,OUT,,,,,,,,
403,2024-06,Easyfence,OUT,NEW,TRUE,,,,,,
404,2024-06,Easyfence,OUT,NEW,TRUE,,,,,,
405,2024-06,,OUT,,,,,,,,
406,2024-06,Continentis,OUT,Bureau,FALSE,,,,,,
407,2024-06,,OUT,,,,,,,,
408,2024-06,Continentis,OUT,Maison,TRUE,,,,,,
409,2024-06,Continentis,OUT,Maison,TRUE,,,,,,
415,2024-06,,OUT,,,,,,,,
,2024-06,,OUT,,,,,,,,
,2024-06,,OUT,,,,,,,,
,2024-06,,OUT,,,,,,,,
,2024-06,,OUT,,,,,,,,
,2024-06,,OUT,,,,,,,,
,2024-06,,OUT,,,,,,,,
,2024-06,,OUT,,,,,,,,
,2024-06,,OUT,,,,,,,,
,2024-06,,OUT,,,,,,,,
501,2024-06,DPS,OUT,,TRUE,,,,,,
502,2024-06,Nr gie,OUT,New,TRUE,,,,,,
503,2024-06,,OUT,,,,,,,,
504,2024-06,,OUT,,,,,,,,
505,2024-06,Nr gie,OUT,New,TRUE,,,,,,
506,2024-06,DPS,OUT,,TRUE,,,,,,
507,2024-06,,OUT,,,,,,,,
508,2024-06,DPS,OUT,,TRUE,,,,,,
509,2024-06,,OUT,,,,,,,,
510,2024-06,DPS,OUT,,TRUE,,,,,,
524,2024-06,,OUT,,,,,,,,
511,2024-06,,OUT,,,,,,,,
527,2024-06,,OUT,,,,,,,,
512,2024-06,Watt4U,OUT,,TRUE,,,,,,
513,2024-06,,OUT,,,,,,,,
514,2024-06,Delhaize Lux,OUT,,TRUE,,,,,,
515,2024-06,Delhaize Lux,OUT,,TRUE,,,,,,
517,2024-06,Knauf,OUT,,TRUE,,,,,,
518,2024-06,,OUT,,,,,,,,
519,2024-06,,OUT,,,,,,,,
520,2024-06,,OUT,,,,,,,,
521,2024-06,,OUT,,,,,,,,
522,2024-06,,OUT,,,,,,,,
525,2024-06,,OUT,,,,,,,,
526,2024-06,,OUT,,,,,,,,
530,2024-06,,OUT,,,,,,,,
,2024-06,,OUT,,,,,,,,
,2024-06,,OUT,,,,,,,,
,2024-06,,OUT,,,,,,,,
,2024-06,,OUT,,,,,,,,
,2024-06,,OUT,,,,,,,,
,2024-06,,OUT,,,,,,,,
,2024-06,,OUT,,,,,,,,
,2024-06,,OUT,,,,,,,,
,2024-06,,OUT,,,,,,,,
,2024-06,,OUT,,,,,,,,
,2024-06,,OUT,,,,,,,,
,2024-07,,IN,,,,,,,,
102,2024-07,Expert Literie,IN,New CC,TRUE,,,,,,
,2024-07,,IN,,,,,,,,
104,2024-07,CLL- langues,IN,,TRUE,,CLL- langues-70506bae,,,,
105,2024-07,CLL- langues,IN,,TRUE,,CLL- langues-70506bae,,,,
106,2024-07,CLL- langues,IN,,TRUE,,CLL- langues-70506bae,,,,
107,2024-07,CLL- langues,IN,,TRUE,,CLL- langues-70506bae,,,,
,2024-07,BLOQUÉ,IN,BLOQUÉ,,,,,,,
109,2024-07,Expert Literie,IN,New CC,TRUE,,,,,,
110,2024-07,Continentis,IN,Maison,TRUE,,,,,,
111,2024-07,CLL- langues,IN,,TRUE,,CLL- langues-70506bae,,,,
112,2024-07,Expert Literie,IN,New CC,TRUE,,,,,,
113,2024-07,JM Karting ,IN,,TRUE,,,,,,
,2024-07,,IN,,,,,,,,
,2024-07,,IN,,,,,,,,
,2024-07,,IN,,,,,,,,
,2024-07,,IN,,,,,,,,
,2024-07,,IN,,,,,,,,
,2024-07,,IN,,,,,,,,
,2024-07,,IN,,,,,,,,
,2024-07,,IN,,,,,,,,
,2024-07,,IN,,,,,,,,
,2024-07,,IN,,,,,,,,
,2024-07,,IN,,,,,,,,
201,2024-07,Q-outlet,IN,terrasse,TRUE,,,,,,
202,2024-07,,IN,,,,,,,,
203,2024-07,JM Karting ,IN,,TRUE,,,,,,
204,2024-07,,IN,,,,,,,,
205,2024-07,Continentis,IN,Maison,TRUE,,,,,,
206,2024-07,,IN,,,,,,,,
207,2024-07,JM Karting ,IN,,TRUE,,,,,,
208,2024-07,JM Karting ,IN,,TRUE,,,,,,
209,2024-07,,IN,,,,,,,,
210,2024-07,Meubles Rigaux,IN,,TRUE,,,,,,
211,2024-07,Meubles Rigaux,IN,,TRUE,,,,,,
212,2024-07,Bikers Festival,IN,,,,,,,,
213,2024-07,Continentis,IN,Maison,TRUE,,,,,,
214,2024-07,,IN,,,,,,,,
215,2024-07,,IN,,,,,,,,
216,2024-07,Marneffe Immobilière,IN,,TRUE,,,,,,
227,2024-07,GE Horses Construction,IN,,TRUE,,,,,,
217,2024-07,,IN,,,,,,,,
218,2024-07,,IN,,,,,,,,
219,2024-07,Continentis,IN,Maison,TRUE,,,,,,
220,2024-07,,IN,,,,,,,,
221,2024-07,,IN,,,,,,,,
226,2024-07,,IN,,,,,,,,
222,2024-07,Bikers Festival,IN,,TRUE,,,,,,
224,2024-07,Continentis,IN,Bureau,TRUE,,,,,,
225,2024-07,Oscar,IN,,TRUE,,,,,,
,2024-07,,IN,,,,,,,,
,2024-07,,IN,,,,,,,,
,2024-07,,IN,,,,,,,,
,2024-07,,IN,,,,,,,,
,2024-07,,IN,,,,,,,,
,2024-07,,IN,,,,,,,,
,2024-07,,IN,,,,,,,,
,2024-07,,IN,,,,,,,,
,2024-07,,IN,,,,,,,,
,2024-07,,IN,,,,,,,,
,2024-07,,IN,,,,,,,,
,2024-07,,IN,,,,,,,,
,2024-07,,IN,,,,,,,,
301,2024-07,Auping,IN,New CC,TRUE,,Auping-soldes-été-24,,,,
302,2024-07,,IN,,,,,,,,
303,2024-07,Lumarvel,IN,,TRUE,,,,,,
304,2024-07,Chaussures Ballaux,IN,,TRUE,,Chaussures Ballaux-fb7c23c8,,,,
305,2024-07,,IN,,,,,,,,
306,2024-07,Au Stock,IN,,TRUE,,Au Stock-ouverture non stop,,,,
307,2024-07,Bièrez-vous asbl,IN,autocollant,TRUE,,Bierezvous-autocollants2024-fe9862ec,,,,
308,2024-07,Poils & Plumes Rochefort,IN,,TRUE,,,,,,
319,2024-07,Au Stock,IN,,TRUE,,Au Stock-ouverture non stop,,,,
309,2024-07,Poils & Plumes Ciney,IN,,TRUE,,,,,,
310,2024-07,Auping,IN,New CC,TRUE,,Auping-soldes-été-24,,,,
311,2024-07,Chaussures Ballaux,IN,,TRUE,,Chaussures Ballaux-fb7c23c8,,,,
312,2024-07,Au Stock,IN,,TRUE,,Au Stock-ouverture non stop,,,,
313,2024-07,Bièrez-vous asbl,IN,autocollant,TRUE,,,,,,
314,2024-07,Grottes de Han,IN,,TRUE,,,,,,
315,2024-07,Grottes de Han,IN,,TRUE,,,,,,
316,2024-07,Poils & Plumes Dinant,IN,X,TRUE,,,,,,
317,2024-07,Coco max,IN,,TRUE,,,,,,
318,2024-07,,IN,,,,,,,,
320,2024-07,Continentis,IN,maison,TRUE,,,,,,
321,2024-07,Green Robot,IN,,TRUE,,,,,,
322,2024-07,,IN,,,,,,,,
323,2024-07,,IN,,,,,,,,
324,2024-07,,IN,,,,,,,,
325,2024-07,Expert Literie,IN,New CC,TRUE,,,,,,
326,2024-07,Continentis,IN,Maison,TRUE,,,,,,
327,2024-07,Green Robot,IN,,TRUE,,,,,,
328,2024-07,,IN,,,,,,,,
329,2024-07,CLL- langues,IN,,TRUE,,CLL- langues-70506bae,,,,
330,2024-07,Continentis,IN,Maison,TRUE,,,,,,
331,2024-07,Auping,IN,New CC,TRUE,,Auping-soldes-été-24,,,,
332,2024-07,Continentis,IN,Bureau,TRUE,,,,,,
333,2024-07,Continentis,IN,Maison,TRUE,,,,,,
334,2024-07,Tonton tapis,IN,,TRUE,,,,,,
335,2024-07,Esperanzah,IN,,TRUE,,,,,,
336,2024-07,,IN,,,,,,,,
337,2024-07,Auping,IN,New CC,TRUE,,Auping-soldes-été-24,,,,
338,2024-07,Esperanzah,IN,,TRUE,,,,,,
339,2024-07,Easyfence,IN,,TRUE,,,,,,
340,2024-07,Coco max,IN,,TRUE,,,,,,
341,2024-07,Auping,IN,New CC,TRUE,,Auping-soldes-été-24,,,,
365,2024-07,Concours Arville,IN,Autoc dates,TRUE,,Arville-date2024-b259367c,,,,
342,2024-07,Concours Arville,IN,Autoc dates,TRUE,,Arville-date2024-b259367c,,,,
343,2024-07,Auping,IN,New CC,TRUE,,Auping-soldes-été-24,,,,
344,2024-07,Tonton Tapis,IN,OPTION,TRUE,,,,,,
363,2024-07,Grottes de Han,IN,,TRUE,,,,,,
345,2024-07,La Chinelle,IN,New Eddy,TRUE,,,,,,
346,2024-07,Bikers Festival,IN,,,,,,,,
359,2024-07,La Chinelle,IN,New Eddy,TRUE,,,,,,
360,2024-07,Grottes de Han,IN,,TRUE,,,,,,
361,2024-07,Grottes de Han,IN,,TRUE,,,,,,
,2024-07,,IN,,,,,,,,
347,2024-07,BP Martelange,IN,,TRUE,,,,,,
348,2024-07,Chaussures Ballaux,IN,,TRUE,,Chaussures Ballaux-fb7c23c8,,,,
349,2024-07,Grottes de Han,IN,,TRUE,,,,,,
350,2024-07,DEMA,IN,Soldes,TRUE,,,,,,
351,2024-07,Grottes de Han,IN,,TRUE,,,,,,
352,2024-07,Oscar,IN,,TRUE,,,,,,
353,2024-07,Poils & Plumes Rochefort,IN,,TRUE,,,,,,
,2024-07,,IN,,,,,,,,
354,2024-07,,IN,,,,,,,,
355,2024-07,JM Karting ,IN,,TRUE,,,,,,
356,2024-07,JM Karting ,IN,,TRUE,,,,,,
357,2024-07,DEMA,IN,Soldes,TRUE,,,,,,
,2024-07,,IN,,,,,,,,
,2024-07,,IN,,,,,,,,
,2024-07,,IN,,,,,,,,
,2024-07,,IN,,,,,,,,
,2024-07,,IN,,,,,,,,
,2024-07,,IN,,,,,,,,
401,2024-07,JM Karting ,IN,,TRUE,,,,,,
402,2024-07,JM Karting ,IN,,TRUE,,,,,,
403,2024-07,Q-outlet,IN,terrasse,TRUE,,,,,,
404,2024-07,Q-outlet,IN,terrasse,TRUE,,,,,,
405,2024-07,Continentis,IN,Maison,TRUE,,,,,,
406,2024-07,Easyfence,IN,,TRUE,,,,,,
407,2024-07,Continentis,IN,Maison,TRUE,,,,,,
408,2024-07,DEMA,IN,Soldes,TRUE,,,,,,
409,2024-07,Easyfence,IN,,TRUE,,,,,,
415,2024-07,Easyfence,IN,,TRUE,,,,,,
,2024-07,,IN,,,,,,,,
,2024-07,,IN,,,,,,,,
,2024-07,,IN,,,,,,,,
,2024-07,,IN,,,,,,,,
,2024-07,,IN,,,,,,,,
,2024-07,,IN,,,,,,,,
,2024-07,,IN,,,,,,,,
,2024-07,,IN,,,,,,,,
,2024-07,,IN,,,,,,,,
501,2024-07,Continentis,IN,Maison,TRUE,,,,,,
502,2024-07,DPS,IN,,TRUE,,,,,,
503,2024-07,Naturpark Sur,IN,,TRUE,,,,,,
504,2024-07,Naturpark Sur,IN,,TRUE,,,,,,
505,2024-07,DPS,IN,,TRUE,,,,,,
506,2024-07,Grottes de Han,IN,,TRUE,,,,,,
507,2024-07,DPS,IN,,TRUE,,,,,,
508,2024-07,Continentis,IN,Bureau,TRUE,,,,,,
509,2024-07,,IN,,,,,,,,
510,2024-07,DPS,IN,,TRUE,,,,,,
524,2024-07,,IN,,,,,,,,
511,2024-07,,IN,,,,,,,,
527,2024-07,Coco max,IN,,TRUE,,,,,,
512,2024-07,DPS,IN,,TRUE,,,,,,
513,2024-07,Knauf,IN,,TRUE,,,,,,
514,2024-07,Bikers Festival,IN,,TRUE,,,,,,
515,2024-07,Continentis,IN,Maison,TRUE,,,,,,
517,2024-07,Delhaize Lux,IN,,TRUE,,,,,,
518,2024-07,,IN,,,,,,,,
519,2024-07,Continentis,IN,Maison ,TRUE,,,,,,
520,2024-07,Delhaize Lux,IN,,TRUE,,,,,,
521,2024-07,Grottes de Han,IN,,TRUE,,,,,,
522,2024-07,,IN,,TRUE,,,,,,
525,2024-07,Grottes de Han,IN,,TRUE,,,,,,
526,2024-07,,IN,,,,,,,,
530,2024-07,DPS,IN,,,,,,,,
,2024-07,,IN,,,,,,,,
,2024-07,,IN,,,,,,,,
,2024-07,,IN,,,,,,,,
,2024-07,,IN,,,,,,,,
,2024-07,,IN,,,,,,,,
,2024-07,,IN,,,,,,,,
,2024-07,,IN,,,,,,,,
,2024-07,,IN,,,,,,,,
,2024-07,,IN,,,,,,,,
,2024-07,,IN,,,,,,,,
,2024-07,,IN,,,,,,,,
,2024-07,,OUT,,,,,,,,
102,2024-07,Usico,OUT,,TRUE,,,,,,
,2024-07,,OUT,,,,,,,,
104,2024-07,,OUT,,,,,,,,
105,2024-07,Grottes de Han,OUT,,TRUE,,,,,,
106,2024-07,Continentis,OUT,Maison,TRUE,,,,,,
107,2024-07,,OUT,,,,,,,,
,2024-07,BLOQUÉ,OUT,BLOQUÉ,,,,,,,
109,2024-07,,OUT,,,,,,,,
110,2024-07,,OUT,,,,,,,,
111,2024-07,,OUT,,,,,,,,
112,2024-07,Continentis,OUT,Maison,TRUE,,,,,,
113,2024-07,Continentis,OUT,Maison,TRUE,,,,,,
,2024-07,,OUT,,,,,,,,
,2024-07,,OUT,,,,,,,,
,2024-07,,OUT,,,,,,,,
,2024-07,,OUT,,,,,,,,
,2024-07,,OUT,,,,,,,,
,2024-07,,OUT,,,,,,,,
,2024-07,,OUT,,,,,,,,
,2024-07,,OUT,,,,,,,,
,2024-07,,OUT,,,,,,,,
,2024-07,,OUT,,,,,,,,
,2024-07,,OUT,,,,,,,,
201,2024-07,,OUT,,,,,,,,
202,2024-07,,OUT,,,,,,,,
203,2024-07,,OUT,,,,,,,,
204,2024-07,,OUT,,,,,,,,
205,2024-07,,OUT,,,,,,,,
206,2024-07,,OUT,,,,,,,,
207,2024-07,,OUT,,,,,,,,
208,2024-07,,OUT,,,,,,,,
209,2024-07,,OUT,,,,,,,,
210,2024-07,Meubles Rigaux,OUT,,TRUE,,,,,,
211,2024-07,Coco max,OUT,,TRUE,,,,,,
212,2024-07,,OUT,,,,,,,,
213,2024-07,,OUT,,,,,,,,
214,2024-07,,OUT,,,,,,,,
215,2024-07,,OUT,,,,,,,,
216,2024-07,,OUT,,,,,,,,
227,2024-07,,OUT,,,,,,,,
217,2024-07,,OUT,,,,,,,,
218,2024-07,,OUT,,,,,,,,
219,2024-07,,OUT,,,,,,,,
220,2024-07,,OUT,,,,,,,,
221,2024-07,,OUT,,,,,,,,
226,2024-07,,OUT,,,,,,,,
222,2024-07,,OUT,,,,,,,,
224,2024-07,,OUT,,,,,,,,
225,2024-07,Bièrez-vous asbl,OUT,autocollant,TRUE,,Bierezvous-autocollants2024-fe9862ec,,,,
,2024-07,,OUT,,,,,,,,
,2024-07,,OUT,,,,,,,,
,2024-07,,OUT,,,,,,,,
,2024-07,,OUT,,,,,,,,
,2024-07,,OUT,,,,,,,,
,2024-07,,OUT,,,,,,,,
,2024-07,,OUT,,,,,,,,
,2024-07,,OUT,,,,,,,,
,2024-07,,OUT,,,,,,,,
,2024-07,,OUT,,,,,,,,
,2024-07,,OUT,,,,,,,,
,2024-07,,OUT,,,,,,,,
,2024-07,,OUT,,,,,,,,
301,2024-07,Bièrez-vous asbl,OUT,autocollant,TRUE,,Bierezvous-autocollants2024-fe9862ec,,,,
302,2024-07,,OUT,,,,,,,,
303,2024-07,Oscar,OUT,,TRUE,,,,,,
304,2024-07,Poils & Plumes Ciney,OUT,,TRUE,,,,,,
305,2024-07,,OUT,,,,Bierezvous-autocollants2024-fe9862ec,,,,
306,2024-07,Coco max,OUT,,TRUE,,,,,,
307,2024-07,Poils & Plumes Ciney,OUT,,TRUE,,,,,,
308,2024-07,Locadepot,OUT,,,,,,,,
319,2024-07,Oscar,OUT,,TRUE,,,,,,
309,2024-07,Coco max,OUT,,TRUE,,,,,,
310,2024-07,Coco max,OUT,,TRUE,,,,,,
311,2024-07,Coco max,OUT,,TRUE,,,,,,
312,2024-07,Coco max,OUT,,TRUE,,,,,,
313,2024-07,Coco max,OUT,,TRUE,,,,,,
314,2024-07,Coco max,OUT,,TRUE,,,,,,
315,2024-07,Poils & Plumes Dinant,OUT,X,TRUE,,,,,,
316,2024-07,La Chinelle,OUT,,TRUE,,,,,,
317,2024-07,Poils & Plumes Dinant,OUT,X,TRUE,,,,,,
318,2024-07,,OUT,,,,,,,,
320,2024-07,Tonton tapis,OUT,,TRUE,,,,,,
321,2024-07,,OUT,,,,,,,,
322,2024-07,BLOQUÉ,OUT,BLOQUÉ,,,,,,,
323,2024-07,,OUT,,,,,,,,
324,2024-07,,OUT,,,,,,,,
325,2024-07,DEMA,OUT,Soldes,TRUE,,DEMA-soldes-2023,,,,
326,2024-07,,OUT,,,,,,,,
327,2024-07,,OUT,,,,,,,,
328,2024-07,,OUT,,,,,,,,
329,2024-07,Q-outlet,OUT,terrasse,TRUE,,,,,,
330,2024-07,Zone Sport,OUT,,TRUE,,,,,,
331,2024-07,DEMA,OUT,Soldes,TRUE,,DEMA-soldes-2023,,,,
332,2024-07,,OUT,,,,,,,,
333,2024-07,DEMA,OUT,Soldes,TRUE,,,,,,
334,2024-07,,OUT,BLOQUÉ,,,,,,,
335,2024-07,,OUT,,,,,,,,
336,2024-07,,OUT,,,,,,,,
337,2024-07,,OUT,,,,,,,,
338,2024-07,,OUT,,,,,,,,
339,2024-07,,OUT,,,,,,,,
340,2024-07,,OUT,,,,,,,,
341,2024-07,DPS,OUT,,TRUE,,,,,,
365,2024-07,Coco max,OUT,,TRUE,,,,,,
342,2024-07,Concours Arville,OUT,Autoc dates,TRUE,,Arville-date2024-b259367c,,,,
343,2024-07,DPS,OUT,,TRUE,,,,,,
344,2024-07,Usico,OUT,,TRUE,,,,,,
363,2024-07,,OUT,,,,,,,,
345,2024-07,Continentis,OUT,Maison,TRUE,,,,,,
346,2024-07,,OUT,,,,,,,,
359,2024-07,Locadepot,OUT,,TRUE,,,,,,
360,2024-07,,OUT,,,,,,,,
361,2024-07,La Chinelle,OUT,New Eddy,TRUE,,,,,,
,2024-07,,OUT,,,,,,,,
347,2024-07,Locadepot,OUT,,TRUE,,,,,,
348,2024-07,DEMA,OUT,Soldes,TRUE,,,,,,
349,2024-07,Locadepot,OUT,,TRUE,,,,,,
350,2024-07,Poils & Plumes Rochefort,OUT,,TRUE,,,,,,
351,2024-07,Coco max,OUT,New Eddy,TRUE,,,,,,
352,2024-07,Coco max,OUT,New Eddy,TRUE,,,,,,
353,2024-07,DEMA,OUT,Soldes,TRUE,,,,,,
,2024-07,,OUT,,,,,,,,
354,2024-07,,OUT,,,,,,,,
355,2024-07,,OUT,,,,,,,,
356,2024-07,,OUT,,,,,,,,
357,2024-07,Coco max,OUT,,TRUE,,,,,,
,2024-07,,OUT,,,,,,,,
,2024-07,,OUT,,,,,,,,
,2024-07,,OUT,,,,,,,,
,2024-07,,OUT,,,,,,,,
,2024-07,,OUT,,,,,,,,
,2024-07,,OUT,,,,,,,,
401,2024-07,,OUT,,,,,,,,
402,2024-07,Easyfence,OUT,,TRUE,,,,,,
403,2024-07,Easyfence,OUT,,TRUE,,,,,,
404,2024-07,Bikers Festival,OUT,,TRUE,,,,,,
405,2024-07,,OUT,,,,,,,,
406,2024-07,Contientis new,OUT,Bureau,TRUE,,,,,,
407,2024-07,,OUT,,,,,,,,
408,2024-07,,OUT,,,,,,,,
409,2024-07,DEMA,OUT,Soldes,TRUE,,,,,,
415,2024-07,Continentis,OUT,Maison,TRUE,,,,,,
,2024-07,,OUT,,,,,,,,
,2024-07,,OUT,,,,,,,,
,2024-07,,OUT,,,,,,,,
,2024-07,,OUT,,,,,,,,
,2024-07,,OUT,,,,,,,,
,2024-07,,OUT,,,,,,,,
,2024-07,,OUT,,,,,,,,
,2024-07,,OUT,,,,,,,,
,2024-07,,OUT,,,,,,,,
501,2024-07,DPS,OUT,,TRUE,,,,,,
502,2024-07,,OUT,,,,,,,,
503,2024-07,,OUT,,,,,,,,
504,2024-07,,OUT,,,,,,,,
505,2024-07,,OUT,,,,,,,,
506,2024-07,DPS,OUT,,TRUE,,,,,,
507,2024-07,Grottes de Han,OUT,,TRUE,,,,,,
508,2024-07,DPS,OUT,,TRUE,,,,,,
509,2024-07,,OUT,,,,,,,,
510,2024-07,DPS,OUT,,TRUE,,,,,,
524,2024-07,,OUT,,,,,,,,
511,2024-07,,OUT,,,,,,,,
527,2024-07,,OUT,,,,,,,,
512,2024-07,Coco max,OUT,,TRUE,,,,,,
513,2024-07,,OUT,,,,,,,,
514,2024-07,Delhaize Lux,OUT,,TRUE,,,,,,
515,2024-07,Delhaize Lux,OUT,,TRUE,,,,,,
517,2024-07,Knauf,OUT,,TRUE,,,,,,
518,2024-07,,OUT,,,,,,,,
519,2024-07,,OUT,,,,,,,,
520,2024-07,,OUT,,,,,,,,
521,2024-07,,OUT,,,,,,,,
522,2024-07,,OUT,,TRUE,,Bastogne War Museum-e667753b,,,,
525,2024-07,Bastogne War Museum,OUT,,TRUE,,,,,,
526,2024-07,,OUT,,,,,,,,
530,2024-07,Grottes de Han,OUT,,,,,,,,
,2024-07,,OUT,,,,,,,,
,2024-07,,OUT,,,,,,,,
,2024-07,,OUT,,,,,,,,
,2024-07,,OUT,,,,,,,,
,2024-07,,OUT,,,,,,,,
,2024-07,,OUT,,,,,,,,
,2024-07,,OUT,,,,,,,,
,2024-07,,OUT,,,,,,,,
,2024-07,,OUT,,,,,,,,
,2024-07,,OUT,,,,,,,,
,2024-07,,OUT,,,,,,,,
,2024-08,,IN,,,,,,,,
102,2024-08,Promo sport,IN,,TRUE,,,,,,
,2024-08,,IN,,,,,,,,
104,2024-08,Grottes de Han,IN,,TRUE,,,,,,
105,2024-08,Solidarités,IN,New,TRUE,,,,,,
106,2024-08,Promo sport,IN,,TRUE,,,,,,
107,2024-08,,IN,,,,,,,,
,2024-08,BLOQUÉ,IN,BLOQUÉ,,,,,,,
109,2024-08,Fermalux,IN,,TRUE,,,,,,
110,2024-08,Q-outlet,IN,terrasse,TRUE,,,,,,
111,2024-08,JM Karting ,IN,,TRUE,,,,,,
112,2024-08,Q-outlet,IN,terrasse,TRUE,,,,,,
113,2024-08,Green Robot,IN,,TRUE,,,,,,
,2024-08,,IN,,,,,,,,
,2024-08,,IN,,,,,,,,
,2024-08,,IN,,,,,,,,
,2024-08,,IN,,,,,,,,
,2024-08,,IN,,,,,,,,
,2024-08,,IN,,,,,,,,
,2024-08,,IN,,,,,,,,
,2024-08,,IN,,,,,,,,
,2024-08,,IN,,,,,,,,
,2024-08,,IN,,,,,,,,
,2024-08,,IN,,,,,,,,
201,2024-08,Marneffe Immobilière,IN,,TRUE,,,,,,
202,2024-08,JM Karting ,IN,,TRUE,,,,,,
203,2024-08,Fermalux,IN,,TRUE,,,,,,
204,2024-08,Brainbox,IN,,TRUE,,,,,,
205,2024-08,,IN,,,,,,,,
206,2024-08,Continentis,IN,Maison,TRUE,,,,,,
207,2024-08,JM Karting ,IN,,TRUE,,,,,,
208,2024-08,Brainbox,IN,,TRUE,,,,,,
209,2024-08,,IN,,,,,,,,
210,2024-08,Continentis,IN,Bureau,TRUE,,,,,,
211,2024-08,JM Karting ,IN,,TRUE,,,,,,
212,2024-08,,IN,,,,,,,,
213,2024-08,,IN,,,,,,,,
214,2024-08,,IN,,,,,,,,
215,2024-08,,IN,,,,,,,,
216,2024-08,Continentis,IN,Maison,TRUE,,,,,,
227,2024-08,,IN,,,,,,,,
217,2024-08,,IN,,,,,,,,
218,2024-08,Brainbox,IN,,TRUE,,,,,,
219,2024-08,,IN,,,,,,,,
220,2024-08,,IN,,,,,,,,
221,2024-08,,IN,,,,,,,,
226,2024-08,Brainbox,IN,,TRUE,,,,,,
222,2024-08,Continentis,IN,Maison,TRUE,,,,,,
224,2024-08,,IN,,,,,,,,
225,2024-08,Brainbox,IN,,TRUE,,,,,,
,2024-08,,IN,,,,,,,,
,2024-08,,IN,,,,,,,,
,2024-08,,IN,,,,,,,,
,2024-08,,IN,,,,,,,,
,2024-08,,IN,,,,,,,,
,2024-08,,IN,,,,,,,,
,2024-08,,IN,,,,,,,,
,2024-08,,IN,,,,,,,,
,2024-08,,IN,,,,,,,,
,2024-08,,IN,,,,,,,,
,2024-08,,IN,,,,,,,,
,2024-08,,IN,,,,,,,,
,2024-08,,IN,,,,,,,,
301,2024-08,Majois,IN,,TRUE,,,,,,
302,2024-08,,IN,,,,,,,,
303,2024-08,Continentis,IN,Maison,TRUE,,,,,,
304,2024-08,Au Stock,IN,,TRUE,,,,,,
305,2024-08,Brainbox,IN,,TRUE,,,,,,
306,2024-08,Coco max,IN,New,TRUE,,,,,,
307,2024-08,Oscar,IN,,TRUE,,,,,,
308,2024-08,Au Stock,IN,,TRUE,,Au Stock-ouverture non stop,,,,
319,2024-08,La Chinelle,IN,,TRUE,,,,,,
309,2024-08,Coco max,IN,New,TRUE,,,,,,
310,2024-08,Coco max,IN,New,TRUE,,,,,,
311,2024-08,Coco max,IN,New,TRUE,,,,,,
312,2024-08,Oscar,IN,,TRUE,,,,,,
313,2024-08,Poils & Plumes Dinant,IN,X,TRUE,,,,,,
314,2024-08,Grottes de Han,IN,,TRUE,,,,,,
315,2024-08,Grottes de Han,IN,,TRUE,,,,,,
316,2024-08,Poils & Plumes Dinant,IN,X,TRUE,,,,,,
317,2024-08,Locadepot,IN,,TRUE,,,,,,
318,2024-08,Green Robot,IN,,TRUE,,,,,,
320,2024-08,Solidarités,IN,New,TRUE,,,,,,
321,2024-08,,IN,,,,,,,,
322,2024-08,Promo sport,IN,Aquacenter,TRUE,,,,,,
323,2024-08,Continentis,IN,Bureau,TRUE,,,,,,
324,2024-08,Fermalux,IN,,TRUE,,,,,,
325,2024-08,Green Robot,IN,,TRUE,,,,,,
326,2024-08,Solidarités,IN,New,TRUE,,,,,,
327,2024-08,Beauté en clés,IN,,TRUE,,,,,,
328,2024-08,Beauté en clés,IN,,TRUE,,,,,,
329,2024-08,Solidarités,IN,New,TRUE,,,,,,
330,2024-08,,IN,,,,,,,,
331,2024-08,Zone Sport,IN,,TRUE,,,,,,
332,2024-08,,IN,,,,,,,,
333,2024-08,La Chinelle,IN,,TRUE,,,,,,
334,2024-08,Q-outlet,IN,terrasse,TRUE,,,,,,
335,2024-08,Continentis,IN,Maison,TRUE,,,,,,
336,2024-08,,IN,,,,,,,,
337,2024-08,Piscinat,IN,compensation,TRUE,,,,,,
338,2024-08,,IN,,,,,,,,
339,2024-08,Q-outlet,IN,terrasse,TRUE,,,,,,
340,2024-08,Coco max,IN,New,TRUE,,,,,,
341,2024-08,DPS,IN,,TRUE,,,,,,
365,2024-08,Brainbox,IN,,TRUE,,,,,,
342,2024-08,Concours Arville,IN,,TRUE,,,,,,
343,2024-08,Grottes de Han,IN,,TRUE,,,,,,
344,2024-08,Solidarités,IN,New,TRUE,,,,,,
363,2024-08,,IN,,,,,,,,
345,2024-08,La Chinelle,IN,,TRUE,,,,,,
346,2024-08,JM Karting ,IN,,TRUE,,,,,,
359,2024-08,Locadepot,IN,,TRUE,,,,,,
360,2024-08,Grottes de Han,IN,,TRUE,,,,,,
361,2024-08,Grottes de Han,IN,,TRUE,,,,,,
,2024-08,,IN,,,,,,,,
347,2024-08,BP Martelange,IN,,TRUE,,,,,,
348,2024-08,Poils & Plumes Rochefort,IN,,TRUE,,,,,,
349,2024-08,Grottes de Han,IN,,TRUE,,,,,,
350,2024-08,Oscar,IN,,TRUE,,,,,,
351,2024-08,Coco max,IN,New,TRUE,,,,,,
352,2024-08,Coco max,IN,New,TRUE,,,,,,
353,2024-08,Coco max,IN,New,TRUE,,,,,,
,2024-08,,IN,,,,,,,,
354,2024-08,Fermalux,IN,,TRUE,,,,,,
355,2024-08,JM Karting ,IN,,TRUE,,,,,,
356,2024-08,Q-outlet,IN,terrasse,TRUE,,,,,,
357,2024-08,Fermalux,IN,,TRUE,,,,,,
,2024-08,,IN,,,,,,,,
,2024-08,,IN,,,,,,,,
,2024-08,,IN,,,,,,,,
,2024-08,,IN,,,,,,,,
,2024-08,,IN,,,,,,,,
,2024-08,,IN,,,,,,,,
401,2024-08,Easyfence,IN,,TRUE,,,,,,
402,2024-08,Q-outlet,IN,terrasse,TRUE,,,,,,
403,2024-08,Promo sport,IN,Aquacenter,TRUE,,,,,,
404,2024-08,Promo sport,IN,Les Bons Villers,TRUE,,,,,,
405,2024-08,JM Karting ,IN,,TRUE,,,,,,
406,2024-08,JM Karting ,IN,,TRUE,,,,,,
407,2024-08,Q-outlet,IN,terrasse,TRUE,,,,,,
408,2024-08,Majois,IN,,TRUE,,,,,,
409,2024-08,Easyfence,IN,,TRUE,,,,,,
415,2024-08,Majois,IN,,TRUE,,,,,,
,2024-08,,IN,,,,,,,,
,2024-08,,IN,,,,,,,,
,2024-08,,IN,,,,,,,,
,2024-08,,IN,,,,,,,,
,2024-08,,IN,,,,,,,,
,2024-08,,IN,,,,,,,,
,2024-08,,IN,,,,,,,,
,2024-08,,IN,,,,,,,,
,2024-08,,IN,,,,,,,,
501,2024-08,Continentis,IN,Maison,TRUE,,,,,,
502,2024-08,DPS,IN,,TRUE,,,,,,
503,2024-08,Naturpark Sur,IN,,TRUE,,,,,,
504,2024-08,Naturpark Sur,IN,,TRUE,,,,,,
505,2024-08,DPS,IN,,TRUE,,,,,,
506,2024-08,Grottes de Han,IN,,TRUE,,,,,,
507,2024-08,DPS,IN,,TRUE,,,,,,
508,2024-08,Continentis,IN,Bureau,TRUE,,,,,,
509,2024-08,,IN,,,,,,,,
510,2024-08,DPS,IN,,TRUE,,,,,,
524,2024-08,Brainbox,IN,,TRUE,,,,,,
511,2024-08,Continentis,IN,Maison,TRUE,,,,,,
527,2024-08,Coco max,IN,New,TRUE,,,,,,
512,2024-08,DPS,IN,,TRUE,,,,,,
513,2024-08,Knauf,IN,,TRUE,,,,,,
514,2024-08,,IN,,,,,,,,
515,2024-08,Continentis,IN,Maison,TRUE,,,,,,
517,2024-08,Delhaize Lux,IN,,TRUE,,,,,,
518,2024-08,,IN,,,,,,,,
519,2024-08,Brainbox,IN,,TRUE,,,,,,
520,2024-08,Delhaize Lux,IN,,TRUE,,,,,,
521,2024-08,Grottes de Han,IN,,TRUE,,,,,,
522,2024-08,,IN,,TRUE,,,,,,
525,2024-08,Grottes de Han,IN,,TRUE,,,,,,
526,2024-08,,IN,,,,,,,,
530,2024-08,DPS,IN,,,,,,,,
,2024-08,,IN,,,,,,,,
,2024-08,,IN,,,,,,,,
,2024-08,,IN,,,,,,,,
,2024-08,,IN,,,,,,,,
,2024-08,,IN,,,,,,,,
,2024-08,,IN,,,,,,,,
,2024-08,,IN,,,,,,,,
,2024-08,,IN,,,,,,,,
,2024-08,,IN,,,,,,,,
,2024-08,,IN,,,,,,,,
,2024-08,,IN,,,,,,,,
,2024-08,,OUT,,,,,,,,
102,2024-08,,OUT,,,,,,,,
,2024-08,,OUT,,,,,,,,
104,2024-08,Continentis,OUT,Maison,TRUE,,,,,,
105,2024-08,Promo sport,OUT,,TRUE,,,,,,
106,2024-08,Continentis,OUT,Maison,TRUE,,,,,,
107,2024-08,Promo sport,OUT,,TRUE,,,,,,
,2024-08,BLOQUÉ,OUT,BLOQUÉ,,,,,,,
109,2024-08,Continentis,OUT,Maison,TRUE,,,,,,
110,2024-08,Brainbox,OUT,,TRUE,,,,,,
111,2024-08,Q-outlet,OUT,terrasse,TRUE,,,,,,
112,2024-08,Continentis,OUT,Maison,TRUE,,,,,,
113,2024-08,Graines de Vélo,OUT,,TRUE,,,,,,
,2024-08,,OUT,,,,,,,,
,2024-08,,OUT,,,,,,,,
,2024-08,,OUT,,,,,,,,
,2024-08,,OUT,,,,,,,,
,2024-08,,OUT,,,,,,,,
,2024-08,,OUT,,,,,,,,
,2024-08,,OUT,,,,,,,,
,2024-08,,OUT,,,,,,,,
,2024-08,,OUT,,,,,,,,
,2024-08,,OUT,,,,,,,,
,2024-08,,OUT,,,,,,,,
201,2024-08,,OUT,,,,,,,,
202,2024-08,,OUT,,,,,,,,
203,2024-08,,OUT,,,,,,,,
204,2024-08,,OUT,,,,,,,,
205,2024-08,,OUT,,,,,,,,
206,2024-08,,OUT,,,,,,,,
207,2024-08,,OUT,,,,,,,,
208,2024-08,,OUT,,,,,,,,
209,2024-08,,OUT,,,,,,,,
210,2024-08,,OUT,,,,,,,,
211,2024-08,Coco max,OUT,,TRUE,,,,,,
212,2024-08,,OUT,,,,,,,,
213,2024-08,,OUT,,,,,,,,
214,2024-08,,OUT,,,,,,,,
215,2024-08,,OUT,,,,,,,,
216,2024-08,,OUT,,,,,,,,
227,2024-08,,OUT,,,,,,,,
217,2024-08,,OUT,,,,,,,,
218,2024-08,,OUT,,,,,,,,
219,2024-08,,OUT,,,,,,,,
220,2024-08,,OUT,,,,,,,,
221,2024-08,,OUT,,,,,,,,
226,2024-08,,OUT,,,,,,,,
222,2024-08,,OUT,,,,,,,,
224,2024-08,,OUT,,,,,,,,
225,2024-08,Au Stock,OUT,,TRUE,,Au Stock-ouverture non stop,,,,
,2024-08,,OUT,,,,,,,,
,2024-08,,OUT,,,,,,,,
,2024-08,,OUT,,,,,,,,
,2024-08,,OUT,,,,,,,,
,2024-08,,OUT,,,,,,,,
,2024-08,,OUT,,,,,,,,
,2024-08,,OUT,,,,,,,,
,2024-08,,OUT,,,,,,,,
,2024-08,,OUT,,,,,,,,
,2024-08,,OUT,,,,,,,,
,2024-08,,OUT,,,,,,,,
,2024-08,,OUT,,,,,,,,
,2024-08,,OUT,,,,,,,,
301,2024-08,,OUT,,,,,,,,
302,2024-08,,OUT,,,,,,,,
303,2024-08,Lumarvel,OUT,,TRUE,,,,,,
304,2024-08,Oscar,OUT,,TRUE,,,,,,
305,2024-08,Locadepot,OUT,,TRUE,,,,,,
306,2024-08,Coco max,OUT,New,TRUE,,,,,,
307,2024-08,Coco max,OUT,New,TRUE,,,,,,
308,2024-08,Coco max,OUT,New,TRUE,,,,,,
319,2024-08,Brainbox,OUT,,TRUE,,,,,,
309,2024-08,Coco max,OUT,New,TRUE,,,,,,
310,2024-08,Coco max,OUT,New,TRUE,,,,,,
311,2024-08,Locadepot,OUT,,TRUE,,,,,,
312,2024-08,Coco max,OUT,New,TRUE,,,,,,
313,2024-08,La Chinelle,OUT,,TRUE,,,,,,
314,2024-08,Poils & Plumes Ciney,OUT,,TRUE,,,,,,
315,2024-08,Poils & Plumes Dinant,OUT,X,TRUE,,,,,,
316,2024-08,Locadepot,OUT,,TRUE,,,,,,
317,2024-08,Coco max,OUT,,TRUE,,,,,,
318,2024-08,,OUT,,,,,,,,
320,2024-08,,OUT,,,,,,,,
321,2024-08,,OUT,,,,,,,,
322,2024-08,BLOQUÉ,OUT,BLOQUÉ,,,,,,,
323,2024-08,,OUT,,,,,,,,
324,2024-08,,OUT,,,,,,,,
325,2024-08,Graines de Vélo,OUT,,TRUE,,,,,,
326,2024-08,,OUT,,,,,,,,
327,2024-08,,OUT,,,,,,,,
328,2024-08,Continentis,OUT,Maison,TRUE,,,,,,
329,2024-08,,OUT,,,,,,,,
330,2024-08,,OUT,,,,,,,,
331,2024-08,,OUT,,,,,,,,
332,2024-08,,OUT,,,,,,,,
333,2024-08,,OUT,,,,,,,,
334,2024-08,BLOQUÉ,OUT,BLOQUÉ,,,,,,,
335,2024-08,,OUT,,,,,,,,
336,2024-08,,OUT,,,,,,,,
337,2024-08,,OUT,,,,,,,,
338,2024-08,,OUT,,,,,,,,
339,2024-08,,OUT,,,,,,,,
340,2024-08,DPS,OUT,,TRUE,,,,,,
341,2024-08,,OUT,,,,,,,,
365,2024-08,,OUT,,,,,,,,
342,2024-08,Concours Arville,OUT,,TRUE,,,,,,
343,2024-08,Continentis,OUT,Maison,TRUE,,,,,,
344,2024-08,Concours Arville,OUT,,TRUE,,,,,,
363,2024-08,DPS,OUT,,TRUE,,,,,,
345,2024-08,,OUT,,,,,,,,
346,2024-08,La Chinelle,OUT,,TRUE,,,,,,
359,2024-08,Continentis,OUT,Maison,TRUE,,,,,,
360,2024-08,,OUT,,,,,,,,
361,2024-08,Continentis,OUT,Bureau,TRUE,,,,,,
,2024-08,,OUT,,,,,,,,
347,2024-08,Grottes de Han,OUT,,TRUE,,,,,,
348,2024-08,Locadepot,OUT,,TRUE,,,,,,
349,2024-08,,OUT,,,,,,,,
350,2024-08,Coco max,OUT,,TRUE,,,,,,
351,2024-08,Coco max,OUT,New,TRUE,,,,,,
352,2024-08,Coco max,OUT,New,TRUE,,,,,,
353,2024-08,Coco max,OUT,New,TRUE,,,,,,
,2024-08,,OUT,,,,,,,,
354,2024-08,,OUT,,,,,,,,
355,2024-08,,OUT,,,,,,,,
356,2024-08,,OUT,,,,,,,,
357,2024-08,Poils & Plumes Ciney,OUT,,TRUE,,,,,,
,2024-08,,OUT,,,,,,,,
,2024-08,,OUT,,,,,,,,
,2024-08,,OUT,,,,,,,,
,2024-08,,OUT,,,,,,,,
,2024-08,,OUT,,,,,,,,
,2024-08,,OUT,,,,,,,,
401,2024-08,,OUT,,,,,,,,
402,2024-08,Easyfence,OUT,,TRUE,,,,,,
403,2024-08,Easyfence,OUT,,TRUE,,,,,,
404,2024-08,Solidarités,OUT,New,TRUE,,,,,,
405,2024-08,Continentis,OUT,Maison,TRUE,,,,,,
406,2024-08,Easyfence,OUT,,TRUE,,,,,,
407,2024-08,Easyfence,OUT,,TRUE,,,,,,
408,2024-08,Continentis,OUT,Maison,TRUE,,,,,,
409,2024-08,,OUT,,,,,,,,
415,2024-08,Continentis,OUT,Maison,TRUE,,,,,,
,2024-08,,OUT,,,,,,,,
,2024-08,,OUT,,,,,,,,
,2024-08,,OUT,,,,,,,,
,2024-08,,OUT,,,,,,,,
,2024-08,,OUT,,,,,,,,
,2024-08,,OUT,,,,,,,,
,2024-08,,OUT,,,,,,,,
,2024-08,,OUT,,,,,,,,
,2024-08,,OUT,,,,,,,,
501,2024-08,DPS,OUT,,TRUE,,,,,,
502,2024-08,,OUT,,,,,,,,
503,2024-08,,OUT,,,,,,,,
504,2024-08,,OUT,,,,,,,,
505,2024-08,,OUT,,,,,,,,
506,2024-08,DPS,OUT,,TRUE,,,,,,
507,2024-08,Grottes de Han,OUT,,TRUE,,,,,,
508,2024-08,DPS,OUT,,TRUE,,,,,,
509,2024-08,,OUT,,,,,,,,
510,2024-08,DPS,OUT,,TRUE,,,,,,
524,2024-08,,OUT,,,,,,,,
511,2024-08,,OUT,,,,,,,,
527,2024-08,,OUT,,,,,,,,
512,2024-08,Coco max,OUT,New,TRUE,,,,,,
513,2024-08,,OUT,,,,,,,,
514,2024-08,Delhaize Lux,OUT,,TRUE,,,,,,
515,2024-08,Delhaize Lux,OUT,,TRUE,,,,,,
517,2024-08,Knauf,OUT,,TRUE,,,,,,
518,2024-08,,OUT,,,,,,,,
519,2024-08,,OUT,,,,,,,,
520,2024-08,,OUT,,,,,,,,
521,2024-08,,OUT,,,,,,,,
522,2024-08,,OUT,,TRUE,,,,,,
525,2024-08,Bastogne War Museum,OUT,,TRUE,,,,,,
526,2024-08,,OUT,,,,,,,,
530,2024-08,Grottes de Han,OUT,,,,,,,,
,2024-08,,OUT,,,,,,,,
,2024-08,,OUT,,,,,,,,
,2024-08,,OUT,,,,,,,,
,2024-08,,OUT,,,,,,,,
,2024-08,,OUT,,,,,,,,
,2024-08,,OUT,,,,,,,,
,2024-08,,OUT,,,,,,,,
,2024-08,,OUT,,,,,,,,
,2024-08,,OUT,,,,,,,,
,2024-08,,OUT,,,,,,,,
,2024-08,,OUT,,,,,,,,
,2024-09,,IN,,,,,,,,
102,2024-09,Q-outlet,IN,terrasse,TRUE,,,,,,
,2024-09,,IN,,,,,,,,
104,2024-09,Brainbox,IN,,TRUE,,,,,,
105,2024-09,Brainbox,IN,,TRUE,,,,,,
106,2024-09,Kids and us Gembloux,IN,visue wavre ,TRUE,,,,,,
107,2024-09,,IN,,,,,,,,
,2024-09,BLOQUÉ,IN,BLOQUÉ,,,,,,,
109,2024-09,Brainbox,IN,,TRUE,,,,,,
110,2024-09,Q-outlet,IN,terrasse,FALSE,,,,,,
111,2024-09,Fermalux,IN,idem,TRUE,,,,,,
112,2024-09,Waterair,IN,,TRUE,,,,,,
113,2024-09,Q-outlet,IN,terrasse,TRUE,,,,,,
,2024-09,,IN,,,,,,,,
,2024-09,,IN,,,,,,,,
,2024-09,,IN,,,,,,,,
,2024-09,,IN,,,,,,,,
,2024-09,,IN,,,,,,,,
,2024-09,,IN,,,,,,,,
,2024-09,,IN,,,,,,,,
,2024-09,,IN,,,,,,,,
,2024-09,,IN,,,,,,,,
,2024-09,,IN,,,,,,,,
,2024-09,,IN,,,,,,,,
201,2024-09,Hannosset,IN,News bache,TRUE,,,,,,
202,2024-09,Brainbox,IN,,TRUE,,,,,,
203,2024-09,Fintro Huy,IN,,TRUE,,,,,,
204,2024-09,Fermalux,IN,idem,TRUE,,,,,,
205,2024-09,Brainbox,IN,,TRUE,,,,,,
206,2024-09,Fintro Huy,IN,,TRUE,,,,,,
207,2024-09,Brainbox,IN,,TRUE,,,,,,
208,2024-09,Waterair,IN,idem mai,TRUE,,,,,,
209,2024-09,Fintro Huy,IN,,TRUE,,,,,,
210,2024-09,Majesty Wood,IN,,TRUE,,,,,,
211,2024-09,Coco max,IN,idem,TRUE,,,,,,
212,2024-09,,IN,,,,,,,,
213,2024-09,Continentis,IN,Maison,,,,,,,
214,2024-09,,IN,,,,,,,,
215,2024-09,Immo Cube,IN,,TRUE,,,,,,
216,2024-09,Marneffe Immobilière,IN,,TRUE,,,,,,
227,2024-09,Brainbox,IN,,TRUE,,,,,,
217,2024-09,Brainbox,IN,,TRUE,,,,,,
218,2024-09,Continentis,IN,Bureau,,,,,,,
219,2024-09,Brainbox,IN,,TRUE,,,,,,
220,2024-09,Brainbox,IN,,TRUE,,,,,,
221,2024-09,Brainbox,IN,,TRUE,,,,,,
226,2024-09,,IN,,,,,,,,
222,2024-09,Continentis,IN,Maison,,,,,,,
224,2024-09,,IN,,,,,,,,
225,2024-09,DEMA,IN,Jardin,TRUE,,,,,,
,2024-09,,IN,,,,,,,,
,2024-09,,IN,,,,,,,,
,2024-09,,IN,,,,,,,,
,2024-09,,IN,,,,,,,,
,2024-09,,IN,,,,,,,,
,2024-09,,IN,,,,,,,,
,2024-09,,IN,,,,,,,,
,2024-09,,IN,,,,,,,,
,2024-09,,IN,,,,,,,,
,2024-09,,IN,,,,,,,,
,2024-09,,IN,,,,,,,,
,2024-09,,IN,,,,,,,,
,2024-09,,IN,,,,,,,,
301,2024-09,Fintro Huy,IN,,TRUE,,,,,,
302,2024-09,,IN,,,,,,,,
303,2024-09,Fintro Ciney,IN,New CC,TRUE,,,,,,
304,2024-09,Chimsco,IN,,TRUE,,,,,,
305,2024-09,Fermalux,IN,,TRUE,,,,,,
306,2024-09,Au Stock,IN,,TRUE,,,,,,
307,2024-09,Chimsco,IN,,TRUE,,,,,,
308,2024-09,Continentis,IN,Maison,,,,,,,
319,2024-09,Waterair,IN,idem mai,TRUE,,,,,,
309,2024-09,Fintro Ciney,IN,New CC,TRUE,,,,,,
310,2024-09,Q-outlet,IN,terrasse,TRUE,,,,,,
311,2024-09,Au Stock,IN,,TRUE,,,,,,
312,2024-09,Fintro Ciney,IN,New CC,TRUE,,,,,,
313,2024-09,deBRY,IN,Vêtement,TRUE,,,,,,
314,2024-09,Chimsco,IN,,TRUE,,,,,,
315,2024-09,Poils & Plumes Dinant,IN,,TRUE,,,,,,
316,2024-09,Coco max,IN,idem,TRUE,,,,,,
317,2024-09,Coco max,IN,idem,TRUE,,,,,,
318,2024-09,Fermalux,IN,idem,TRUE,,,,,,
320,2024-09,Clôtures Leblanc,IN,,TRUE,,,,,,
321,2024-09,Continentis,IN,Maison,,,,,,,
322,2024-09,Kids and us Gembloux,IN,,TRUE,,,,,,
323,2024-09,Graines de Vélo,IN,,TRUE,,,,,,
324,2024-09,Green Robot,IN,,TRUE,,,,,,
325,2024-09,Terrasses du Prince,IN,,TRUE,,,,,,
326,2024-09,Green Robot,IN,,TRUE,,,,,,
327,2024-09,Graines de Vélo,IN,,TRUE,,,,,,
328,2024-09,Majois,IN,,TRUE,,,,,,
329,2024-09,DEMA,IN,Jardin,TRUE,,,,,,
330,2024-09,Waterair,IN,idem mai,TRUE,,,,,,
331,2024-09,Continentis,IN,Maison,,,,,,,
332,2024-09,Literie Massart,IN,,TRUE,,,,,,
333,2024-09,Waterair,IN,idem mai,TRUE,,,,,,
334,2024-09,Poils & Plumes Flawinne,IN,idem ,TRUE,,,,,,
335,2024-09,DEMA,IN,Jardin,TRUE,,,,,,
336,2024-09,Majesty Wood,IN,,TRUE,,,,,,
337,2024-09,Continentis,IN,Maison,,,,,,,
338,2024-09,Majois,IN,,TRUE,,,,,,
339,2024-09,Waterair,IN,idem mai,TRUE,,,,,,
340,2024-09,Coco max,IN,idem,TRUE,,,,,,
341,2024-09,Chimsco,IN,,TRUE,,,,,,
365,2024-09,Coco max,IN,idem,TRUE,,,,,,
342,2024-09,Chimsco,IN,,TRUE,,,,,,
343,2024-09,Q-outlet,IN,terrasse,TRUE,,,,,,
344,2024-09,Zone Sport,IN,,TRUE,,,,,,
363,2024-09,Clôtures Leblanc,IN,,TRUE,,,,,,
345,2024-09,Majois,IN,,TRUE,,,,,,
346,2024-09,Continentis,IN,Maison,,,,,,,
359,2024-09,,IN,,,,,,,,
360,2024-09,,IN,,,,,,,,
361,2024-09,Continentis,IN,Bureau ,,,,,,,
,2024-09,Clôtures Leblanc,IN,,,,,,,,
347,2024-09,BP Martelange,IN,,TRUE,,,,,,
348,2024-09,DEMA,IN,Jardin,TRUE,,,,,,
349,2024-09,Coco max,IN,idem,TRUE,,,,,,
350,2024-09,DEMA,IN,Jardin,TRUE,,,,,,
351,2024-09,Poils & Plumes Rochefort,IN,,TRUE,,,,,,
352,2024-09,Waterair,IN,,TRUE,,,,,,
353,2024-09,deBRY,IN,Karcher,TRUE,,,,,,
,2024-09,,IN,,,,,,,,
354,2024-09,Continentis,IN,Bureau,,,,,,,
355,2024-09,Clôtures Leblanc,IN,,TRUE,,,,,,
356,2024-09,Easyfence,IN,,TRUE,,,,,,
357,2024-09,Au Stock,IN,,TRUE,,,,,,
,2024-09,,IN,,,,,,,,
,2024-09,,IN,,,,,,,,
,2024-09,,IN,,,,,,,,
,2024-09,,IN,,,,,,,,
,2024-09,,IN,,,,,,,,
,2024-09,,IN,,,,,,,,
401,2024-09,Continentis,IN,Maison,,,,,,,
402,2024-09,Continentis,IN,maison ,,,,,,,
403,2024-09,Easyfence,IN,,,,,,,,
404,2024-09,Q-outlet,IN,,TRUE,,,,,,
405,2024-09,DEMA,IN,Jardin,TRUE,,,,,,
406,2024-09,DEMA,IN,Jardin,TRUE,,,,,,
407,2024-09,DEMA,IN,Jardin,TRUE,,,,,,
408,2024-09,Easyfence,IN,,TRUE,,,,,,
409,2024-09,Easyfence,IN,,TRUE,,,,,,
415,2024-09,Easyfence,IN,,TRUE,,,,,,
,2024-09,,IN,,,,,,,,
,2024-09,,IN,,,,,,,,
,2024-09,,IN,,,,,,,,
,2024-09,,IN,,,,,,,,
,2024-09,,IN,,,,,,,,
,2024-09,,IN,,,,,,,,
,2024-09,,IN,,,,,,,,
,2024-09,,IN,,,,,,,,
,2024-09,,IN,,,,,,,,
501,2024-09,Waterair,IN,idem mai,FALSE,,,,,,
502,2024-09,DPS,IN,,,,,,,,
503,2024-09,LMV,IN,idem mars,FALSE,,,,,,
504,2024-09,Continentis,IN,Maison ,,,,,,,
505,2024-09,DPS,IN,,,,,,,,
506,2024-09,Brainbox,IN,,,,,,,,
507,2024-09,DPS,IN,,,,,,,,
508,2024-09,Continentis,IN,Maison ,,,,,,,
509,2024-09,Brainbox,IN,,,,,,,,
510,2024-09,DPS,IN,,,,,,,,
524,2024-09,Waterair,IN,,FALSE,,,,,,
511,2024-09,Brainbox,IN,,,,,,,,
527,2024-09,Brainbox,IN,,,,,,,,
512,2024-09,DPS,IN,,,,,,,,
513,2024-09,Knauf,IN,,,,,,,,
514,2024-09,Continentis,IN,Bureau,,,,,,,
515,2024-09,,IN,,,,,,,,
517,2024-09,Delhaize Lux,IN,,,,,,,,
518,2024-09,,IN,,,,,,,,
519,2024-09,Continentis,IN,Maison,,,,,,,
520,2024-09,Delhaize Lux,IN,,,,,,,,
521,2024-09,Brainbox,IN,,,,,,,,
522,2024-09,,IN,,TRUE,,,,,,
525,2024-09,Brainbox,IN,,,,,,,,
526,2024-09,,IN,,,,,,,,
530,2024-09,DPS,IN,,,,,,,,
,2024-09,,IN,,,,,,,,
,2024-09,,IN,,,,,,,,
,2024-09,,IN,,,,,,,,
,2024-09,,IN,,,,,,,,
,2024-09,,IN,,,,,,,,
,2024-09,,IN,,,,,,,,
,2024-09,,IN,,,,,,,,
,2024-09,,IN,,,,,,,,
,2024-09,,IN,,,,,,,,
,2024-09,,IN,,,,,,,,
,2024-09,,IN,,,,,,,,
,2024-09,,OUT,,,,,,,,
102,2024-09,Majois,OUT,,TRUE,,,,,,
,2024-09,,OUT,,,,,,,,
104,2024-09,Continentis,OUT,Maison,,,,,,,
105,2024-09,Q-outlet,OUT,terrasse,TRUE,,,,,,
106,2024-09,Continentis,OUT,Maison,,,,,,,
107,2024-09,Continentis,OUT,Maison,,,,,,,
,2024-09,BLOQUÉ,OUT,BLOQUÉ,,,,,,,
109,2024-09,,OUT,,,,,,,,
110,2024-09,Continentis,OUT,Maison,,,,,,,
111,2024-09,Majesty Wood,OUT,,TRUE,,,,,,
112,2024-09,Terrasses du Prince,OUT,,TRUE,,,,,,
113,2024-09,Majesty Wood,OUT,,TRUE,,,,,,
,2024-09,,OUT,,,,,,,,
,2024-09,,OUT,,,,,,,,
,2024-09,,OUT,,,,,,,,
,2024-09,,OUT,,,,,,,,
,2024-09,,OUT,,,,,,,,
,2024-09,,OUT,,,,,,,,
,2024-09,,OUT,,,,,,,,
,2024-09,,OUT,,,,,,,,
,2024-09,,OUT,,,,,,,,
,2024-09,,OUT,,,,,,,,
,2024-09,,OUT,,,,,,,,
201,2024-09,Q-outlet,OUT,terrasse,TRUE,,,,,,
202,2024-09,Majesty Wood,OUT,,TRUE,,,,,,
203,2024-09,,OUT,,,,,,,,
204,2024-09,Hannosset,OUT,News bache,TRUE,,,,,,
205,2024-09,Fintro Huy,OUT,,TRUE,,,,,,
206,2024-09,,OUT,,,,,,,,
207,2024-09,,OUT,,,,,,,,
208,2024-09,,OUT,,,,,,,,
209,2024-09,,OUT,,,,,,,,
210,2024-09,,OUT,,,,,,,,
211,2024-09,Continentis,OUT,Maison,,,,,,,
212,2024-09,,OUT,,,,,,,,
213,2024-09,,OUT,,,,,,,,
214,2024-09,,OUT,,,,,,,,
215,2024-09,Hannosset,OUT,News bache,TRUE,,,,,,
216,2024-09,,OUT,,,,,,,,
227,2024-09,Hannosset,OUT,News bache,TRUE,,,,,,
217,2024-09,Immo Cube,OUT,,TRUE,,,,,,
218,2024-09,,OUT,,,,,,,,
219,2024-09,,OUT,,,,,,,,
220,2024-09,,OUT,,,,,,,,
221,2024-09,,OUT,,,,,,,,
226,2024-09,,OUT,,,,,,,,
222,2024-09,,OUT,,,,,,,,
224,2024-09,,OUT,,,,,,,,
225,2024-09,Brainbox,OUT,,TRUE,,,,,,
,2024-09,,OUT,,,,,,,,
,2024-09,,OUT,,,,,,,,
,2024-09,,OUT,,,,,,,,
,2024-09,,OUT,,,,,,,,
,2024-09,,OUT,,,,,,,,
,2024-09,,OUT,,,,,,,,
,2024-09,,OUT,,,,,,,,
,2024-09,,OUT,,,,,,,,
,2024-09,,OUT,,,,,,,,
,2024-09,,OUT,,,,,,,,
,2024-09,,OUT,,,,,,,,
,2024-09,,OUT,,,,,,,,
,2024-09,,OUT,,,,,,,,
301,2024-09,,OUT,,,,,,,,
302,2024-09,,OUT,,,,,,,,
303,2024-09,Clôtures Leblanc,OUT,,TRUE,,,,,,
304,2024-09,deBRY,OUT,Husqvarna,TRUE,,,,,,
305,2024-09,Continentis,OUT,Maison,,,,,,,
306,2024-09,Oscar,OUT,,TRUE,,,,,,
307,2024-09,Coco max,OUT,,TRUE,,,,,,
308,2024-09,Coco max,OUT,,TRUE,,,,,,
319,2024-09,Au Stock,OUT,,TRUE,,,,,,
309,2024-09,Coco max,OUT,,TRUE,,,,,,
310,2024-09,Poils & Plumes Ciney,OUT,,TRUE,,,,,,
311,2024-09,Multiwex,OUT,New Eddy,TRUE,,,,,,
312,2024-09,Chimsco,OUT,,TRUE,,,,,,
313,2024-09,Coco max,OUT,idem,TRUE,,,,,,
314,2024-09,Coco max,OUT,idem,TRUE,,,,,,
315,2024-09,Oscar,OUT,,TRUE,,,,,,
316,2024-09,Coco max,OUT,idem,TRUE,,,,,,
317,2024-09,Continentis,OUT,Ancienne Maison,,,,,,,
318,2024-09,,OUT,,,,,,,,
320,2024-09,,OUT,,,,,,,,
321,2024-09,,OUT,,,,,,,,
322,2024-09,BLOQUÉ,OUT,BLOQUÉ,,,,,,,
323,2024-09,Beauté en clés,OUT,,TRUE,,,,,,
324,2024-09,Clôtures Leblanc,OUT,,TRUE,,,,,,
325,2024-09,Beauté en clés,OUT,,TRUE,,,,,,
326,2024-09,Majesty Wood,OUT,,TRUE,,,,,,
327,2024-09,Terrasses du Prince,OUT,,TRUE,,,,,,
328,2024-09,Terrasses du Prince,OUT,,TRUE,,,,,,
329,2024-09,Fermalux,OUT,idem,TRUE,,,,,,
330,2024-09,,OUT,,,,,,,,
331,2024-09,,OUT,,,,,,,,
332,2024-09,,OUT,,,,,,,,
333,2024-09,DEMA,OUT,Jardin,TRUE,,,,,,
334,2024-09,BLOQUÉ,OUT,BLOQUÉ,,,,,,,
335,2024-09,,OUT,,,,,,,,
336,2024-09,Pessleux,OUT,,TRUE,,,,,,
337,2024-09,Waterair,OUT,,TRUE,,,,,,
338,2024-09,DEMA,OUT,Jardin,TRUE,,,,,,
339,2024-09,Easyfence,OUT,,TRUE,,,,,,
340,2024-09,DPS,OUT,,TRUE,,,,,,
341,2024-09,,OUT,,,,,,,,
365,2024-09,,OUT,,,,,,,,
342,2024-09,DPS,OUT,,TRUE,,,,,,
343,2024-09,deBRY,OUT,Milwaukee,TRUE,,,,,,
344,2024-09,Literie Massart,OUT,,TRUE,,,,,,
363,2024-09,,OUT,,,,,,,,
345,2024-09,Locadepot,OUT,,TRUE,,,,,,
346,2024-09,,OUT,,,,,,,,
359,2024-09,,OUT,,,,,,,,
360,2024-09,,OUT,,,,,,,,
361,2024-09,,OUT,,,,,,,,
,2024-09,DEMA,OUT,,,,,,,,
347,2024-09,Chimsco,OUT,,TRUE,,,,,,
348,2024-09,Multiwex,OUT,New Eddy,TRUE,,,,,,
349,2024-09,Multiwex,OUT,New Eddy,TRUE,,,,,,
350,2024-09,LMV,OUT,idem mars,TRUE,,,,,,
351,2024-09,Coco max,OUT,idem,TRUE,,,,,,
352,2024-09,Coco max,OUT,idem,TRUE,,,,,,
353,2024-09,Coco max,OUT,idem,TRUE,,,,,,
,2024-09,,OUT,,,,,,,,
354,2024-09,,OUT,,,,,,,,
355,2024-09,,OUT,,,,,,,,
356,2024-09,,OUT,,,,,,,,
357,2024-09,Waterair,OUT,,TRUE,,,,,,
,2024-09,,OUT,,,,,,,,
,2024-09,,OUT,,,,,,,,
,2024-09,,OUT,,,,,,,,
,2024-09,,OUT,,,,,,,,
,2024-09,,OUT,,,,,,,,
,2024-09,,OUT,,,,,,,,
401,2024-09,Easyfence,OUT,,TRUE,,,,,,
402,2024-09,,OUT,,,,,,,,
403,2024-09,,OUT,,,,,,,,
404,2024-09,,OUT,,,,,,,,
405,2024-09,,OUT,,,,,,,,
406,2024-09,,OUT,,,,,,,,
407,2024-09,,OUT,,,,,,,,
408,2024-09,Continentis,OUT,Maison,,,,,,,
409,2024-09,DEMA,OUT,Jardin,TRUE,,,,,,
415,2024-09,Electricool,OUT,New CC,TRUE,,,,,,
,2024-09,,OUT,,,,,,,,
,2024-09,,OUT,,,,,,,,
,2024-09,,OUT,,,,,,,,
,2024-09,,OUT,,,,,,,,
,2024-09,,OUT,,,,,,,,
,2024-09,,OUT,,,,,,,,
,2024-09,,OUT,,,,,,,,
,2024-09,,OUT,,,,,,,,
,2024-09,,OUT,,,,,,,,
501,2024-09,DPS,OUT,,,,,,,,
502,2024-09,,OUT,,,,,,,,
503,2024-09,,OUT,,,,,,,,
504,2024-09,,OUT,,,,,,,,
505,2024-09,,OUT,,,,,,,,
506,2024-09,DPS,OUT,,,,,,,,
507,2024-09,Coco max,OUT,,FALSE,,,,,,
508,2024-09,DPS,OUT,,,,,,,,
509,2024-09,,OUT,,,,,,,,
510,2024-09,DPS,OUT,,,,,,,,
524,2024-09,LMV,OUT,idem mars,FALSE,,,,,,
511,2024-09,Majesty Wood,OUT,,TRUE,,,,,,
527,2024-09,,OUT,,,,,,,,
512,2024-09,LMV,OUT,idem mars,FALSE,,,,,,
513,2024-09,,OUT,,,,,,,,
514,2024-09,Delhaize Lux,OUT,,,,,,,,
515,2024-09,Delhaize Lux,OUT,,,,,,,,
517,2024-09,Knauf,OUT,,,,,,,,
518,2024-09,,OUT,,,,,,,,
519,2024-09,,OUT,,,,,,,,
520,2024-09,,OUT,,,,,,,,
521,2024-09,,OUT,,,,,,,,
522,2024-09,,OUT,,,,,,,,
525,2024-09,Multiwex,OUT,New Eddy,TRUE,,,,,,
526,2024-09,,OUT,,,,,,,,
530,2024-09,,OUT,,,,,,,,
,2024-09,,OUT,,,,,,,,
,2024-09,,OUT,,,,,,,,
,2024-09,,OUT,,,,,,,,
,2024-09,,OUT,,,,,,,,
,2024-09,,OUT,,,,,,,,
,2024-09,,OUT,,,,,,,,
,2024-09,,OUT,,,,,,,,
,2024-09,,OUT,,,,,,,,
,2024-09,,OUT,,,,,,,,
,2024-09,,OUT,,,,,,,,
,2024-09,,OUT,,,,,,,,
,2024-10,,IN,,,,,,,,
102,2024-10,Q-outlet,IN,NEW,,,Q-outlet-RapportQualitePrix-143e82ed,OK,,,
,2024-10,,IN,,,,,,,,
104,2024-10,Grottes de Han,IN,New bâche ,TRUE,,,,,,
105,2024-10,Jardisart,IN,,TRUE,,,,,,
106,2024-10,Promimo,IN,Attention blanc,,,,,,,
107,2024-10,Servipools,IN,,,,,,,,
,2024-10,BLOQUÉ,IN,BLOQUÉ,,,,,,,
109,2024-10,Majesty Wood,IN,,TRUE,,,,,,
110,2024-10,JM Karting ,IN,,TRUE,,,,,,
111,2024-10,Servipools,IN,,,,,,,,
112,2024-10,Brainbox,IN,,TRUE,,,IDEM,,,
113,2024-10,Majois,IN,,TRUE,,,,,,
,2024-10,,IN,,,,,,,,
,2024-10,,IN,,,,,,,,
,2024-10,,IN,,,,,,,,
,2024-10,,IN,,,,,,,,
,2024-10,,IN,,,,,,,,
,2024-10,,IN,,,,,,,,
,2024-10,,IN,,,,,,,,
,2024-10,,IN,,,,,,,,
,2024-10,,IN,,,,,,,,
,2024-10,,IN,,,,,,,,
,2024-10,,IN,,,,,,,,
201,2024-10,JM Karting ,IN,,TRUE,,,,,,
202,2024-10,Marneffe Immobilière,IN,,TRUE,,,,,,
203,2024-10,Majesty Wood,IN,,TRUE,,,,,,
204,2024-10,Fintro Huy,IN,,TRUE,,,,,,
205,2024-10,Fermalux,IN,,TRUE,,,,,,
206,2024-10,Continentis,IN,maison ,TRUE,,,,,,
207,2024-10,Fintro Huy,IN,,TRUE,,,,,,
208,2024-10,Fintro Huy,IN,,TRUE,,,,,,
209,2024-10,JM Karting ,IN,,TRUE,,,,,,
210,2024-10,JM Karting ,IN,,TRUE,,,,,,
211,2024-10,Ciney Expo,IN,autoco,TRUE,,Ciney Expo-eefc0131,OK,1 new + 4 autocollants,,
212,2024-10,,IN,,,,,,,,
213,2024-10,,IN,,,,,,,,
214,2024-10,Continentis,IN,Bureau ,TRUE,,,,,,
215,2024-10,Continentis,IN,Maison,TRUE,,,,,,
216,2024-10,Immo Cube,IN,,TRUE,,,,,,
227,2024-10,Majesty Wood,IN,,TRUE,,,,,,
217,2024-10,Immo Cube,IN,,TRUE,,,,,,
218,2024-10,Continentis,IN,maison ,TRUE,,,,,,
219,2024-10,Bloqué,IN,,,,,,,,
220,2024-10,Plopsa Coo,IN,New bache ,,,Plopsa Coo-c6d13fa7,,,,
221,2024-10,Continentis,IN,Maison,TRUE,,,,,,
226,2024-10,Continentis,IN,Maison ,TRUE,,,,,,
222,2024-10,Plopsa Coo,IN,New Bache ,,,,,,,
224,2024-10,,IN,,,,,,,,
225,2024-10,DEMA,IN,Lumière,TRUE,,,,,,
,2024-10,,IN,,,,,,,,
,2024-10,,IN,,,,,,,,
,2024-10,,IN,,,,,,,,
,2024-10,,IN,,,,,,,,
,2024-10,,IN,,,,,,,,
,2024-10,,IN,,,,,,,,
,2024-10,,IN,,,,,,,,
,2024-10,,IN,,,,,,,,
,2024-10,,IN,,,,,,,,
,2024-10,,IN,,,,,,,,
,2024-10,,IN,,,,,,,,
,2024-10,,IN,,,,,,,,
,2024-10,,IN,,,,,,,,
301,2024-10,Jardisart,IN,,TRUE,,,,,,
302,2024-10,,IN,,,,,,,,
303,2024-10,Lumarvel,IN,NEW RETARD,TRUE,,,,,,
304,2024-10,La Bergerette,IN,NEW RETARD,,,,,,,
305,2024-10,La Bergerette,IN,NEW RETARD,,,,,,,
306,2024-10,Clôtures Leblanc,IN,,TRUE,,,,,,
307,2024-10,Poils & Plumes Ciney,IN,,,,,,,,
308,2024-10,deBRY,IN,Karcher,TRUE,,,,,,
319,2024-10,La Bergerette,IN,NEW RETARD,,,,,,,
309,2024-10,Chimsco,IN,,TRUE,,,IDEM,,,
310,2024-10,Jardisart,IN,,TRUE,,,,,,
311,2024-10,La Bergerette,IN,,,,,,,,
312,2024-10,deBRY,IN,Husqvarna,TRUE,,,,,,
313,2024-10,Multiwex,IN,Eyestart (depot),TRUE,,,,,,
314,2024-10,Grottes de Han,IN,New bâche ,TRUE,,,,,,
315,2024-10,Brainbox,IN,,TRUE,,,,,,
316,2024-10,Poils & Plumes Dinant,IN,,,,,,,,
317,2024-10,Condroz Gibier,IN,,TRUE,,,,,,
318,2024-10,Servipools,IN,Manquante,,,,,,,
320,2024-10,Grottes de Han,IN,Newbâche,TRUE,,,,,,
321,2024-10,Servipools,IN,Manquante,,,,,,,
322,2024-10,Terrasses du Prince,IN,,,,,,,,
323,2024-10,Graines de Vélo,IN,,TRUE,,,,,,
324,2024-10,Terrasses du Prince,IN,,,,,,,,
325,2024-10,Graines de Vélo,IN,,TRUE,,,,,,
326,2024-10,Terrasses du Prince,IN,,,,,,,,
327,2024-10,Fermalux,IN,,TRUE,,,,,,
328,2024-10,Clôtures Leblanc,IN,,TRUE,,,,,,
329,2024-10,Terrasses du Prince,IN,,,,,,,,
330,2024-10,DEMA,IN,Lumière,TRUE,,,,,,
331,2024-10,Pirouette,IN,,,,,,,,
332,2024-10,Continentis,IN,Maison ,TRUE,,,,,,
333,2024-10,Poils & Plumes Flawinne,IN,Ancien bâche ,,,,,,,
334,2024-10,Continentis,IN,Maison ,TRUE,,,,,,
335,2024-10,Tonton tapis,IN,,,,,,,,
336,2024-10,La Bergerette,IN,NEW RETARD,,,,,,,
337,2024-10,Clôtures Leblanc,IN,,TRUE,,,,,,
338,2024-10,Pirouette,IN,,,,,,,,
339,2024-10,La Bergerette,IN,NEW RETARD,,,,,,,
340,2024-10,Continentis,IN,maison ,TRUE,,,,,,
341,2024-10,Q-outlet,IN,NEW,,,,,,,
365,2024-10,DPS,IN,,TRUE,,,,,,
342,2024-10,Pirouette,IN,,,,,,,,
343,2024-10,Grottes de Han,IN,New bâche ,TRUE,,,,,,
344,2024-10,Urbaine,IN,New bache ,,,,,,,
363,2024-10,DEMA,IN,Lumière,TRUE,,,,,,
345,2024-10,,IN,,,,,,,,
346,2024-10,Continentis,IN,maison ,TRUE,,,,,,
359,2024-10,Locadepot,IN,,TRUE,,,,,,
360,2024-10,JM Karting ,IN,,TRUE,,,,,,
361,2024-10,Multiwex,IN,Cube3 (depot),TRUE,,,,,,
,2024-10,,IN,,,,,,,,
347,2024-10,BP Martelange,IN,,TRUE,,,IDEM,,,
348,2024-10,Grottes de Han,IN,New bache ,TRUE,,,,,,
349,2024-10,deBRY,IN,Milwaukee,TRUE,,,,,,
350,2024-10,Multiwex,IN,Buzz (311),TRUE,,,,,,
351,2024-10,Wondery Park,IN,New CC,,,Multiwex-2e5fb2a1,OK,,,
352,2024-10,Chimsco,IN,,TRUE,,,,,,
353,2024-10,Poils & Plumes Rochefort,IN,,,,,,,,
,2024-10,,IN,,,,,,,,
354,2024-10,Majois,IN,,TRUE,,,,,,
355,2024-10,JM Karting ,IN,,TRUE,,,,,,
356,2024-10,Clôtures Leblanc,IN,,FALSE,Manquant,,,,,
357,2024-10,Continentis,IN,maison ,TRUE,,,,,,
,2024-10,,IN,,,,,,,,
,2024-10,,IN,,,,,,,,
,2024-10,,IN,,,,,,,,
,2024-10,,IN,,,,,,,,
,2024-10,,IN,,,,,,,,
,2024-10,,IN,,,,,,,,
401,2024-10,Optique Mauën,IN,NEW,,,,,,,
402,2024-10,Majois,IN,,TRUE,,,,,,
403,2024-10,Q-outlet,IN,NEW,,,,,,,
404,2024-10,JM Karting ,IN,,TRUE,,,,,,
405,2024-10,DEMA,IN,Lumière,TRUE,,,,,,
406,2024-10,JM Karting ,IN,,TRUE,,,,,,
407,2024-10,Nr gie,IN,,TRUE,,,,,,
408,2024-10,DEMA,IN,Lumière,TRUE,,,,,,
409,2024-10,Servipools,IN,,,,,,,,
415,2024-10,Nr gie,IN,,TRUE,,,,,,
,2024-10,,IN,,,,,,,,
,2024-10,,IN,,,,,,,,
,2024-10,,IN,,,,,,,,
,2024-10,,IN,,,,,,,,
,2024-10,,IN,,,,,,,,
,2024-10,,IN,,,,,,,,
,2024-10,,IN,,,,,,,,
,2024-10,,IN,,,,,,,,
,2024-10,,IN,,,,,,,,
501,2024-10,Continentis,IN,bureau ,TRUE,,,,,,
502,2024-10,Multiwex,IN,K7 (348),TRUE,,,,,,
503,2024-10,,IN,,,,,,,,
504,2024-10,Brainbox,IN,,TRUE,,,,,,
505,2024-10,DPS,IN,,TRUE,,,,,,
506,2024-10,Grottes de Han,IN,,TRUE,,,,,,
507,2024-10,Plopsa Coo,IN,DPS,,,,,,,
508,2024-10,Continentis,IN,maison ,TRUE,,,,,,
509,2024-10,Brainbox,IN,,TRUE,,,,,,
510,2024-10,DPS,IN,,TRUE,,,,,,
524,2024-10,Majesty Wood,IN,,TRUE,,,,,,
511,2024-10,Multiwex,IN,Darkdrift (525),TRUE,,,,,,
527,2024-10,Plopsa Coo,IN,New bache ,,,,,,,
512,2024-10,DPS,IN,,TRUE,,,,,,
513,2024-10,Knauf,IN,,TRUE,,,,,,
514,2024-10,Plopsa Coo,IN,New bache ,,,,,,,
515,2024-10,Continentis,IN,maison ,TRUE,,,,,,
517,2024-10,Delhaize Lux,IN,,TRUE,,,,,,
518,2024-10,Plopsa Coo,IN,New bache ,,,,,,,
519,2024-10,Continentis,IN,maison ,TRUE,,,,,,
520,2024-10,Delhaize Lux,IN,,TRUE,,,,,,
521,2024-10,Grottes de Han,IN,new bache ,TRUE,,,,,,
522,2024-10,Plopsa Coo,IN,New bache ,,,,,,,
525,2024-10,Multiwex,IN,BK (349),TRUE,,,,,,
526,2024-10,Plopsa Coo,IN,new bache ,,,,,,,
530,2024-10,DPS,IN,,TRUE,,,,,,
,2024-10,,IN,,,,,,,,
,2024-10,,IN,,,,,,,,
,2024-10,,IN,,,,,,,,
,2024-10,,IN,,,,,,,,
,2024-10,,IN,,,,,,,,
,2024-10,,IN,,,,,,,,
,2024-10,,IN,,,,,,,,
,2024-10,,IN,,,,,,,,
,2024-10,,IN,,,,,,,,
,2024-10,,IN,,,,,,,,
,2024-10,,IN,,,,,,,,
,2024-10,,OUT,,,,,,,,
102,2024-10,DEMA,OUT,Lumière,TRUE,,,,,,
,2024-10,,OUT,,,,,,,,
104,2024-10,Servipools,OUT,,,,,,,,
105,2024-10,Q-outlet,OUT,NEW,,,,,,,
106,2024-10,Kids and us Gembloux,OUT,,TRUE,,,,,,
107,2024-10,Q-outlet,OUT,NEW,,,,,,,
,2024-10,BLOQUÉ,OUT,BLOQUÉ,,,,,,,
109,2024-10,Servipools,OUT,,,,,,,,
110,2024-10,Fermalux,OUT,,TRUE,,,,,,
111,2024-10,Brainbox,OUT,,TRUE,,,,,,
112,2024-10,Majesty Wood,OUT,,TRUE,,,,,,
113,2024-10,Servipools,OUT,,,,,,,,
,2024-10,,OUT,,,,,,,,
,2024-10,,OUT,,,,,,,,
,2024-10,,OUT,,,,,,,,
,2024-10,,OUT,,,,,,,,
,2024-10,,OUT,,,,,,,,
,2024-10,,OUT,,,,,,,,
,2024-10,,OUT,,,,,,,,
,2024-10,,OUT,,,,,,,,
,2024-10,,OUT,,,,,,,,
,2024-10,,OUT,,,,,,,,
,2024-10,,OUT,,,,,,,,
201,2024-10,,OUT,New Bâche ,,,,,,,
202,2024-10,Fintro Huy,OUT,,TRUE,,,,,,
203,2024-10,,OUT,,,,,,,,
204,2024-10,,OUT,,,,,,,,
205,2024-10,,OUT,,,,,,,,
206,2024-10,,OUT,,,,,,,,
207,2024-10,,OUT,,,,,,,,
208,2024-10,Brainbox,OUT,,TRUE,,,,,,
209,2024-10,,OUT,,,,,,,,
210,2024-10,Plopsa Coo,OUT,New Bâche ,,,,,,,
211,2024-10,Brainbox,OUT,,TRUE,,,,,,
212,2024-10,,OUT,,,,,,,,
213,2024-10,,OUT,,,,,,,,
214,2024-10,,OUT,,,,,,,,
215,2024-10,,OUT,,,,,,,,
216,2024-10,Concept-R ,OUT,New Bache ,TRUE,,,,,,
227,2024-10,,OUT,,,,,,,,
217,2024-10,Concept-R ,OUT,New Bache ,TRUE,,,,,,
218,2024-10,,OUT,,,,,,,,
219,2024-10,Bloqué,OUT,,,,,,,,
220,2024-10,Continentis,OUT,Maisson,TRUE,,,,,,
221,2024-10,Plopsa Coo,OUT,,,,,,,,
226,2024-10,Brainbox,OUT,,TRUE,,,,,,
222,2024-10,Continentis,OUT,Maison,TRUE,,,,,,
224,2024-10,,OUT,,,,,,,,
225,2024-10,Plopsa Coo,OUT,New Bache ,,,,,,,
,2024-10,,OUT,,,,,,,,
,2024-10,,OUT,,,,,,,,
,2024-10,,OUT,,,,,,,,
,2024-10,,OUT,,,,,,,,
,2024-10,,OUT,,,,,,,,
,2024-10,,OUT,,,,,,,,
,2024-10,,OUT,,,,,,,,
,2024-10,,OUT,,,,,,,,
,2024-10,,OUT,,,,,,,,
,2024-10,,OUT,,,,,,,,
,2024-10,,OUT,,,,,,,,
,2024-10,,OUT,,,,,,,,
,2024-10,,OUT,,,,,,,,
301,2024-10,Fintro Huy,OUT,,TRUE,,,,,,
302,2024-10,,OUT,,,,,,,,
303,2024-10,Ciney Expo,OUT,Autocol,FALSE,Erreur visuel,,,,,
304,2024-10,Au Stock,OUT,,TRUE,,Au Stock-ouverture non stop,IDEM,,,
305,2024-10,Fintro Huy,OUT,,TRUE,,,,,,
306,2024-10,Wondery Park,OUT,New CC,,,,,,,
307,2024-10,La Bergerette,OUT,NEW RETARD,,,,,,,
308,2024-10,Fermalux,OUT,,TRUE,,,,,,
319,2024-10,Au Stock,OUT,,TRUE,,,,,,
309,2024-10,Condroz Gibier,OUT,,TRUE,,,,,,
310,2024-10,La Bergerette,OUT,NEW RETARD,,,,,,,
311,2024-10,Chimsco,OUT,,TRUE,,,,,,
312,2024-10,Au Stock,OUT,,TRUE,,,,,,
313,2024-10,Ciney Expo,OUT,Autocol,TRUE,,,,,,
314,2024-10,Au Stock,OUT,,TRUE,,,,,,
315,2024-10,La Bergerette,OUT,NEW RETARD,,,,,,,
316,2024-10,Chimsco,OUT,,TRUE,,,,,,
317,2024-10,Wondery Park,OUT,New CC,,,,,,,
318,2024-10,Pessleux,OUT,,TRUE,,,,,,
320,2024-10,Wondery Park,OUT,Manquante,,,,,,,
321,2024-10,Clôtures Leblanc,OUT,,TRUE,,,,,,
322,2024-10,BLOQUÉ,OUT,BLOQUÉ,,,,,,,
323,2024-10,La Bergerette,OUT,NEW RETARD,,,,,,,
324,2024-10,Majesty Wood,OUT,,TRUE,,,,,,
325,2024-10,Majois,OUT,,TRUE,,,,,,
326,2024-10,Q-outlet,OUT,NEW,,,,,,,
327,2024-10,Servipools,OUT,Manquante,,,,,,,
328,2024-10,Servipools,OUT,Manquante,,,,,,,
329,2024-10,Q-outlet,OUT,NEW,,,,,,,
330,2024-10,,OUT,,,,,,,,
331,2024-10,Clôtures Leblanc,OUT,,TRUE,,,,,,
332,2024-10,Ciney Expo,OUT,Autocol,FALSE,Erreur visuel,,,,,
333,2024-10,Servipools,OUT,,,,,,,,
334,2024-10,BLOQUÉ,OUT,BLOQUÉ,,,,,,,
335,2024-10,Servipools,OUT,,,,,,,,
336,2024-10,La Bergerette,OUT,NEW RETARD,,,,,,,
337,2024-10,La Bergerette,OUT,NEW RETARD,,,,,,,
338,2024-10,DEMA,OUT,Lumière,TRUE,,,,,,
339,2024-10,,OUT,,,,,,,,
340,2024-10,Chimsco,OUT,,TRUE,,,,,,
341,2024-10,Fermalux,OUT,,TRUE,,,,,,
365,2024-10,La Bergerette,OUT,NEW RETARD,,,,,,,
342,2024-10,Ciney Expo,OUT,Autocol,FALSE,Erreur visuel,,,,,
343,2024-10,deBRY,OUT,Vêtements,TRUE,,,,,,
344,2024-10,Optic & vous,OUT,,,,,,,,
363,2024-10,DPS,OUT,,TRUE,,,,,,
345,2024-10,,OUT,,,,,,,,
346,2024-10,Servipools,OUT,,,,,,,,
359,2024-10,,OUT,,,,,,,,
360,2024-10,Servipools,OUT,Manquante,,,,,,,
361,2024-10,Grottes de Han,OUT,New bache ,TRUE,,,,,,
,2024-10,,OUT,,,,,,,,
347,2024-10,La Bergerette,OUT,NEW RETARD,,,,,,,
348,2024-10,DEMA,OUT,Lumière,TRUE,,,,,,
349,2024-10,Grottes de Han,OUT,new bache ,TRUE,,,,,,
350,2024-10,Ciney Expo,OUT,Autocol,TRUE,,,,,,
351,2024-10,Brainbox,OUT,,TRUE,,,,,,
352,2024-10,Majesty Wood,OUT,,TRUE,,,,,,
353,2024-10,DEMA,OUT,Lumière,TRUE,,,,,,
,2024-10,,OUT,,,,,,,,
354,2024-10,,OUT,,,,,,,,
355,2024-10,,OUT,,,,,,,,
356,2024-10,Servipools,OUT,,,,,,,,
357,2024-10,Chimsco,OUT,,TRUE,,,,,,
,2024-10,,OUT,,,,,,,,
,2024-10,,OUT,,,,,,,,
,2024-10,,OUT,,,,,,,,
,2024-10,,OUT,,,,,,,,
,2024-10,,OUT,,,,,,,,
,2024-10,,OUT,,,,,,,,
401,2024-10,Continentis,OUT,maison ,TRUE,,,,,,
402,2024-10,Servipools,OUT,,,,,,,,
403,2024-10,,OUT,,,,,,,,
404,2024-10,Servipools,OUT,,,,,,,,
405,2024-10,Servipools,OUT,,,,,,,,
406,2024-10,Servipools,OUT,Manquante,,,,,,,
407,2024-10,Continentis,OUT,Bureau,TRUE,,,,,,
408,2024-10,,OUT,,,,,,,,
409,2024-10,DEMA,OUT,Lumière,TRUE,,,,,,
415,2024-10,Continentis,OUT,,TRUE,,,,,,
,2024-10,,OUT,,,,,,,,
,2024-10,,OUT,,,,,,,,
,2024-10,,OUT,,,,,,,,
,2024-10,,OUT,,,,,,,,
,2024-10,,OUT,,,,,,,,
,2024-10,,OUT,,,,,,,,
,2024-10,,OUT,,,,,,,,
,2024-10,,OUT,,,,,,,,
,2024-10,,OUT,,,,,,,,
501,2024-10,DPS,OUT,,TRUE,,,,,,
502,2024-10,DPS,OUT,,TRUE,,,,,,
503,2024-10,Plopsa Coo,OUT,,,,,,,,
504,2024-10,,OUT,,,,,,,,
505,2024-10,,OUT,,,,,,,,
506,2024-10,DPS,OUT,,TRUE,,,,,,
507,2024-10,Grottes de Han,OUT,,TRUE,,,,,,
508,2024-10,DPS,OUT,,TRUE,,,,,,
509,2024-10,Plopsa Coo,OUT,,,,,,,,
510,2024-10,DPS,OUT,,TRUE,,,,,,
524,2024-10,,OUT,,,,,,,,
511,2024-10,Wondery Park,OUT,New CC,,,,,,,
527,2024-10,,OUT,,,,,,,,
512,2024-10,Servipools,OUT,,,,,,,,
513,2024-10,,OUT,,,,,,,,
514,2024-10,Delhaize Lux,OUT,,TRUE,,,,,,
515,2024-10,Delhaize Lux,OUT,,TRUE,,,,,,
517,2024-10,Knauf,OUT,,TRUE,,,,,,
518,2024-10,,OUT,,,,,,,,
519,2024-10,Plopsa Coo,OUT,New bache ,,,,,,,
520,2024-10,,OUT,,,,,,,,
521,2024-10,,OUT,,,,,,,,
522,2024-10,Plopsa Coo,OUT,new bache ,,,,,,,
525,2024-10,Grottes de Han,OUT,new bache ,TRUE,,,,,,
526,2024-10,,OUT,,,,,,,,
530,2024-10,Grottes de Han,OUT,new bache ,TRUE,,,,,,
,2024-10,,OUT,,,,,,,,
,2024-10,,OUT,,,,,,,,
,2024-10,,OUT,,,,,,,,
,2024-10,,OUT,,,,,,,,
,2024-10,,OUT,,,,,,,,
,2024-10,,OUT,,,,,,,,
,2024-10,,OUT,,,,,,,,
,2024-10,,OUT,,,,,,,,
,2024-10,,OUT,,,,,,,,
,2024-10,,OUT,,,,,,,,
,2024-10,,OUT,,,,,,,,
,2024-11,,IN,,,,,,,,
102,2024-11,Q-outlet,IN,,,,Q-outlet-RapportQualitePrix-143e82ed,OK,,,
,2024-11,,IN,,,,,,,,
104,2024-11,Majesty Wood,IN,,,,MajestyWood-2023,OK,,,
105,2024-11,Lara Ceram,IN,,,,Lara Ceram-flèche gauche,OK,,,
106,2024-11,Q-outlet,IN,,,,,,,,
107,2024-11,Majesty Wood,IN,,,,,,,,
,2024-11,BLOQUÉ,IN,BLOQUÉ,,,,,,,
109,2024-11,Continentis,IN,maison,,,Continentis-2024,OK,Voir tableau de placement,,
110,2024-11,Continentis,IN,maison,,,,,,,
111,2024-11,,IN,,,,,,,,
112,2024-11,Continentis,IN,maison,,,,,,,
113,2024-11,Terrasses du Prince,IN,,,,TerrasseDuPrince-2024,OK,,,
,2024-11,,IN,,,,,,,,
,2024-11,,IN,,,,,,,,
,2024-11,,IN,,,,,,,,
,2024-11,,IN,,,,,,,,
,2024-11,,IN,,,,,,,,
,2024-11,,IN,,,,,,,,
,2024-11,,IN,,,,,,,,
,2024-11,,IN,,,,,,,,
,2024-11,,IN,,,,,,,,
,2024-11,,IN,,,,,,,,
,2024-11,,IN,,,,,,,,
201,2024-11,Q-outlet,IN,,,,,,,,
202,2024-11,Majesty Wood,IN,,,,,,,,
203,2024-11,,IN,,,,,À DÉFINIR,,,
204,2024-11,,IN,,,,,,,,
205,2024-11,Continentis,IN,maison,,,,,,,
206,2024-11,,IN,,,,,,,,
207,2024-11,Continentis,IN,maison,,,,,,,
208,2024-11,,IN,,,,,,,,
209,2024-11,Fermalux,IN,,,,,FICHIER À CRÉER,En attente - Utiliser celles en place,,
210,2024-11,,IN,,,,,,,,
211,2024-11,Ciney Expo,IN,,,,Ciney Expo-eefc0131,OK,,,
212,2024-11,,IN,,,,,,,,
213,2024-11,Continentis,IN,maison,,,,,,,
214,2024-11,,IN,,,,,,,,
215,2024-11,Marneffe Immobilière,IN,,,,,OK,,,
216,2024-11,Immo Cube,IN,,,,,OK,,,
227,2024-11,Rugamba,IN,GRATUIT ,,,Rugamba-spectacle2024,OK,NEW CRÉER COLLER,,
217,2024-11,Immo Cube,IN,,,,,,,,
218,2024-11,,IN,,,,,,,,
219,2024-11,,IN,,,,ATB station adoucisseur - 2023,OK,,,
220,2024-11,,IN,,,,,,,,
221,2024-11,Continentis,IN,bureau,,,,,,,
226,2024-11,,IN,,,,,,,,
222,2024-11,Spa Rally,IN,,,,,OK,NEW CRÉER COLLER,,
224,2024-11,,IN,,,,,,,,
225,2024-11,Au Stock,IN,,,,Au Stock-ouverture non stop,OK,,,
,2024-11,,IN,,,,,,,,
,2024-11,,IN,,,,,,,,
,2024-11,,IN,,,,,,,,
,2024-11,,IN,,,,,,,,
,2024-11,,IN,,,,,,,,
,2024-11,,IN,,,,,,,,
,2024-11,,IN,,,,,,,,
,2024-11,,IN,,,,,,,,
,2024-11,,IN,,,,,,,,
,2024-11,,IN,,,,,,,,
,2024-11,,IN,,,,,,,,
,2024-11,,IN,,,,,,,,
,2024-11,,IN,,,,,,,,
301,2024-11,Multiwex,IN,Starcadium (depot),,,,OK,Attention rotation,,
302,2024-11,,IN,,,,,OK,,,
303,2024-11,,IN,,,,,,,,
304,2024-11,Chimsco,IN,,,,Chimsco-chassis-2024,OK,,,
305,2024-11,Continentis,IN,Maison,,,,,,,
306,2024-11,Chimsco,IN,,,,,,,,
307,2024-11,deBRY,IN,Husqvarna,,,,OK,,,
308,2024-11,Poils & Plumes Ciney,IN,,,,,OK,,,
319,2024-11,deBRY,IN,Husqvarna,,,Debry-2024,OK,Attention rotation,,
309,2024-11,Chimsco,IN,,,,,,,,
310,2024-11,,IN,Travaux,,,,,,,
311,2024-11,Au Stock,IN,,,,,,,,
312,2024-11,Poils & Plumes Dinant,IN,,,,,OK,,,
313,2024-11,Au Stock,IN,,,,,,,,
314,2024-11,Chimsco,IN,,,,,,,,
315,2024-11,Continentis,IN,maison,,,,,,,
316,2024-11,,IN,,,,,,,,
317,2024-11,Ciney Expo,IN,,,,,,,,
318,2024-11,Continentis,IN,maison ,,,,,,,
320,2024-11,JCP Cleaning,IN,Net bureau ,,,JCP-Cleaning-Bureaux,OK,,,
321,2024-11,Terrasses du Prince,IN,,,,,,,,
322,2024-11,Terrasses du Prince,IN,,,,,,,,
323,2024-11,La Bergerette,IN,,,,,OK,,,
324,2024-11,La Bergerette,IN,,,,,,,,
325,2024-11,Q-outlet,IN,,,,,,,,
326,2024-11,Fermalux,IN,,,,,,,,
327,2024-11,Jardisart,IN,,,,,OK,,,
328,2024-11,Continentis,IN,maison,,,,,,,
329,2024-11,DEMA,IN,,,,DEMA-Noel2024,OK,NEW Livreur,,
330,2024-11,La Bergerette,IN,,,,,,,,
331,2024-11,deBRY,IN,Vêtements,,,,,,,
332,2024-11,Ciney Expo,IN,,,,,,,,
333,2024-11,La Bergerette,IN,,,,,,,,
334,2024-11,Q-outlet,IN,,,,,,,,
335,2024-11,Majesty Wood,IN,,,,,,,,
336,2024-11,La Bergerette,IN,,,,,,,,
337,2024-11,Tonton tapis,IN,,,,TontonTapis-notoriete,OK,,,
338,2024-11,La Bergerette,IN,,,,,,,,
339,2024-11,La Bergerette,IN,,,,,,,,
340,2024-11,Multiwex,IN,Darkdrift (511),,,,,,,
341,2024-11,Chimsco,IN,,,,,,,,
365,2024-11,DPS,IN,,,,DPS-coca-7-19,OK,,,
342,2024-11,Ciney Expo,IN,,,,,,,,
343,2024-11,Optic & vous,IN,,,,,OK,,,
344,2024-11,Q-outlet,IN,,,,,,,,
363,2024-11,DEMA,IN,,,,,,,,
345,2024-11,Multiwex,IN,Cube3 (361),,,,,,,
346,2024-11,La Bergerette,IN,,,,,,,,
359,2024-11,Locadepot,IN,,,,,,,,
360,2024-11,DEMA,IN,,,,,,,,
361,2024-11,,IN,,,,,,,,
,2024-11,,IN,,,,,,,,
347,2024-11,BP Martelange,IN,,,,BPmartelange-coca-1098,OK,,,
348,2024-11,DEMA,IN,,,,,,,,
349,2024-11,Multiwex,IN,BK (525),,,,,,,
350,2024-11,Poils & Plumes Rochefort,IN,,,,,OK,,,
351,2024-11,Fermalux,IN,,,,,,,,
352,2024-11,Watt4U,IN,,,,Watt4U-notoriete,OK,,,
353,2024-11,Watt4U,IN,,,,,,,,
,2024-11,,IN,,,,,,,,
354,2024-11,Fermalux,IN,,,,,,,,
355,2024-11,La Bergerette,IN,,,,,,,,
356,2024-11,La Bergerette,IN,,,,,,,,
357,2024-11,Au Stock,IN,,,,,,,,
,2024-11,,IN,,,,,,,,
,2024-11,,IN,,,,,,,,
,2024-11,,IN,,,,,,,,
,2024-11,,IN,,,,,,,,
,2024-11,,IN,,,,,,,,
,2024-11,,IN,,,,,,,,
401,2024-11,Optique Mauën,IN,,,,optique-mauen-2024-4aabb950,OK,,,
402,2024-11,Continentis,IN,maison,,,,,,,
403,2024-11,,IN,,,,,,,,
404,2024-11,Q-outlet,IN,,,,,,,,
405,2024-11,Continentis,IN,bureau,,,,,,,
406,2024-11,DEMA,IN,,,,,,,,
407,2024-11,DEMA,IN,,,,,,,,
408,2024-11,,IN,,,,,,,,
409,2024-11,Continentis,IN,maison,,,,,,,
415,2024-11,Continentis,IN,Maison,,,,,,,
,2024-11,,IN,,,,,,,,
,2024-11,,IN,,,,,,,,
,2024-11,,IN,,,,,,,,
,2024-11,,IN,,,,,,,,
,2024-11,,IN,,,,,,,,
,2024-11,,IN,,,,,,,,
,2024-11,,IN,,,,,,,,
,2024-11,,IN,,,,,,,,
,2024-11,,IN,,,,,,,,
501,2024-11,Continentis,IN,Maison,,,,,,,
502,2024-11,DPS,IN,,,,,,,,
503,2024-11,Continentis,IN,Maison ,,,,,,,
504,2024-11,LMV,IN,,,,LMV-notoriété-2024,OK,,,
505,2024-11,DPS,IN,,,,,,,,
506,2024-11,Continentis,IN,maison ,,,,,,,
507,2024-11,DPS,IN,,,,,,,,
508,2024-11,,IN,,,,,,,,
509,2024-11,,IN,,,,,,,,
510,2024-11,DPS,IN,,,,,,,,
524,2024-11,LMV,IN,,,,,,,,
511,2024-11,Continentis,IN,Bureau ,,,,,,,
527,2024-11,LMV,IN,,,,,,,,
512,2024-11,DPS,IN,,,,,,,,
513,2024-11,Knauf,IN,,,,,OK,,,
514,2024-11,Spa Rally,IN,,,,,,,,
515,2024-11,,IN,,,,,,,,
517,2024-11,Delhaize Lux,IN,,TRUE,,,OK,,,
518,2024-11,,IN,,,,,,,,
519,2024-11,Spa Rally,IN,,,,,,,,
520,2024-11,Delhaize Lux,IN,,TRUE,,,,,,
521,2024-11,,IN,,,,,,,,
522,2024-11,,IN,,,,,,,,
525,2024-11,Multiwex,IN,Buzz (350),,,,,,,
526,2024-11,,IN,,,,,,,,
530,2024-11,DPS,IN,,,,,,,,
,2024-11,,IN,,,,,,,,
,2024-11,,IN,,,,,,,,
,2024-11,,IN,,,,,,,,
,2024-11,,IN,,,,,,,,
,2024-11,,IN,,,,,,,,
,2024-11,,IN,,,,,,,,
,2024-11,,IN,,,,,,,,
,2024-11,,IN,,,,,,,,
,2024-11,,IN,,,,,,,,
,2024-11,,IN,,,,,,,,
,2024-11,,IN,,,,,,,,
,2024-11,,OUT,,,,,,,,
102,2024-11,DEMA,OUT,,,,,,,,
,2024-11,,OUT,,,,,,,,
104,2024-11,,OUT,,,,,,,,
105,2024-11,Q-outlet,OUT,,,,,,,,
106,2024-11,,OUT,,,,,,,,
107,2024-11,Continentis,OUT,bureau,,,,,,,
,2024-11,BLOQUÉ,OUT,BLOQUÉ,,,,,,,
109,2024-11,,OUT,,,,,,,,
110,2024-11,,OUT,,,,,,,,
111,2024-11,,OUT,,,,,,,,
112,2024-11,,OUT,,,,,,,,
113,2024-11,Fermalux,OUT,,,,,,,,
,2024-11,,OUT,,,,,,,,
,2024-11,,OUT,,,,,,,,
,2024-11,,OUT,,,,,,,,
,2024-11,,OUT,,,,,,,,
,2024-11,,OUT,,,,,,,,
,2024-11,,OUT,,,,,,,,
,2024-11,,OUT,,,,,,,,
,2024-11,,OUT,,,,,,,,
,2024-11,,OUT,,,,,,,,
,2024-11,,OUT,,,,,,,,
,2024-11,,OUT,,,,,,,,
201,2024-11,Thomas et Piron,OUT,,,,,OK,NEW CRÉER COLLER,,
202,2024-11,,OUT,,,,,,,,
203,2024-11,,OUT,,,,,,,,
204,2024-11,,OUT,,,,,,,,
205,2024-11,Spa Rally,OUT,,,,,,,,
206,2024-11,,OUT,,,,,,,,
207,2024-11,,OUT,,,,,,,,
208,2024-11,,OUT,,,,,,,,
209,2024-11,,OUT,,,,,,,,
210,2024-11,,OUT,,,,,,,,
211,2024-11,,OUT,,,,,,,,
212,2024-11,,OUT,,,,,,,,
213,2024-11,,OUT,,,,,,,,
214,2024-11,,OUT,,,,,,,,
215,2024-11,,OUT,,,,,,,,
216,2024-11,Concept-R ,OUT,,,,ConceptR-notoriete-2024,OK,,,
227,2024-11,,OUT,,,,,,,,
217,2024-11,Concept-R ,OUT,,,,,,,,
218,2024-11,,OUT,,,,,,,,
219,2024-11,,OUT,,,,,,,,
220,2024-11,,OUT,,,,,,,,
221,2024-11,,OUT,,,,,,,,
226,2024-11,,OUT,,,,,,,,
222,2024-11,,OUT,,,,,,,,
224,2024-11,,OUT,,,,,,,,
225,2024-11,Multiwex,OUT,Eyestart (313),,,,,,,
,2024-11,,OUT,,,,,,,,
,2024-11,,OUT,,,,,,,,
,2024-11,,OUT,,,,,,,,
,2024-11,,OUT,,,,,,,,
,2024-11,,OUT,,,,,,,,
,2024-11,,OUT,,,,,,,,
,2024-11,,OUT,,,,,,,,
,2024-11,,OUT,,,,,,,,
,2024-11,,OUT,,,,,,,,
,2024-11,,OUT,,,,,,,,
,2024-11,,OUT,,,,,,,,
,2024-11,,OUT,,,,,,,,
,2024-11,,OUT,,,,,,,,
301,2024-11,Lumarvel,OUT,,,,,,,,
302,2024-11,,OUT,,,,,,,,
303,2024-11,,OUT,,,,,,,,
304,2024-11,La Bergerette,OUT,,,,,,,,
305,2024-11,,OUT,,,,,,,,
306,2024-11,,OUT,,,,,,,,
307,2024-11,Jardisart,OUT,,,,,,,,
308,2024-11,Au Stock,OUT,,,,,,,,
319,2024-11,Condroz Gibier,OUT,,,,Condroz Gibier-Comptoir ouvert,OK,,,
309,2024-11,Locadepot BOX,OUT,,,,,,,,
310,2024-11,,OUT,Travaux,,,,,,,
311,2024-11,Multiwex,OUT,K7 (348),,,,,,,
312,2024-11,deBRY,OUT,Husqvarna,,,,,,,
313,2024-11,Condroz Gibier,OUT,,,,,,,,
314,2024-11,Locadepot BOX,OUT,,,,,,,,
315,2024-11,Locadepot BOX,OUT,,,,,,,,
316,2024-11,,OUT,,,,,,,,
317,2024-11,Locadepot BOX,OUT,,,,,,,,
318,2024-11,,OUT,,,,,,,,
320,2024-11,Majesty Wood,OUT,,,,,,,,
321,2024-11,,OUT,,,,,,,,
322,2024-11,BLOQUÉ,OUT,BLOQUÉ,,,,,,,
323,2024-11,,OUT,,,,,,,,
324,2024-11,,OUT,,,,,,,,
325,2024-11,La Bergerette,OUT,,,,,,,,
326,2024-11,,OUT,,,,,,,,
327,2024-11,La Bergerette,OUT,,,,,,,,
328,2024-11,Kids and us Gembloux,OUT,,,,Kids and us Gembloux,OK,,,
329,2024-11,Terrasses du Prince,OUT,,,,,,,,
330,2024-11,,OUT,,,,,,,,
331,2024-11,DEMA,OUT,,,,,,,,
332,2024-11,La Bergerette,OUT,,,,,,,,
333,2024-11,,OUT,,,,,,,,
334,2024-11,BLOQUÉ,OUT,BLOQUÉ,,,,,,,
335,2024-11,La Bergerette,OUT,,,,,,,,
336,2024-11,Continentis,OUT,maison,,,,,,,
337,2024-11,,OUT,,,,,,,,
338,2024-11,,OUT,,,,,,,,
339,2024-11,Marco Magazzino,OUT,,,,Marco Magazzino-Fosse-2024,OK,NEW CRÉER COLLER,,
340,2024-11,Chimsco,OUT,,,,,,,,
341,2024-11,Locadepot,OUT,,,,,,,,
365,2024-11,,OUT,,,,,,,,
342,2024-11,DPS,OUT,,,,,,,,
343,2024-11,Urbaine,OUT,,,,Urbaine-automne 2024,OK,,,
344,2024-11,Pirouette,OUT,Gr ,,,,FICHIER CLIENT,Nouvelle bache (graffiti),,
363,2024-11,La Bergerette,OUT,,,,,,,,
345,2024-11,Pessleux,OUT,,TRUE,,,OK,,,
346,2024-11,,OUT,,,,,,,,
359,2024-11,,OUT,,,,,,,,
360,2024-11,,OUT,,,,,,,,
361,2024-11,,OUT,,,,,,,,
,2024-11,,OUT,,,,,,,,
347,2024-11,Chimsco,OUT,,,,,,,,
348,2024-11,DEMA,OUT,,,,,,,,
349,2024-11,LMV,OUT,,,,,,,,
350,2024-11,Ciney Expo,OUT,,,,,,,,
351,2024-11,,OUT,,,,,,,,
352,2024-11,La Bergerette,OUT,,,,,,,,
353,2024-11,DEMA,OUT,,,,,,,,
,2024-11,,OUT,,,,,,,,
354,2024-11,,OUT,,,,,,,,
355,2024-11,,OUT,,,,,,,,
356,2024-11,,OUT,,,,,,,,
357,2024-11,,OUT,,,,,,,,
,2024-11,,OUT,,,,,,,,
,2024-11,,OUT,,,,,,,,
,2024-11,,OUT,,,,,,,,
,2024-11,,OUT,,,,,,,,
,2024-11,,OUT,,,,,,,,
,2024-11,,OUT,,,,,,,,
401,2024-11,,OUT,,,,,,,,
402,2024-11,,OUT,,,,,,,,
403,2024-11,,OUT,,,,,,,,
404,2024-11,,OUT,,,,,,,,
405,2024-11,,OUT,,,,,,,,
406,2024-11,,OUT,,,,,,,,
407,2024-11,,OUT,,,,,,,,
408,2024-11,,OUT,,,,,,,,
409,2024-11,,OUT,,,,,,,,
415,2024-11,,OUT,,,,,,,,
,2024-11,,OUT,,,,,,,,
,2024-11,,OUT,,,,,,,,
,2024-11,,OUT,,,,,,,,
,2024-11,,OUT,,,,,,,,
,2024-11,,OUT,,,,,,,,
,2024-11,,OUT,,,,,,,,
,2024-11,,OUT,,,,,,,,
,2024-11,,OUT,,,,,,,,
,2024-11,,OUT,,,,,,,,
501,2024-11,DPS,OUT,,,,,,,,
502,2024-11,,OUT,,,,,,,,
503,2024-11,,OUT,,,,,,,,
504,2024-11,,OUT,,,,,,,,
505,2024-11,,OUT,,,,,,,,
506,2024-11,DPS,OUT,,,,,,,,
507,2024-11,Majesty Wood,OUT,,,,,,,,
508,2024-11,DPS,OUT,,,,,,,,
509,2024-11,,OUT,,,,,,,,
510,2024-11,DPS,OUT,,,,,,,,
524,2024-11,,OUT,,,,,,,,
511,2024-11,,OUT,,,,,,,,
527,2024-11,,OUT,,,,,,,,
512,2024-11,,OUT,,,,,,,,
513,2024-11,,OUT,,,,,,,,
514,2024-11,Delhaize Lux,OUT,,TRUE,,,,,,
515,2024-11,Delhaize Lux,OUT,,TRUE,,,,,,
517,2024-11,Knauf,OUT,,,,,,,,
518,2024-11,,OUT,,,,,,,,
519,2024-11,,OUT,,,,,,,,
520,2024-11,,OUT,,,,,,,,
521,2024-11,,OUT,,,,,,,,
522,2024-11,,OUT,,,,,,,,
525,2024-11,Majesty Wood,OUT,,,,,,,,
526,2024-11,,OUT,,,,,,,,
530,2024-11,,OUT,,,,,,,,
,2024-11,,OUT,,,,,,,,
,2024-11,,OUT,,,,,,,,
,2024-11,,OUT,,,,,,,,
,2024-11,,OUT,,,,,,,,
,2024-11,,OUT,,,,,,,,
,2024-11,,OUT,,,,,,,,
,2024-11,,OUT,,,,,,,,
,2024-11,,OUT,,,,,,,,
,2024-11,,OUT,,,,,,,,
,2024-11,,OUT,,,,,,,,
,2024-11,,OUT,,,,,,,,
,2024-12,,IN,,,,,,,,
102,2024-12,,IN,,,,,,,,
,2024-12,,IN,,,,,,,,
104,2024-12,,IN,,,,,FICHIER CLIENT,,,
105,2024-12,Q-outlet,IN,,TRUE,,Q-outlet-RapportQualitePrix-143e82ed,OK,,,
106,2024-12,,IN,,,,,,,,
107,2024-12,Q-outlet,IN,,TRUE,,,,,,
,2024-12,BLOQUÉ,IN,BLOQUÉ,,,,,,,
109,2024-12,,IN,,,,,,,,
110,2024-12,,IN,,,,,,,,
111,2024-12,,IN,,,,,,,,
112,2024-12,,IN,,,,,,,,
113,2024-12,Multiwex,IN,,TRUE,,,,new en partie voir tableau,,
,2024-12,,IN,,,,,,,,
,2024-12,,IN,,,,,,,,
,2024-12,,IN,,,,,,,,
,2024-12,,IN,,,,,,,,
,2024-12,,IN,,,,,,,,
,2024-12,,IN,,,,,,,,
,2024-12,,IN,,,,,,,,
,2024-12,,IN,,,,,,,,
,2024-12,,IN,,,,,,,,
,2024-12,,IN,,,,,,,,
,2024-12,,IN,,,,,,,,
201,2024-12,Chassis Lemmens,IN,NEW,TRUE,,Chassis Lemmens-2024,BÂCHE COMMANDÉE,New Créer Coller,,
202,2024-12,Chassis Lemmens,IN,NEW,TRUE,,,,,,
203,2024-12,Auto 5 Tihange,IN,NEW,TRUE,,Auto 5 Tihange-afc95f38,BÂCHE COMMANDÉE,Nouvelle partie prix,,
204,2024-12,Auto 5 Tihange,IN,NEW,TRUE,,,,,,
205,2024-12,Auto 5 Tihange,IN,NEW,TRUE,,,,,,
206,2024-12,Auto 5 Tihange,IN,NEW,TRUE,,,,,,
207,2024-12,Auto 5 Tihange,IN,NEW,TRUE,,,,,,
208,2024-12,,IN,,,,,,,,
209,2024-12,La Bergerette,IN,,TRUE,,,,,,
210,2024-12,Continentis,IN,maison,,,,,,,
211,2024-12,,IN,,,,,,,,
212,2024-12,,IN,,,,,,,,
213,2024-12,Continentis,IN,bureau,,,,,,,
214,2024-12,,IN,,,,,,,,
215,2024-12,,IN,,,,,,,,
216,2024-12,Marneffe Immobilière,IN,,TRUE,,Marneffe Immobilière-2022,OK,,,
227,2024-12,,IN,,,,,,,,
217,2024-12,Continentis,IN,maison ,,,,,,,
218,2024-12,,IN,,,,,,,,
219,2024-12,,IN,,,,ATB station adoucisseur - 2023,OK,,,
220,2024-12,,IN,,,,,,,,
221,2024-12,,IN,,,,,,,,
226,2024-12,,IN,,,,,,,,
222,2024-12,Continentis,IN,maison,,,,,,,
224,2024-12,,IN,,,,,,,,
225,2024-12,DEMA,IN,,TRUE,,DEMA-Noel2024,OK,,,
,2024-12,,IN,,,,,,,,
,2024-12,,IN,,,,,,,,
,2024-12,,IN,,,,,,,,
,2024-12,,IN,,,,,,,,
,2024-12,,IN,,,,,,,,
,2024-12,,IN,,,,,,,,
,2024-12,,IN,,,,,,,,
,2024-12,,IN,,,,,,,,
,2024-12,,IN,,,,,,,,
,2024-12,,IN,,,,,,,,
,2024-12,,IN,,,,,,,,
,2024-12,,IN,,,,,,,,
,2024-12,,IN,,,,,,,,
301,2024-12,La Bergerette,IN,,TRUE,,,,,,
302,2024-12,,IN,,,,,,,,
303,2024-12,Fintro Ciney,IN,New,TRUE,,Fintro Ciney-Noel2024,BÂCHE COMMANDÉE,Nouveau visuel fêtes,,
304,2024-12,La Bergerette,IN,,TRUE,,,,,,
305,2024-12,,IN,,,,,,,,
306,2024-12,Au Stock,IN,,TRUE,,Au Stock-ouverture non stop,OK,,,
307,2024-12,Au Stock,IN,,TRUE,,,,,,
308,2024-12,La Bergerette,IN,,TRUE,,,,,,
319,2024-12,Au Stock,IN,,TRUE,,,,,,
309,2024-12,Fintro Ciney,IN,New,TRUE,,,,,,
310,2024-12,Condroz Gibier,IN,,TRUE,,Condroz Gibier-Comptoir ouvert,OK,,,
311,2024-12,Multiwex,IN,,TRUE,,,,,,
312,2024-12,Fintro Ciney,IN,New,TRUE,,,,,,
313,2024-12,deBRY,IN,Vêtements,TRUE,,Debry-2024,OK,Voit tableau d'affichage,,
314,2024-12,Q-outlet,IN,,TRUE,,,,,,
315,2024-12,Condroz Gibier,IN,,TRUE,,,,,,
316,2024-12,La Bergerette,IN,,TRUE,,,,,,
317,2024-12,La Bergerette,IN,,TRUE,,,,,,
318,2024-12,,IN,,,,,,,,
320,2024-12,La Bergerette,IN,,TRUE,,,,,,
321,2024-12,,IN,,,,,,,,
322,2024-12,La Bergerette,IN,,TRUE,,,,,,
323,2024-12,Continentis,IN,maison,,,,,,,
324,2024-12,,IN,,,,,,,,
325,2024-12,Terrasses du Prince,IN,,TRUE,,TerrasseDuPrince-2024,OK,,,
326,2024-12,La Bergerette,IN,,TRUE,,,,,,
327,2024-12,Terrasses du Prince,IN,,TRUE,,,,,,
328,2024-12,Terrasses du Prince,IN,,TRUE,,,,,,
329,2024-12,Continentis,IN,maison,,,,,,,
330,2024-12,La Bergerette,IN,,TRUE,,,,,,
331,2024-12,Continentis,IN,maison,,,,,,,
332,2024-12,La Bergerette,IN,,TRUE,,,,,,
333,2024-12,La Bergerette,IN,,TRUE,,,,,,
334,2024-12,Q-outlet,IN,,TRUE,,,,,,
335,2024-12,DEMA,IN,,TRUE,,,,,,
336,2024-12,Continentis,IN,maison,,,,,,,
337,2024-12,La Bergerette,IN,,TRUE,,,,,,
338,2024-12,Sapigrange,IN,,TRUE,,Sapigrange-2023,OK,ancienne bâche,,
339,2024-12,Marco Magazzino,IN,,TRUE,,Marco Magazzino-Fosse-2024,OK,,,
340,2024-12,Continentis,IN,bureau,,,,,,,
341,2024-12,deBRY,IN,Milwaukee,TRUE,,,,,,
365,2024-12,DPS,IN,New,TRUE,,,OK,,,
342,2024-12,La Bergerette,IN,,TRUE,,,,,,
343,2024-12,Multiwex,IN,BattleKart,TRUE,,,,,,
344,2024-12,Continentis,IN,maison ,,,,,,,
363,2024-12,La Bergerette,IN,,TRUE,,,,,,
345,2024-12,Locadepot,IN,,TRUE,,,,,,
346,2024-12,Locadepot,IN,,TRUE,,,,,,
359,2024-12,La Bergerette,IN,,TRUE,,,,,,
360,2024-12,DEMA,IN,,TRUE,,,,,,
361,2024-12,,IN,,,,,,,,
,2024-12,,IN,,,,,,,,
347,2024-12,BP Martelange,IN,,TRUE,,BPmartelange-coca-1098,OK,,,
348,2024-12,deBRY,IN,Husqvarna,TRUE,,,,,,
349,2024-12,Multiwex,IN,,TRUE,,,,,,
350,2024-12,DEMA,IN,,TRUE,,,,,,
351,2024-12,DEMA,IN,,TRUE,,,,,,
352,2024-12,Watt4U,IN,,TRUE,,Watt4U-notoriete,OK,,,
353,2024-12,Watt4U,IN,,TRUE,,,,,,
,2024-12,,IN,,,,,,,,
354,2024-12,,IN,,,,,,,,
355,2024-12,La Bergerette,IN,,TRUE,,,,,,
356,2024-12,,IN,,,,,,,,
357,2024-12,DEMA,IN,,TRUE,,,,,,
,2024-12,,IN,,,,,,,,
,2024-12,,IN,,,,,,,,
,2024-12,,IN,,,,,,,,
,2024-12,,IN,,,,,,,,
,2024-12,,IN,,,,,,,,
,2024-12,,IN,,,,,,,,
401,2024-12,La Bergerette,IN,,TRUE,,,,,,
402,2024-12,Continentis,IN,maison,,,,,,,
403,2024-12,,IN,,,,,,,,
404,2024-12,Continentis,IN,maison ,,,,,,,
405,2024-12,DEMA,IN,,TRUE,,,,,,
406,2024-12,,IN,,,,,,,,
407,2024-12,Continentis,IN,bureau ,,,,,,,
408,2024-12,DEMA,IN,,TRUE,,,,,,
409,2024-12,,IN,,,,,,,,
415,2024-12,Continentis,IN,maison,,,,,,,
,2024-12,,IN,,,,,,,,
,2024-12,,IN,,,,,,,,
,2024-12,,IN,,,,,,,,
,2024-12,,IN,,,,,,,,
,2024-12,,IN,,,,,,,,
,2024-12,,IN,,,,,,,,
,2024-12,,IN,,,,,,,,
,2024-12,,IN,,,,,,,,
,2024-12,,IN,,,,,,,,
501,2024-12,,IN,,,,,,,,
502,2024-12,DPS,IN,,,,,,,,
503,2024-12,Naturpark Sur,IN,,FALSE,,,OK,,,
504,2024-12,Naturpark Sur,IN,,FALSE,,,,,,
505,2024-12,DPS,IN,,,,,,,,
506,2024-12,Continentis,IN,maison,,,,,,,
507,2024-12,DPS,IN,,,,,,,,
508,2024-12,,IN,,,,,,,,
509,2024-12,Continentis,IN,bureau ,,,,,,,
510,2024-12,DPS,IN,,,,,,,,
524,2024-12,Continentis,IN,maison,,,,,,,
511,2024-12,Multiwex,IN,,FALSE,,,,,,
527,2024-12,Continentis,IN,maison,,,,,,,
512,2024-12,DPS,IN,,,,,,,,
513,2024-12,Knauf,IN,,TRUE,,,OK,,,
514,2024-12,,IN,,,,,,,,
515,2024-12,,IN,,,,,,,,
517,2024-12,Delhaize Lux,IN,,TRUE,,,OK,,,
518,2024-12,,IN,,,,,,,,
519,2024-12,,IN,,,,,,,,
520,2024-12,Delhaize Lux,IN,,TRUE,,,,,,
521,2024-12,,IN,,,,,,,,
522,2024-12,,IN,,,,,,,,
525,2024-12,EASYHOME,IN,,,,,,,,
526,2024-12,,IN,,,,,,,,
530,2024-12,DPS,IN,,,,,,,,
,2024-12,,IN,,,,,,,,
,2024-12,,IN,,,,,,,,
,2024-12,,IN,,,,,,,,
,2024-12,,IN,,,,,,,,
,2024-12,,IN,,,,,,,,
,2024-12,,IN,,,,,,,,
,2024-12,,IN,,,,,,,,
,2024-12,,IN,,,,,,,,
,2024-12,,IN,,,,,,,,
,2024-12,,IN,,,,,,,,
,2024-12,,IN,,,,,,,,
,2024-12,,OUT,,,,,,,,
102,2024-12,Q-outlet,OUT,,TRUE,,,,,,
,2024-12,,OUT,,,,,,,,
104,2024-12,Continentis,OUT,Maison,,,,,,,
105,2024-12,Terrasses du Prince,OUT,,TRUE,,,,,,
106,2024-12,Continentis,OUT,,,,,,,,
107,2024-12,,OUT,,,,,,,,
,2024-12,BLOQUÉ,OUT,BLOQUÉ,,,,,,,
109,2024-12,,OUT,,,,,,,,
110,2024-12,Continentis,OUT,maison,,,,,,,
111,2024-12,,OUT,,,,,,,,
112,2024-12,Continentis,OUT,maison,,,,,,,
113,2024-12,,OUT,,,,,,,,
,2024-12,,OUT,,,,,,,,
,2024-12,,OUT,,,,,,,,
,2024-12,,OUT,,,,,,,,
,2024-12,,OUT,,,,,,,,
,2024-12,,OUT,,,,,,,,
,2024-12,,OUT,,,,,,,,
,2024-12,,OUT,,,,,,,,
,2024-12,,OUT,,,,,,,,
,2024-12,,OUT,,,,,,,,
,2024-12,,OUT,,,,,,,,
,2024-12,,OUT,,,,,,,,
201,2024-12,Thomas et Piron,OUT,,TRUE,,Thomas et Piron-Projet Verte Voie-Hannut2024,OK,,,
202,2024-12,,OUT,,,,,,,,
203,2024-12,,OUT,,,,,,,,
204,2024-12,,OUT,,,,,,,,
205,2024-12,,OUT,,,,,,,,
206,2024-12,,OUT,,,,,,,,
207,2024-12,,OUT,,,,,,,,
208,2024-12,Auto 5 Tihange,OUT,NEW,TRUE,,,,,,
209,2024-12,,OUT,,,,,,,,
210,2024-12,EASYHOME,OUT,,,,,,,,
211,2024-12,EASYHOME,OUT,,,,,,,,
212,2024-12,,OUT,,,,,,,,
213,2024-12,,OUT,,,,,,,,
214,2024-12,,OUT,,,,,,,,
215,2024-12,,OUT,,,,,,,,
216,2024-12,,OUT,,,,,,,,
227,2024-12,,OUT,,,,,,,,
217,2024-12,,OUT,,,,,,,,
218,2024-12,,OUT,,,,,,,,
219,2024-12,,OUT,,,,,,,,
220,2024-12,,OUT,,,,,,,,
221,2024-12,,OUT,,,,,,,,
226,2024-12,,OUT,,,,,,,,
222,2024-12,,OUT,,,,,,,,
224,2024-12,,OUT,,,,,,,,
225,2024-12,Multiwex,OUT,Starcadium (depot),TRUE,,,,,,
,2024-12,,OUT,,,,,,,,
,2024-12,,OUT,,,,,,,,
,2024-12,,OUT,,,,,,,,
,2024-12,,OUT,,,,,,,,
,2024-12,,OUT,,,,,,,,
,2024-12,,OUT,,,,,,,,
,2024-12,,OUT,,,,,,,,
,2024-12,,OUT,,,,,,,,
,2024-12,,OUT,,,,,,,,
,2024-12,,OUT,,,,,,,,
,2024-12,,OUT,,,,,,,,
,2024-12,,OUT,,,,,,,,
,2024-12,,OUT,,,,,,,,
301,2024-12,EASYHOME,OUT,,,,,,,,
302,2024-12,,OUT,,,,,,,,
303,2024-12,,OUT,,,,,,,,
304,2024-12,EASYHOME,OUT,,,,,,,,
305,2024-12,,OUT,,,,,,,,
306,2024-12,,OUT,,,,,,,,
307,2024-12,EASYHOME,OUT,Ciney,,,,,,,
308,2024-12,Locadepot BOX,OUT,,TRUE,,,,,,
319,2024-12,Poils & Plumes Ciney,OUT,,TRUE,,Poils & Plumes Ciney-Dinant-Rochefort Notoriété,OK,Notoriété,,
309,2024-12,L'âme des chose,OUT,,TRUE,,,,Ancienne bâche,,
310,2024-12,La Bergerette,OUT,Ciney,TRUE,,,,,,
311,2024-12,deBRY,OUT,Husqvarna,TRUE,,,,,,
312,2024-12,Fintro Ciney,OUT,New,TRUE,,,,,,
313,2024-12,EASYHOME,OUT,,,,,,,,
314,2024-12,Poils & Plumes Dinant,OUT,,TRUE,,Poils & Plumes Ciney-Dinant-Rochefort Notoriété,OK,,,
315,2024-12,Sly Invest ,OUT,New,TRUE,,,BÂCHE CLIENT,New bâche,,
316,2024-12,,OUT,,,,,,,,
317,2024-12,Locadepot BOX,OUT,,TRUE,,,,,,
318,2024-12,,OUT,,,,,,,,
320,2024-12,,OUT,,,,,,,,
321,2024-12,,OUT,,,,,,,,
322,2024-12,BLOQUÉ,OUT,BLOQUÉ,,,,,,,
323,2024-12,,OUT,,,,,,,,
324,2024-12,,OUT,,,,,,,,
325,2024-12,DEMA,OUT,,TRUE,,,,,,
326,2024-12,Continentis,OUT,maison,,,,,,,
327,2024-12,Q-outlet,OUT,,TRUE,,,,,,
328,2024-12,,OUT,,,,,,,,
329,2024-12,,OUT,,,,,,,,
330,2024-12,DEMA,OUT,,TRUE,,,,,,
331,2024-12,,OUT,,,,,,,,
332,2024-12,Locadepot BOX,OUT,,TRUE,,,,,,
333,2024-12,DEMA,OUT,,TRUE,,,,,,
334,2024-12,BLOQUÉ,OUT,BLOQUÉ,,,,,,,
335,2024-12,,OUT,,,,,,,,
336,2024-12,La Bergerette,OUT,,TRUE,,,,,,
337,2024-12,Continentis,OUT,,,,,,,,
338,2024-12,DEMA,OUT,,TRUE,,,,,,
339,2024-12,Pessleux,OUT,,TRUE,,Pessleux-serres,OK,,,
340,2024-12,,OUT,,,,,,,,
341,2024-12,La Bergerette,OUT,,TRUE,,,,,,
365,2024-12,,OUT,,,,,,,,
342,2024-12,,OUT,,,,,,,,
343,2024-12,DPS,OUT,,TRUE,,,,,,
344,2024-12,La Bergerette,OUT,,TRUE,,,,,,
363,2024-12,DPS,OUT,New,TRUE,,,,,,
345,2024-12,,OUT,,,,,,,,
346,2024-12,,OUT,,,,,,,,
359,2024-12,,OUT,,,,,,,,
360,2024-12,,OUT,,,,,,,,
361,2024-12,,OUT,,,,,,,,
,2024-12,,OUT,,,,,,,,
347,2024-12,,OUT,,,,,,,,
348,2024-12,EASYHOME,OUT,Marche,,,,,,,
349,2024-12,EASYHOME,OUT,Marche,,,,,,,
350,2024-12,Multiwex,OUT,,TRUE,,,,,,
351,2024-12,EASYHOME,OUT,Marche,,,,,,,
352,2024-12,Poils & Plumes Rochefort,OUT,,TRUE,,Poils & Plumes Ciney-Dinant-Rochefort Notoriété,OK,,,
353,2024-12,EASYHOME,OUT,,,,,,,,
,2024-12,,OUT,,,,,,,,
354,2024-12,,OUT,,,,,,,,
355,2024-12,,OUT,,,,,,,,
356,2024-12,,OUT,,,,,,,,
357,2024-12,Au Stock,OUT,,TRUE,,,,,,
,2024-12,,OUT,,,,,,,,
,2024-12,,OUT,,,,,,,,
,2024-12,,OUT,,,,,,,,
,2024-12,,OUT,,,,,,,,
,2024-12,,OUT,,,,,,,,
,2024-12,,OUT,,,,,,,,
401,2024-12,,OUT,,,,,,,,
402,2024-12,,OUT,,,,,,,,
403,2024-12,,OUT,,,,,,,,
404,2024-12,,OUT,,,,,,,,
405,2024-12,,OUT,,,,,,,,
406,2024-12,,OUT,,,,,,,,
407,2024-12,,OUT,,,,,,,,
408,2024-12,,OUT,,,,,,,,
409,2024-12,,OUT,,,,,,,,
415,2024-12,,OUT,,,,,,,,
,2024-12,,OUT,,,,,,,,
,2024-12,,OUT,,,,,,,,
,2024-12,,OUT,,,,,,,,
,2024-12,,OUT,,,,,,,,
,2024-12,,OUT,,,,,,,,
,2024-12,,OUT,,,,,,,,
,2024-12,,OUT,,,,,,,,
,2024-12,,OUT,,,,,,,,
,2024-12,,OUT,,,,,,,,
501,2024-12,DPS,OUT,,,,,,,,
502,2024-12,,OUT,,,,,,,,
503,2024-12,The Red Room,OUT,NEW CC,TRUE,,The Red Room-2024,BÂCHE COMMANDÉE,,,
504,2024-12,,OUT,,,,,,,,
505,2024-12,,OUT,,,,,,,,
506,2024-12,DPS,OUT,,,,,,,,
507,2024-12,,OUT,,,,,,,,
508,2024-12,DPS,OUT,,,,,,,,
509,2024-12,,OUT,,,,,,,,
510,2024-12,DPS,OUT,,,,,,,,
524,2024-12,,OUT,,,,,,,,
511,2024-12,,OUT,,,,,,,,
527,2024-12,,OUT,,,,,,,,
512,2024-12,,OUT,,,,,,,,
513,2024-12,,OUT,,,,,,,,
514,2024-12,Delhaize Lux,OUT,,TRUE,,,,,,
515,2024-12,Delhaize Lux,OUT,,TRUE,,,,,,
517,2024-12,Knauf,OUT,,TRUE,,,,,,
518,2024-12,,OUT,,,,,,,,
519,2024-12,,OUT,,,,,,,,
520,2024-12,,OUT,,,,,,,,
521,2024-12,,OUT,,,,,,,,
522,2024-12,,OUT,,,,,,,,
525,2024-12,,OUT,,,,,,,,
526,2024-12,,OUT,,,,,,,,
530,2024-12,,OUT,,,,,,,,
,2024-12,,OUT,,,,,,,,
,2024-12,,OUT,,,,,,,,
,2024-12,,OUT,,,,,,,,
,2024-12,,OUT,,,,,,,,
,2024-12,,OUT,,,,,,,,
,2024-12,,OUT,,,,,,,,
,2024-12,,OUT,,,,,,,,
,2024-12,,OUT,,,,,,,,
,2024-12,,OUT,,,,,,,,
,2024-12,,OUT,,,,,,,,
,2024-12,,OUT,,,,,,,,
,2025-01,,IN,,,,,,,,
102,2025-01,DEMA,IN,soldes,TRUE,,DEMA-soldes-2023,BÂCHE REÇUE,Idem 2024,,
,2025-01,,IN,,TRUE,,,,,,
104,2025-01,Continentis,IN,,TRUE,,Continentis-2024,OK,,,
105,2025-01,DEMA,IN,soldes,TRUE,,,,,,
106,2025-01,Q-outlet,IN,NEW,TRUE,,Q-outlet-2025_toute-l-annee,BÂCHE REÇUE,,,
107,2025-01,Steveny,IN,,TRUE,,Steveny-KIA-ContitionsSalon,BÂCHE REÇUE,,,
108,2025-01,,IN,,TRUE,,,,,,
109,2025-01,Steveny,IN,,TRUE,,,,,,
110,2025-01,Q-outlet,IN,NEW,TRUE,,,,,,
111,2025-01,Steveny,IN,NEW,TRUE,,,,,,
112,2025-01,Steveny,IN,NEW,TRUE,,,,,,
113,2025-01,Steveny,IN,,TRUE,,,,,,
114,2025-01,,IN,,,,,,,,
,2025-01,,IN,,TRUE,,,,,,
,2025-01,,IN,,TRUE,,,,,,
,2025-01,,IN,,,,,,,,
,2025-01,,IN,,,,,,,,
,2025-01,,IN,,,,,,,,
,2025-01,,IN,,,,,,,,
,2025-01,,IN,,,,,,,,
,2025-01,,IN,,,,,,,,
,2025-01,,IN,,,,,,,,
,2025-01,,IN,,,,,,,,
201,2025-01,Continentis,IN,maison,TRUE,,,,,,
202,2025-01,,IN,,,,,,,,
203,2025-01,,IN,,,,,,,,
204,2025-01,,IN,,,,,,,,
205,2025-01,,IN,,,,,,,,
206,2025-01,,IN,,,,,,,,
207,2025-01,Continentis,IN,maison,TRUE,,,,,,
208,2025-01,,IN,,,,,,,,
209,2025-01,,IN,,,,,,,,
210,2025-01,Multiwex,IN,Starcadium,TRUE,,Multiwex-2e5fb2a1,OK,"5 générales, starkadium, battlekart",,
211,2025-01,,IN,,,,,,,,
212,2025-01,,IN,,,,,,,,
213,2025-01,,IN,,,,,,,,
214,2025-01,,IN,,,,,,,,
215,2025-01,,IN,,,,,,,,
216,2025-01,Immo Cube,IN,,TRUE,,Immo Cube-JoyeusesFetes,BÂCHE REÇUE,Joyeuses fêtes,,
227,2025-01,,IN,,,,,,,,
217,2025-01,,IN,,,,,,,,
218,2025-01,Continentis,IN,Bureau,TRUE,,,,,,
,2025-01,,IN,,,,,,,,
220,2025-01,,IN,,,,,,,,
221,2025-01,,IN,,,,,,,,
226,2025-01,,IN,,,,,,,,
222,2025-01,Continentis,IN,Maison,,,,,,,
224,2025-01,,IN,,,,,,,,
225,2025-01,deBRY,IN,Husqvarna,TRUE,,,OK,,,
230,2025-01,,IN,,,,,,,,
,2025-01,,IN,,,,,,,,
,2025-01,,IN,,,,,,,,
,2025-01,,IN,,,,,,,,
,2025-01,,IN,,,,,,,,
,2025-01,,IN,,,,,,,,
,2025-01,,IN,,,,,,,,
,2025-01,,IN,,,,,,,,
,2025-01,,IN,,,,,,,,
,2025-01,,IN,,,,,,,,
,2025-01,,IN,,,,,,,,
,2025-01,,IN,,,,,,,,
,2025-01,,IN,,,,,,,,
301,2025-01,Tonton tapis,IN,,TRUE,,,,,,
,2025-01,,IN,,,,,,,,
303,2025-01,Watt4U,IN,,TRUE,,Watt4U-notoriete,OK,,,
304,2025-01,Chaussures Ballaux,IN,,TRUE,,Chaussures Ballaux-SoldesHiver,OK,,,
305,2025-01,,IN,,,,,,,,
306,2025-01,EASYHOME,IN,Ciney-Dinant,TRUE,,,,,,
307,2025-01,deBRY,IN,Vêtements,TRUE,,,,,,
367,2025-01,,IN,,TRUE,,Auping-WinterSale2025,BÂCHE REÇUE,NEW CC (expert literie),,
308,2025-01,Auping,IN,NEW,TRUE,,,BÂCHE REÇUE,Info voir JF,,
319,2025-01,Au Stock,IN,,TRUE,,,,,,
309,2025-01,deBRY,IN,Husqvarna,TRUE,,Sly Invest-aVendreDinant,OK,,,
310,2025-01,Sly Invest ,IN,,TRUE,,,,,,
311,2025-01,Chaussures Ballaux,IN,,TRUE,,,,,,
312,2025-01,Watt4U,IN,,TRUE,,,,,,
313,2025-01,Auping,IN,NEW,TRUE,,,BÂCHE COMMANDÉE,"Je ne sais pas où, voir JF",,
314,2025-01,Hanse Meubles,IN,,TRUE,,,,,,
315,2025-01,Sly Invest ,IN,,TRUE,,,,,,
316,2025-01,Locadepot BOX,IN,,TRUE,,,,,,
317,2025-01,Au Stock,IN,,,,,,,,
318,2025-01,,IN,,TRUE,,,,,,
320,2025-01,Continentis,IN,maison ,TRUE,,,,,,
321,2025-01,Q-outlet,IN,NEW,FALSE,,,,,,
322,2025-01,,IN,,TRUE,,,,,,
323,2025-01,Multiwex,IN,,TRUE,,,,,,
324,2025-01,Q-outlet,IN,NEW,TRUE,,,,,,
325,2025-01,Q-outlet,IN,NEW,,,,,,,
326,2025-01,,IN,,,,,,,,
327,2025-01,,IN,,TRUE,,,,,,
328,2025-01,Hanse Meubles,IN,maison ,TRUE,,,,,,
329,2025-01,DEMA,IN,soldes,TRUE,,,,,,
330,2025-01,Continentis,IN,maison ,TRUE,,,,,,
331,2025-01,DEMA,IN,,TRUE,,Servipools-2024-batimoi,BÂCHE REÇUE,Ajouter panneau batimoi en haut à droite,,
332,2025-01,Servipools,IN,salon,TRUE,,,,,,
333,2025-01,Auping,IN,NEW,TRUE,,,,,,
334,2025-01,Multiwex,IN,NEW,TRUE,,,,,,
335,2025-01,DEMA,IN,soldes,TRUE,,,,,,
336,2025-01,Auping,IN,NEW,TRUE,,,,,,
337,2025-01,Auping,IN,NEW,TRUE,,,,,,
338,2025-01,Continentis,IN,maison ,TRUE,,,,,,
339,2025-01,Servipools,IN,salon,TRUE,,,,,,
340,2025-01,Auping,IN,NEW,TRUE,,,BÂCHE REÇUE,,,
341,2025-01,Batimoi,IN,,TRUE,,,,,,
365,2025-01,Au Stock,IN,,TRUE,,,,,,
342,2025-01,Auping,IN,NEW,TRUE,,,,,,
343,2025-01,Multiwex,IN,,TRUE,,,,,,
344,2025-01,Tonton tapis,IN,,TRUE,,,,,,
363,2025-01,Auping,IN,NEW,TRUE,,,,,,
345,2025-01,Locadepot BOX,IN,,FALSE,,,,,,
346,2025-01,Locadepot BOX,IN,,TRUE,,,,,,
359,2025-01,EASYHOME,IN,Patron,,,,,,,
360,2025-01,,IN,,,,,,,,
361,2025-01,,IN,,,,,,,,
,2025-01,,IN,,TRUE,,,OK,,,
347,2025-01,BP Martelange,IN,,TRUE,,,,,,
348,2025-01,Chaussures Ballaux,IN,,TRUE,,,,,,
349,2025-01,Batimoi,IN,,TRUE,,,OK,,,
350,2025-01,Multiwex,IN,,TRUE,,,,,,
351,2025-01,Batimoi,IN,,TRUE,,,,,,
352,2025-01,Multiwex,IN,,TRUE,,,,,,
353,2025-01,Servipools,IN,salon,TRUE,,,,,,
,2025-01,,IN,,,,,,,,
354,2025-01,,IN,,TRUE,,,,,,
355,2025-01,Continentis,IN,maison ,,,,,,,
356,2025-01,,IN,,TRUE,,,,,,
357,2025-01,DEMA,IN,soldes,,,,,,,
,2025-01,,IN,,,,,,,,
,2025-01,,IN,,,,,,,,
,2025-01,,IN,,,,,,,,
,2025-01,,IN,,,,,,,,
,2025-01,,IN,,,,,,,,
401,2025-01,Q-outlet,IN,NEW,TRUE,,,,,,
402,2025-01,Continentis,IN,maison ,,,,,,,
403,2025-01,HANSE MEUBLES,IN,ok ,TRUE,,,,,,
404,2025-01,Continentis,IN,maison,,,,,,,
405,2025-01,DEMA,IN,soldes,TRUE,,,,,,
406,2025-01,,IN,,,,,,,,
407,2025-01,,IN,,,,,,,,
408,2025-01,Continentis,IN,Bureau,,,,,,,
409,2025-01,,IN,,,,,,,,
415,2025-01,Continentis,IN,maison ,,,,,,,
,2025-01,,IN,,,,,,,,
,2025-01,,IN,,,,,,,,
,2025-01,,IN,,,,,,,,
,2025-01,,IN,,,,,,,,
,2025-01,,IN,,,,,,,,
,2025-01,,IN,,,,,,,,
,2025-01,,IN,,,,,,,,
,2025-01,,IN,,,,,,,,
,2025-01,,IN,,,,,,,,
501,2025-01,,IN,,,,,,,,
502,2025-01,DPS,IN,,,,,OK,,,
503,2025-01,Continentis,IN,maison,,,,,,,
504,2025-01,,IN,,,,,,,,
505,2025-01,DPS,IN,,,,,,,,
506,2025-01,,IN,,,,,,,,
507,2025-01,DPS,IN,,,,,,,,
508,2025-01,,IN,,,,,,,,
509,2025-01,Continentis,IN,maison,,,,,,,
,2025-01,DPS,IN,,,,,,,,
,2025-01,,IN,,,,,,,,
,2025-01,Continentis,IN,maison,,,,,,,
527,2025-01,LMV,IN,,TRUE,,,,,,
512,2025-01,DPS,IN,,,,,,,,
513,2025-01,Knauf,IN,,,,,,,,
514,2025-01,,IN,,,,,,,,
515,2025-01,Continentis,IN,bureau,,,,,,,
517,2025-01,Delhaize Lux,IN,,TRUE,,,OK,,,
518,2025-01,LMV,IN,,TRUE,,,,,,
,2025-01,,IN,,,,,,,,
520,2025-01,Delhaize Lux,IN,,TRUE,,,,,,
521,2025-01,,IN,,,,,,,,
525,2025-01,Multiwex,IN,,TRUE,,,,,,
530,2025-01,DPS,IN,,,,,,,,
,2025-01,,IN,,,,,,,,
,2025-01,,IN,,,,,,,,
,2025-01,,IN,,,,,,,,
,2025-01,,IN,,,,,,,,
,2025-01,,IN,,,,,,,,
,2025-01,,IN,,,,,,,,
,2025-01,,IN,,,,,,,,
,2025-01,,IN,,,,,,,,
,2025-01,,IN,,,,,,,,
,2025-01,,IN,,,,,,,,
,2025-01,,IN,,,,,,,,
,2025-01,,IN,,,,,,,,
,2025-01,,IN,,,,,,,,
,2025-01,,OUT,,,,,,,,
102,2025-01,Usico,OUT,,TRUE,,Usico-Soldes,BÂCHE REÇUE,Decorex à Nivelles,,
,2025-01,,OUT,,,,,,,,
104,2025-01,Steveny,OUT,,TRUE,,,,,,
105,2025-01,Steveny,OUT,,TRUE,,,,,,
106,2025-01,Steveny,OUT,,TRUE,,,,,,
107,2025-01,Continentis,OUT,,TRUE,,,,,,
108,2025-01,,OUT,,,,,,,,
109,2025-01,,OUT,,,,,,,,
110,2025-01,,OUT,,,,,,,,
111,2025-01,Continentis,OUT,,TRUE,,,,,,
112,2025-01,,OUT,,,,,,,,
113,2025-01,Continentis,OUT,,TRUE,,,,,,
114,2025-01,,OUT,,,,,,,,
,2025-01,,OUT,,,,,,,,
,2025-01,,OUT,,,,,,,,
,2025-01,,OUT,,,,,,,,
,2025-01,,OUT,,,,,,,,
,2025-01,,OUT,,,,,,,,
,2025-01,,OUT,,,,,,,,
,2025-01,,OUT,,,,,,,,
,2025-01,,OUT,,,,,,,,
,2025-01,,OUT,,,,,,,,
,2025-01,,OUT,,,,,,,,
201,2025-01,Thomas et Piron,OUT,,TRUE,,,OK,,,
202,2025-01,,OUT,,,,,,,,
203,2025-01,,OUT,,,,,,,,
204,2025-01,,OUT,,,,,,,,
205,2025-01,,OUT,,,,,,,,
206,2025-01,,OUT,,,,,,,,
207,2025-01,,OUT,,,,,,,,
208,2025-01,,OUT,,,,,,,,
209,2025-01,,OUT,,,,,,,,
210,2025-01,,OUT,,,,,,,,
211,2025-01,,OUT,,,,,,,,
212,2025-01,,OUT,,,,,,,,
213,2025-01,,OUT,,,,,,,,
214,2025-01,,OUT,,,,,,,,
215,2025-01,,OUT,,,,,,,,
216,2025-01,,OUT,,,,,,,,
227,2025-01,,OUT,,,,,,,,
217,2025-01,,OUT,,,,,,,,
218,2025-01,,OUT,,,,,,,,
,2025-01,,OUT,,,,,,,,
220,2025-01,,OUT,,,,,,,,
221,2025-01,,OUT,,,,,,,,
226,2025-01,,OUT,,,,,,,,
222,2025-01,,OUT,,,,,,,,
224,2025-01,,OUT,,,,,,,,
225,2025-01,Servipools,OUT,salon,TRUE,,,,,,
230,2025-01,,OUT,,,,,,,,
,2025-01,,OUT,,,,,,,,
,2025-01,,OUT,,,,,,,,
,2025-01,,OUT,,,,,,,,
,2025-01,,OUT,,,,,,,,
,2025-01,,OUT,,,,,,,,
,2025-01,,OUT,,,,,,,,
,2025-01,,OUT,,,,,,,,
,2025-01,,OUT,,,,,,,,
,2025-01,,OUT,,,,,,,,
,2025-01,,OUT,,,,,,,,
,2025-01,,OUT,,,,,,,,
,2025-01,,OUT,,,,,,,,
301,2025-01,,OUT,,,,,,,,
,2025-01,,OUT,,,,,,,,
303,2025-01,,OUT,,,,,,,,
304,2025-01,Au Stock,OUT,,TRUE,,,,,,
305,2025-01,,OUT,,,,,,,,
306,2025-01,Locadepot BOX,OUT,,TRUE,,,,,,
307,2025-01,Au Stock,OUT,,TRUE,,,,,,
367,2025-01,,OUT,,TRUE,,,,,,
308,2025-01,Au Stock,OUT,,TRUE,,,,,,
319,2025-01,Auping,OUT,NEW,TRUE,,,,,,
309,2025-01,Servipools,OUT,salon,TRUE,,,,,,
310,2025-01,Auping,OUT,NEW,TRUE,,,,,,
311,2025-01,Servipools,OUT,salon,TRUE,,,,,,
312,2025-01,Au Stock,OUT,,TRUE,,,,,,
313,2025-01,Servipools,OUT,salon,TRUE,,,,,,
314,2025-01,EASYHOME,OUT,Ciney-Dinant,TRUE,,,,,,
315,2025-01,Au Stock,OUT,,TRUE,,,,,,
316,2025-01,EASYHOME,OUT,Ciney-Dinant,TRUE,,,,,,
317,2025-01,Hanse Meubles,OUT,,TRUE,,,,,,
318,2025-01,,OUT,,,,,,,,
320,2025-01,,OUT,,,,,,,,
321,2025-01,,OUT,,,,,,,,
322,2025-01,BLOQUÉ,OUT,BLOQUÉ,,,,,,,
323,2025-01,,OUT,,TRUE,,,,,,
324,2025-01,Continentis,OUT,maison ,TRUE,,,,,,
325,2025-01,DEMA,OUT,soldes,,,,,,,
326,2025-01,,OUT,,TRUE,,,,,,
327,2025-01,Q-outlet,OUT,NEW,FALSE,,,,,,
328,2025-01,Continentis,OUT,maison ,TRUE,,,,,,
329,2025-01,Q-outlet,OUT,NEW,TRUE,,,,,,
330,2025-01,DEMA,OUT,soldes,TRUE,,,,,,
331,2025-01,Tonton tapis,OUT,,TRUE,,,,,,
332,2025-01,Continentis,OUT,maison ,TRUE,,,,,,
333,2025-01,DEMA,OUT,soldes,,,,,,,
334,2025-01,BLOQUÉ,OUT,BLOQUÉ,,,,,,,
335,2025-01,,OUT,,TRUE,,,,,,
336,2025-01,EASYHOME,OUT,,,,,,,,
337,2025-01,Continentis,OUT,maison ,,,,,,,
338,2025-01,,OUT,,FALSE,,,,,,
339,2025-01,Continentis,OUT,Bureau,TRUE,,,,,,
340,2025-01,Hanse Meubles,OUT,ok,TRUE,,,,,,
341,2025-01,Servipools,OUT,salon,TRUE,,,,,,
365,2025-01,EASYHOME,OUT,,TRUE,,,,,,
342,2025-01,DPS,OUT,,TRUE,,,,,,
343,2025-01,Q-outlet,OUT,NEW,TRUE,,,,,,
344,2025-01,Usico,OUT,,TRUE,,,,,,
363,2025-01,DPS,OUT,,,,,,,,
345,2025-01,,OUT,,,,,,,,
346,2025-01,,OUT,,,,,,,,
359,2025-01,,OUT,,,,,,,,
360,2025-01,,OUT,,,,,,,,
361,2025-01,,OUT,,,,,,,,
,2025-01,,OUT,,TRUE,,,,,,
347,2025-01,Au Stock,OUT,,TRUE,,,,,,
348,2025-01,DPS,OUT,,TRUE,,,,,,
349,2025-01,DEMA,OUT,soldes,TRUE,,,,,,
350,2025-01,DEMA,OUT,soldes,TRUE,,,,,,
351,2025-01,Servipools,OUT,salon,TRUE,,,,,,
352,2025-01,Batimoi,OUT,,TRUE,,,,,,
353,2025-01,EASYHOME,OUT,Patron,,,,,,,
,2025-01,,OUT,,,,,,,,
354,2025-01,,OUT,,,,,,,,
355,2025-01,,OUT,,,,,,,,
356,2025-01,,OUT,,TRUE,,,,,,
357,2025-01,deBRY,OUT,Husqvarna,,,,,,,
,2025-01,,OUT,,,,,,,,
,2025-01,,OUT,,,,,,,,
,2025-01,,OUT,,,,,,,,
,2025-01,,OUT,,,,,,,,
,2025-01,,OUT,,,,,,,,
401,2025-01,,OUT,,,,,,,,
402,2025-01,DEMA,OUT,Soldes,,,,,,,
403,2025-01,,OUT,,,,,,,,
404,2025-01,,OUT,,,,,,,,
405,2025-01,,OUT,,,,,,,,
406,2025-01,,OUT,,,,,,,,
407,2025-01,,OUT,,,,,,,,
408,2025-01,,OUT,,,,,,,,
409,2025-01,,OUT,,,,,,,,
415,2025-01,,OUT,,,,,,,,
,2025-01,,OUT,,,,,,,,
,2025-01,,OUT,,,,,,,,
,2025-01,,OUT,,,,,,,,
,2025-01,,OUT,,,,,,,,
,2025-01,,OUT,,,,,,,,
,2025-01,,OUT,,,,,,,,
,2025-01,,OUT,,,,,,,,
,2025-01,,OUT,,,,,,,,
,2025-01,,OUT,,,,,,,,
501,2025-01,DPS,OUT,,,,,,,,
502,2025-01,,OUT,,FALSE,,,,,,
503,2025-01,,OUT,,,,,,,,
504,2025-01,,OUT,,,,,,,,
505,2025-01,,OUT,,,,,,,,
506,2025-01,DPS,OUT,,,,,,,,
507,2025-01,,OUT,,,,,,,,
508,2025-01,DPS,OUT,,,,,,,,
509,2025-01,LMV,OUT,,TRUE,,,,,,
,2025-01,DPS,OUT,,,,,,,,
,2025-01,,OUT,,,,,,,,
,2025-01,,OUT,,,,,,,,
527,2025-01,,OUT,,,,,,,,
512,2025-01,Batimoi,OUT,,TRUE,,,,,,
513,2025-01,,OUT,,,,,,,,
514,2025-01,Delhaize Lux,OUT,,TRUE,,,,,,
515,2025-01,Delhaize Lux,OUT,,TRUE,,,,,,
517,2025-01,Knauf,OUT,,,,,,,,
518,2025-01,,OUT,,,,,,,,
,2025-01,,OUT,,,,,,,,
520,2025-01,,OUT,,,,,,,,
521,2025-01,,OUT,,,,,,,,
525,2025-01,Servipools,OUT,salon,TRUE,,,,,,
530,2025-01,,OUT,,,,,,,,
,2025-01,,OUT,,,,,,,,
,2025-01,,OUT,,,,,,,,
,2025-01,,OUT,,,,,,,,
,2025-01,,OUT,,,,,,,,
,2025-01,,OUT,,,,,,,,
,2025-01,,OUT,,,,,,,,
,2025-01,,OUT,,,,,,,,
,2025-01,,OUT,,,,,,,,
,2025-01,,OUT,,,,,,,,
,2025-01,,OUT,,,,,,,,
,2025-01,,OUT,,,,,,,,
,2025-01,,OUT,,,,,,,,
,2025-01,,OUT,,,,,,,,
,2025-02,,IN,,,,,,,,
102,2025-02,Promo sport,IN,,TRUE,,,OK,,,
,2025-02,,IN,,,,,,,,
104,2025-02,Continentis,IN,,TRUE,,,,,,
105,2025-02,Promo sport,IN,,TRUE,,,,,,
106,2025-02,Promo sport,IN,,TRUE,,,,,,
107,2025-02,Promo sport,IN,,TRUE,,,,,,
108,2025-02,,IN,,,,,,,,
109,2025-02,Continentis,IN,,TRUE,,,,,,
110,2025-02,Servipools,IN,NEW,TRUE,,,AUTOCOLLANT COMMANDÉ,,,
111,2025-02,Continentis,IN,,,,,,,,
112,2025-02,Q-outlet,IN,Pieds,TRUE,,,,,,
113,2025-02,,IN,,,,,,,,
114,2025-02,,IN,,,,,,,,
,2025-02,,IN,,,,,,,,
,2025-02,,IN,,,,,,,,
,2025-02,,IN,,,,,,,,
,2025-02,,IN,,,,,,,,
,2025-02,,IN,,,,,,,,
,2025-02,,IN,,,,,,,,
,2025-02,,IN,,,,,,,,
,2025-02,,IN,,,,,,,,
,2025-02,,IN,,,,,,,,
,2025-02,,IN,,,,,,,,
201,2025-02,Hannosset,IN,NEW,TRUE,,Hannosset-conditionssalon,AUTOCOLLANT COMMANDÉ,,,
202,2025-02,,IN,,,,,,,,
203,2025-02,,IN,,,,,,,,
204,2025-02,Hannosset,IN,NEW,TRUE,,,,,,
205,2025-02,Hannosset,IN,NEW,TRUE,,,,,,
206,2025-02,,IN,,,,,,,,
207,2025-02,Continentis,IN,,,,,,,,
208,2025-02,,IN,,,,,,,,
209,2025-02,,IN,,,,,,,,
210,2025-02,Déco Jardin,IN,NEW,TRUE,,Déco Jardin-2025,AUTOCOLLANT COMMANDÉ,5 avec autocollants + 3 NEW,,
211,2025-02,Multiwex,IN,,TRUE,,,,,,
212,2025-02,,IN,,,,,,,,
213,2025-02,,IN,,,,,,,,
214,2025-02,,IN,,,,,,,,
215,2025-02,,IN,,,,,,,,
216,2025-02,Immo Cube,IN,,TRUE,,,,,,
227,2025-02,Continentis,IN,,,,,,,,
217,2025-02,Continentis,IN,,,,,,,,
218,2025-02,,IN,,,,,,,,
,2025-02,,IN,,,,,,,,
220,2025-02,,IN,,,,,,,,
221,2025-02,,IN,,,,,,,,
226,2025-02,,IN,,,,,,,,
222,2025-02,Continentis,IN,,,,,,,,
224,2025-02,,IN,,,,,,,,
225,2025-02,deBRY,IN,,TRUE,,,,,,
230,2025-02,,IN,,,,,,,,
,2025-02,,IN,,,,,,,,
,2025-02,,IN,,,,,,,,
,2025-02,,IN,,,,,,,,
,2025-02,,IN,,,,,,,,
,2025-02,,IN,,,,,,,,
,2025-02,,IN,,,,,,,,
,2025-02,,IN,,,,,,,,
,2025-02,,IN,,,,,,,,
,2025-02,,IN,,,,,,,,
,2025-02,,IN,,,,,,,,
,2025-02,,IN,,,,,,,,
,2025-02,,IN,,,,,,,,
301,2025-02,EASYHOME,IN,patron,TRUE,,,,,,
,2025-02,,IN,,,,,,,,
303,2025-02,EASYHOME,IN,patron,TRUE,,,,,,
304,2025-02,Au Stock,IN,,TRUE,,,,,,
305,2025-02,,IN,,,,,,,,
306,2025-02,EASYHOME,IN,dinant,TRUE,,,,,,
307,2025-02,Multiwex,IN,,TRUE,,,,,,
367,2025-02,,IN,,TRUE,,,,,,
308,2025-02,Au Stock,IN,,TRUE,,,,,,
319,2025-02,EASYHOME,IN,dinant,TRUE,,,,,,
309,2025-02,Kéfi Concept Store,IN,gr,TRUE,,,,,,
310,2025-02,Sly Invest ,IN,,TRUE,,,BÂCHE REÇUE,,,
311,2025-02,FIRR,IN,,TRUE,,,,,,
312,2025-02,Au Stock,IN,,TRUE,,,,,,
313,2025-02,Déco Jardin,IN,Attention,TRUE,,,,,,
314,2025-02,Pessleux,IN,,TRUE,,,,,,
315,2025-02,Au Stock,IN,,TRUE,,,,,,
316,2025-02,EASYHOME,IN,dinant,,,,,,,
317,2025-02,Continentis,IN,,TRUE,,,,,,
318,2025-02,Q-outlet,IN,Pieds,FALSE,,,,,,
320,2025-02,Watt4U,IN,,TRUE,,,,,,
321,2025-02,Q-outlet,IN,Pieds,TRUE,,,,,,
322,2025-02,Promo sport,IN,sportifs et créatifs,,,,,,,
323,2025-02,Continentis,IN,,TRUE,,,,,,
324,2025-02,EASYHOME,IN,patron,TRUE,,,,,,
325,2025-02,Q-outlet,IN,Pieds,TRUE,,,,,,
326,2025-02,EASYHOME,IN,patron,TRUE,,,,,,
327,2025-02,Q-outlet,IN,Pieds,TRUE,,,,,,
328,2025-02,Promo sport,IN,sportifs et créatifs,TRUE,,,,,,
329,2025-02,Watt4U,IN,,TRUE,,,,,,
330,2025-02,Q-outlet,IN,Pieds,TRUE,,,,,,
331,2025-02,Servipools,IN,NEW,TRUE,,,,,,
332,2025-02,Déco Jardin,IN,Attention,,,,,,,
333,2025-02,Continentis,IN,,,,,FICHIER CLIENT,,,
334,2025-02,Continentis,IN,,TRUE,,,,,,
335,2025-02,EASYHOME,IN,patron,TRUE,,,,,,
336,2025-02,EASYHOME,IN,patron,TRUE,,,,,,
337,2025-02,EASYHOME,IN,patron,,,,,,,
338,2025-02,Continentis,IN,,TRUE,,,,,,
339,2025-02,Servipools,IN,NEW,TRUE,,,,,,
340,2025-02,Promo sport,IN,Namur et ailleurs,TRUE,,,,,,
341,2025-02,Au Stock,IN,,,,,,,,
365,2025-02,DPS,IN,,TRUE,,,,,,
342,2025-02,Tonton tapis,IN,,TRUE,,,,,,
343,2025-02,Q-outlet,IN,Pieds,TRUE,,,,,,
344,2025-02,Multiwex,IN,Starcadium,TRUE,,,,,,
363,2025-02,EASYHOME,IN,patron,TRUE,,,,,,
345,2025-02,EASYHOME,IN,Patron,,,,,,,
346,2025-02,Continentis,IN,,,,,,,,
359,2025-02,EASYHOME,IN,Patron,TRUE,,,,,,
360,2025-02,Multiwex,IN,,TRUE,,,,,,
361,2025-02,,IN,,,,,,,,
,2025-02,,IN,,TRUE,,,,,,
347,2025-02,BP Martelange,IN,,,,,,,,
348,2025-02,Continentis,IN,,TRUE,,,,,,
349,2025-02,Multiwex,IN,,TRUE,,,,,,
350,2025-02,Multiwex,IN,,TRUE,,,,,,
351,2025-02,FIRR,IN,,TRUE,,,,,,
352,2025-02,Déco Jardin,IN,Attention,TRUE,,,,,,
353,2025-02,FIRR,IN,,,,,,,,
,2025-02,,IN,,,,,,,,
354,2025-02,,IN,,TRUE,,,,,,
355,2025-02,Servipools,IN,NEW,TRUE,,,,,,
356,2025-02,Continentis,IN,,TRUE,,,,,,
357,2025-02,Multiwex,IN,,TRUE,,,,,,
,2025-02,,IN,,,,,,,,
,2025-02,,IN,,,,,,,,
,2025-02,,IN,,,,,,,,
,2025-02,,IN,,,,,,,,
,2025-02,,IN,,,,,,,,
401,2025-02,Continentis,IN,,,,,,,,
402,2025-02,,IN,,,,,,,,
403,2025-02,Promo sport,IN,Gerpinnes,TRUE,,,,,,
404,2025-02,,IN,,,,,,,,
405,2025-02,Full Services,IN,gr,TRUE,,,,,,
406,2025-02,Continentis,IN,,,,,,,,
407,2025-02,Full Services,IN,gr,TRUE,,,,,,
408,2025-02,,IN,,,,,,,,
409,2025-02,Servipools,IN,NEW,TRUE,,,,,,
415,2025-02,Continentis,IN,,,,,,,,
,2025-02,,IN,,,,,,,,
,2025-02,,IN,,,,,,,,
,2025-02,,IN,,,,,,,,
,2025-02,,IN,,,,,,,,
,2025-02,,IN,,,,,,,,
,2025-02,,IN,,,,,,,,
,2025-02,,IN,,,,,,,,
,2025-02,,IN,,,,,,,,
,2025-02,,IN,,,,,,,,
501,2025-02,Continentis,IN,,,,,,,,
502,2025-02,DPS,IN,,,,,,,,
503,2025-02,,IN,,,,,,,,
504,2025-02,DG Sport,IN,,TRUE,,,AUTOCOLLANT COMMANDÉ,,,
505,2025-02,DPS,IN,,,,,,,,
506,2025-02,Continentis,IN,,,,,,,,
507,2025-02,DPS,IN,,,,,,,,
508,2025-02,,IN,,,,,,,,
509,2025-02,,IN,,,,,,,,
,2025-02,DPS,IN,,,,,,,,
,2025-02,,IN,,,,,,,,
,2025-02,Multiwex,IN,,TRUE,,,,,,
527,2025-02,Continentis,IN,,,,,,,,
512,2025-02,DPS,IN,,,,,,,,
513,2025-02,Knauf,IN,,,,,,,,
514,2025-02,,IN,,,,,,,,
515,2025-02,,IN,,,,,,,,
517,2025-02,Delhaize Lux,IN,,,,,,,,
518,2025-02,,IN,,,,,,,,
,2025-02,,IN,,,,,,,,
520,2025-02,Delhaize Lux,IN,,,,,,,,
521,2025-02,Continentis,IN,,,,,,,,
525,2025-02,EASYHOME,IN,marche,TRUE,,,,,,
530,2025-02,DPS,IN,,,,,,,,
,2025-02,,IN,,,,,,,,
,2025-02,,IN,,,,,,,,
,2025-02,,IN,,,,,,,,
,2025-02,,IN,,,,,,,,
,2025-02,,IN,,,,,,,,
,2025-02,,IN,,,,,,,,
,2025-02,,IN,,,,,,,,
,2025-02,,IN,,,,,,,,
,2025-02,,IN,,,,,,,,
,2025-02,,IN,,,,,,,,
,2025-02,,IN,,,,,,,,
,2025-02,,IN,,,,,,,,
,2025-02,,IN,,,,,,,,
,2025-02,,OUT,,,,,,,,
102,2025-02,Servipools,OUT,NEW,TRUE,,,,,,
,2025-02,,OUT,,,,,,,,
104,2025-02,Q-outlet,OUT,Pieds,TRUE,,,,,,
105,2025-02,,OUT,,,,,,,,
106,2025-02,Continentis,OUT,,TRUE,,,,,,
107,2025-02,Déco Jardin,OUT,NEW,TRUE,,,,,,
108,2025-02,,OUT,,,,,,,,
109,2025-02,,OUT,,,,,,,,
110,2025-02,,OUT,,,,,,,,
111,2025-02,,OUT,,,,,,,,
112,2025-02,,OUT,,,,,,,,
113,2025-02,Servipools,OUT,NEW,TRUE,,,,,,
114,2025-02,,OUT,,,,,,,,
,2025-02,,OUT,,,,,,,,
,2025-02,,OUT,,,,,,,,
,2025-02,,OUT,,,,,,,,
,2025-02,,OUT,,,,,,,,
,2025-02,,OUT,,,,,,,,
,2025-02,,OUT,,,,,,,,
,2025-02,,OUT,,,,,,,,
,2025-02,,OUT,,,,,,,,
,2025-02,,OUT,,,,,,,,
,2025-02,,OUT,,,,,,,,
201,2025-02,Thomas et Piron,OUT,,TRUE,,,,,,
202,2025-02,,OUT,,,,,,,,
203,2025-02,,OUT,,,,,,,,
204,2025-02,,OUT,,,,,,,,
205,2025-02,,OUT,,,,,,,,
206,2025-02,,OUT,,,,,,,,
207,2025-02,,OUT,,,,,,,,
208,2025-02,,OUT,,,,,,,,
209,2025-02,,OUT,,,,,,,,
210,2025-02,,OUT,,,,,,,,
211,2025-02,,OUT,,,,,,,,
212,2025-02,,OUT,,,,,,,,
213,2025-02,,OUT,,,,,,,,
214,2025-02,,OUT,,,,,,,,
215,2025-02,Hannosset,OUT,NEW,TRUE,,,,,,
216,2025-02,Hannosset,OUT,NEW,TRUE,,,,,,
227,2025-02,,OUT,,,,,,,,
217,2025-02,,OUT,,,,,,,,
218,2025-02,,OUT,,,,,,,,
,2025-02,,OUT,,,,,,,,
220,2025-02,,OUT,,,,,,,,
221,2025-02,,OUT,,,,,,,,
226,2025-02,,OUT,,,,,,,,
222,2025-02,,OUT,,,,,,,,
224,2025-02,,OUT,,,,,,,,
225,2025-02,EASYHOME,OUT,patron,TRUE,,,,,,
230,2025-02,,OUT,,,,,,,,
,2025-02,,OUT,,,,,,,,
,2025-02,,OUT,,,,,,,,
,2025-02,,OUT,,,,,,,,
,2025-02,,OUT,,,,,,,,
,2025-02,,OUT,,,,,,,,
,2025-02,,OUT,,,,,,,,
,2025-02,,OUT,,,,,,,,
,2025-02,,OUT,,,,,,,,
,2025-02,,OUT,,,,,,,,
,2025-02,,OUT,,,,,,,,
,2025-02,,OUT,,,,,,,,
,2025-02,,OUT,,,,,,,,
301,2025-02,Servipools,OUT,NEW,TRUE,,,,,,
,2025-02,,OUT,,,,,,,,
303,2025-02,Locadepot BOX,OUT,,,,,,,,
304,2025-02,Déco Jardin,OUT,Attention,TRUE,,,,,,
305,2025-02,,OUT,,,,,,,,
306,2025-02,Locadepot BOX,OUT,,,,,,,,
307,2025-02,deBRY,OUT,,TRUE,,,,,,
367,2025-02,,OUT,,TRUE,,,,,,
308,2025-02,EASYHOME,OUT,dinant,TRUE,,,,,,
319,2025-02,Au Stock,OUT,,TRUE,,,,,,
309,2025-02,deBRY,OUT,,TRUE,,,,,,
310,2025-02,LMV,OUT,NEW,TRUE,,,,,,
311,2025-02,LMV,OUT,NEW,,,,,,,
312,2025-02,Locadepot BOX,OUT,,,,,,,,
313,2025-02,Continentis,OUT,,TRUE,,,,,,
314,2025-02,EASYHOME,OUT,dinant,TRUE,,,,,,
315,2025-02,Sly Invest ,OUT,,,,,,,,
316,2025-02,Locadepot BOX,OUT,,TRUE,,,,,,
317,2025-02,Au Stock,OUT,,,,,,,,
318,2025-02,,OUT,,,,,,,,
320,2025-02,,OUT,,,,,,,,
321,2025-02,,OUT,,,,,,,,
322,2025-02,BLOQUÉ,OUT,BLOQUÉ,,,,,,,
323,2025-02,,OUT,,,,,,,,
324,2025-02,,OUT,,,,,,,,
325,2025-02,,OUT,,,,,,,,
326,2025-02,,OUT,,,,,,,,
327,2025-02,,OUT,,TRUE,,,,,,
328,2025-02,EASYHOME,OUT,patron,TRUE,,,,,,
329,2025-02,EASYHOME,OUT,patron,,,,,,,
330,2025-02,,OUT,,TRUE,,,,,,
331,2025-02,EASYHOME,OUT,patron,TRUE,,,,,,
332,2025-02,EASYHOME,OUT,patron,TRUE,,,,,,
333,2025-02,EASYHOME,OUT,patron,,,,,,,
334,2025-02,BLOQUÉ,OUT,BLOQUÉ,TRUE,,,,,,
335,2025-02,EASYHOME,OUT,patron,TRUE,,,,,,
336,2025-02,EASYHOME,OUT,patron,TRUE,,,,,,
337,2025-02,EASYHOME,OUT,patron,TRUE,,,,,,
338,2025-02,EASYHOME,OUT,patron,,,,,,,
339,2025-02,,OUT,,TRUE,,,,,,
340,2025-02,EASYHOME,OUT,patron,,,,,,,
341,2025-02,,OUT,,TRUE,,,,,,
365,2025-02,EASYHOME,OUT,patron,,,,,,,
342,2025-02,DPS,OUT,,TRUE,,,,,,
343,2025-02,Déco Jardin,OUT,Attention,TRUE,,,,,,
344,2025-02,Servipools,OUT,NEW,TRUE,,,,,,
363,2025-02,,OUT,,,,,,,,
345,2025-02,Locadepot BOX,OUT,,,,,,,,
346,2025-02,Locadepot BOX,OUT,,,,,,,,
359,2025-02,,OUT,,,,,,,,
360,2025-02,,OUT,,,,,,,,
361,2025-02,,OUT,,,,,,,,
,2025-02,,OUT,,TRUE,,,,,,
347,2025-02,Au Stock,OUT,,,,,,,,
348,2025-02,DPS,OUT,,TRUE,,,,,,
349,2025-02,Déco Jardin,OUT,Attention,TRUE,,,,,,
350,2025-02,EASYHOME,OUT,marche,TRUE,,,,,,
351,2025-02,EASYHOME,OUT,marche,TRUE,,,,,,
352,2025-02,EASYHOME,OUT,marche,TRUE,,,,,,
353,2025-02,EASYHOME,OUT,patron,,,,,,,
,2025-02,,OUT,,,,,,,,
354,2025-02,,OUT,,,,,,,,
355,2025-02,,OUT,,,,,,,,
356,2025-02,,OUT,,TRUE,,,,,,
357,2025-02,deBRY,OUT,,,,,,,,
,2025-02,,OUT,,,,,,,,
,2025-02,,OUT,,,,,,,,
,2025-02,,OUT,,,,,,,,
,2025-02,,OUT,,,,,,,,
,2025-02,,OUT,,,,,,,,
401,2025-02,,OUT,,,,,,,,
402,2025-02,,OUT,,,,,,,,
403,2025-02,,OUT,,,,,,,,
404,2025-02,,OUT,,,,,,,,
405,2025-02,,OUT,,,,,,,,
406,2025-02,,OUT,,,,,,,,
407,2025-02,Continentis,OUT,,,,,,,,
408,2025-02,,OUT,,,,,,,,
409,2025-02,,OUT,,,,,,,,
415,2025-02,,OUT,,,,,,,,
,2025-02,,OUT,,,,,,,,
,2025-02,,OUT,,,,,,,,
,2025-02,,OUT,,,,,,,,
,2025-02,,OUT,,,,,,,,
,2025-02,,OUT,,,,,,,,
,2025-02,,OUT,,,,,,,,
,2025-02,,OUT,,,,,,,,
,2025-02,,OUT,,,,,,,,
,2025-02,,OUT,,,,,,,,
501,2025-02,DPS,OUT,,,,,,,,
502,2025-02,,OUT,,,,,,,,
503,2025-02,,OUT,,,,,,,,
504,2025-02,,OUT,,,,,,,,
505,2025-02,,OUT,,,,,,,,
506,2025-02,DPS,OUT,,,,,,,,
507,2025-02,,OUT,,,,,,,,
508,2025-02,DPS,OUT,,,,,,,,
509,2025-02,,OUT,,,,,,,,
,2025-02,DPS,OUT,,,,,,,,
,2025-02,,OUT,,,,,,,,
,2025-02,,OUT,,,,,,,,
527,2025-02,,OUT,,,,,,,,
512,2025-02,,OUT,,,,,,,,
513,2025-02,,OUT,,,,,,,,
514,2025-02,Delhaize Lux,OUT,,,,,,,,
515,2025-02,Delhaize Lux,OUT,,,,,,,,
517,2025-02,Knauf,OUT,,,,,,,,
518,2025-02,,OUT,,,,,,,,
,2025-02,,OUT,,,,,,,,
520,2025-02,,OUT,,,,,,,,
521,2025-02,,OUT,,,,,,,,
525,2025-02,EASYHOME,OUT,marche,TRUE,,,,,,
530,2025-02,,OUT,,,,,,,,
,2025-02,,OUT,,,,,,,,
,2025-02,,OUT,,,,,,,,
,2025-02,,OUT,,,,,,,,
,2025-02,,OUT,,,,,,,,
,2025-02,,OUT,,,,,,,,
,2025-02,,OUT,,,,,,,,
,2025-02,,OUT,,,,,,,,
,2025-02,,OUT,,,,,,,,
,2025-02,,OUT,,,,,,,,
,2025-02,,OUT,,,,,,,,
,2025-02,,OUT,,,,,,,,
,2025-02,,OUT,,,,,,,,
,2025-02,,OUT,,,,,,,,
,2025-03,,IN,,,,,,,,
102,2025-03,Quadrus,IN,,TRUE,,Quadrus-3+1,OK,Nouvelles baches,,
,2025-03,,IN,,,,,,,,
104,2025-03,Continentis,IN,,TRUE,,Continentis-2024,OK,,,
105,2025-03,Lara Ceram,IN,,TRUE,,Lara Ceram-flèche gauche,OK,Idem que l'année dernière,,
106,2025-03,Quadrus,IN,,TRUE,,Q-outlet-RapportQualitePrix-143e82ed,OK,,,
107,2025-03,Promimo,IN,,TRUE,,,,,,
108,2025-03,,IN,,,,,,,,
109,2025-03,Quadrus,IN,,TRUE,,,,,,
110,2025-03,Quadrus,IN,,TRUE,,,,,,
111,2025-03,GGILGPRO,IN,,TRUE,,GGILGPRO-dunes-2025,FICHIER CLIENT,Nouvelles bâches,,
112,2025-03,Quadrus,IN,,TRUE,,,,,,
113,2025-03,Q-outlet,IN,,TRUE,,,,,,
114,2025-03,,IN,,,,,,,,
,2025-03,,IN,,,,,,,,
,2025-03,,IN,,,,,,,,
,2025-03,,IN,,,,,,,,
,2025-03,,IN,,,,,,,,
,2025-03,,IN,,,,,,,,
,2025-03,,IN,,,,,,,,
,2025-03,,IN,,,,,,,,
,2025-03,,IN,,,,,,,,
,2025-03,,IN,,,,,,,,
,2025-03,,IN,,,,,,,,
201,2025-03,Chassis Lemmens,IN,,TRUE,,Chassis Lemmens-40ans,OK,nouveau 40 ans,,
202,2025-03,Chassis Lemmens,IN,,TRUE,,,,,,
203,2025-03,Fintro Huy,IN,,TRUE,,Fintro Huy Jaumain-2023,OK,idem,,
204,2025-03,Fintro Huy,IN,,TRUE,,,,,,
205,2025-03,GGILGPRO,IN,,TRUE,,,,,,
206,2025-03,Fintro Huy,IN,,TRUE,,,,,,
207,2025-03,Fintro Huy,IN,,TRUE,,,,,,
208,2025-03,Continentis,IN,,TRUE,,,,,,
209,2025-03,Multiwex,IN,,TRUE,,Multiwex-2024-notoriété,OK,Voir votre tableau via mail,,
210,2025-03,GGILGPRO,IN,,TRUE,,,,,,
211,2025-03,,IN,,,,,,,,
212,2025-03,,IN,,,,,,,,
213,2025-03,,IN,,,,,,,,
214,2025-03,,IN,,,,,,,,
215,2025-03,,IN,,,,,,,,
216,2025-03,Chassis Lemmens,IN,,TRUE,,,,,,
227,2025-03,Rugamba,IN,,TRUE,,Rugamba-souper2025,FICHIER CLIENT,nouvelle bâche,,
217,2025-03,Chassis Lemmens,IN,,TRUE,,,,,,
218,2025-03,,IN,,,,,,,,
,2025-03,,IN,,,,,,,,
220,2025-03,,IN,,,,,,,,
221,2025-03,,IN,,,,,,,,
226,2025-03,Continentis,IN,,TRUE,,,,,,
222,2025-03,Polarsun,IN,,TRUE,,Polarsun-2025,FICHIER À CRÉER,Nouvelles baches,,
224,2025-03,GGILGPRO,IN,,TRUE,,,,,,
225,2025-03,Multiwex,IN,,TRUE,,,,,,
230,2025-03,,IN,,,,,,,,
,2025-03,,IN,,,,,,,,
,2025-03,,IN,,,,,,,,
,2025-03,,IN,,,,,,,,
,2025-03,,IN,,,,,,,,
,2025-03,,IN,,,,,,,,
,2025-03,,IN,,,,,,,,
,2025-03,,IN,,,,,,,,
,2025-03,,IN,,,,,,,,
,2025-03,,IN,,,,,,,,
,2025-03,,IN,,,,,,,,
,2025-03,,IN,,,,,,,,
,2025-03,,IN,,,,,,,,
301,2025-03,Q-outlet,IN,RQP,TRUE,,,,,,
,2025-03,,IN,,,,,,,,
303,2025-03,Fintro Huy,IN,,TRUE,,,,,,
304,2025-03,GGILGPRO,IN,,TRUE,,,,,,
305,2025-03,Fintro Huy,IN,,TRUE,,,,,,
306,2025-03,EASYHOME,IN,Dinant,TRUE,,Easyhome2024,,,,
307,2025-03,deBRY,IN,,TRUE,,Debry-2024,OK,,,
367,2025-03,,IN,,TRUE,,Au Stock-materiel-pro,OK,,,
308,2025-03,Au Stock,IN,,TRUE,,Au Stock-materiel-pro,OK,idem,,
319,2025-03,Piscinat,IN,,TRUE,,Piscinat-JPO2025,OK,JPO - 4 autocollants + 1 bache,,
309,2025-03,Puissant&Co,IN,,TRUE,,Puissant&Co-assurances2025,OK,Nouvelles bâches,,
310,2025-03,Sly Invest ,IN,,TRUE,,Sly Invest-aVendreDinant,,,,
311,2025-03,Continentis,IN,,TRUE,,,,,,
312,2025-03,Puissant&Co,IN,,TRUE,,,À DÉFINIR,,,
313,2025-03,Fermalux,IN,,TRUE,,Fermalux-protections-solaires,OK,idem + 4 nouvelles,,
314,2025-03,FIRR,IN,,TRUE,,FIRR-2025,OK,,,
315,2025-03,Sly Invest ,IN,,TRUE,,,,,,
316,2025-03,Continentis,IN,,TRUE,,,,,,
317,2025-03,Piscinat,IN,,TRUE,,,,,,
318,2025-03,GGILGPRO,IN,,TRUE,,,,,,
320,2025-03,Q-outlet,IN,RQP,TRUE,,,À DÉFINIR,,,
321,2025-03,Green Robot,IN,,TRUE,,,,idem que l'année dernière,,
322,2025-03,BLOQUÉ,IN,BLOQUÉ,,,,,,,
323,2025-03,EASYHOME,IN,patron,TRUE,,,,,,
324,2025-03,Green Robot,IN,,TRUE,,,,,,
325,2025-03,Q-outlet,IN,RQP,TRUE,,,,,,
326,2025-03,Q-outlet,IN,RQP,TRUE,,,,,,
327,2025-03,EASYHOME,IN,patron,TRUE,,,,,,
328,2025-03,Continentis,IN,,TRUE,,,OK,,,
329,2025-03,Graines de Vélo,IN,,TRUE,,Graines de Vélo-notoriété,,Idem que l'année dernière,,
330,2025-03,GGILGPRO,IN,,TRUE,,,,,,
331,2025-03,Multiwex,IN,,TRUE,,,,,,
332,2025-03,Fermalux,IN,,TRUE,,,,,,
333,2025-03,Fermalux,IN,,TRUE,,,,,,
334,2025-03,Q-outlet,IN,RQP,TRUE,,DEMA-Jardin-famille-2023,OK,,,
335,2025-03,DEMA,IN,Jardin,TRUE,,DEMA-Jardin-famille-2023,OK,Amenageons votre jardin (2023 + 3news),,
336,2025-03,Piscinat,IN,,TRUE,,,,,,
337,2025-03,Piscinat,IN,,TRUE,,,,,,
338,2025-03,GGILGPRO,IN,,TRUE,,,,,,
339,2025-03,EASYHOME,IN,patron,TRUE,,,,,,
340,2025-03,Piscinat,IN,,TRUE,,Watt4U-notoriete,OK,,,
341,2025-03,Watt4U,IN,,TRUE,,Watt4U-notoriete,OK,,,
365,2025-03,DPS,IN,,TRUE,,,,,,
342,2025-03,,IN,,,,,FICHIER CLIENT,,,
343,2025-03,Optic & vous,IN,,TRUE,,Optic & vous-2024,,Dernière bâche affichée,,
344,2025-03,Multiwex,IN,,TRUE,,,,,,
363,2025-03,DEMA,IN,Jardin,TRUE,,,,,,
345,2025-03,EASYHOME,IN,Patron,TRUE,,,,,,
346,2025-03,GGILGPRO,IN,,TRUE,,,,,,
359,2025-03,Continentis,IN,,TRUE,,,,,,
360,2025-03,DEMA,IN,Jardin,TRUE,,,,,,
361,2025-03,,IN,,,,,,,,
,2025-03,,IN,,,,BPmartelange-coca-1098,OK,,,
347,2025-03,BP Martelange,IN,,TRUE,,BPmartelange-coca-1098,OK,,,
348,2025-03,DEMA,IN,Jardin,TRUE,,,,,,
349,2025-03,Multiwex,IN,,TRUE,,,,,,
350,2025-03,DEMA,IN,Jardin,TRUE,,,,,,
351,2025-03,DEMA,IN,Jardin,TRUE,,,,,,
352,2025-03,EASYHOME,IN,marche,TRUE,,,,,,
353,2025-03,Watt4U,IN,,TRUE,,,,,,
,2025-03,,IN,,,,,,,,
354,2025-03,,IN,,,,,,,,
355,2025-03,Continentis,IN,,TRUE,,,,,,
356,2025-03,,IN,,,,,,,,
357,2025-03,Multiwex,IN,,TRUE,,,,,,
,2025-03,,IN,,,,,,,,
,2025-03,,IN,,,,,,,,
,2025-03,,IN,,,,,,,,
,2025-03,,IN,,,,,,,,
,2025-03,,IN,,,,,,,,
401,2025-03,,IN,,,,,,,,
402,2025-03,Continentis,IN,,,,,,,,
403,2025-03,,IN,,,,,FICHIER CLIENT,,,
404,2025-03,Continentis,IN,,TRUE,,,,,,
405,2025-03,DEMA,IN,Piscine,TRUE,,,,,,
406,2025-03,Full Services,IN,,TRUE,,,OK,,,
407,2025-03,Continentis,IN,,TRUE,,,,,,
408,2025-03,Full Services,IN,,TRUE,,,,,,
409,2025-03,DEMA,IN,Piscine,TRUE,,,,,,
415,2025-03,,IN,,,,,,,,
,2025-03,,IN,,,,,,,,
,2025-03,,IN,,,,,,,,
,2025-03,,IN,,,,,,,,
,2025-03,,IN,,,,,,,,
,2025-03,,IN,,,,,,,,
,2025-03,,IN,,,,,,,,
,2025-03,,IN,,,,,,,,
,2025-03,,IN,,,,,,,,
,2025-03,,IN,,,,,,,,
501,2025-03,Continentis,IN,,,,,,,,
502,2025-03,DPS,IN,,,,,,,,
503,2025-03,LMV,IN,,TRUE,,LMV-notoriété-2024,OK,,,
504,2025-03,GGILGPRO,IN,,TRUE,,,,,,
505,2025-03,DPS,IN,,,,,,,,
506,2025-03,Continentis,IN,,,,,,,,
507,2025-03,DPS,IN,,,,,,,,
508,2025-03,Continentis,IN,,,,,,,,
509,2025-03,LMV,IN,,TRUE,,,,,,
,2025-03,DPS,IN,,,,,,,,
,2025-03,FIRR,IN,,TRUE,,,,,,
,2025-03,Continentis,IN,,,,,,,,
527,2025-03,GGILGPRO,IN,,TRUE,,,,,,
512,2025-03,DPS,IN,,,,,,,,
513,2025-03,Knauf,IN,,TRUE,,,OK,,,
514,2025-03,Deliso,IN,,TRUE,,Deliso-2025-Thommen,OK,Nouvelle bâche,,
515,2025-03,,IN,,,,,,,,
517,2025-03,Delhaize Lux,IN,,TRUE,,,OK,,,
518,2025-03,,IN,,,,,,,,
,2025-03,,IN,,,,,,,,
520,2025-03,Delhaize Lux,IN,,TRUE,,,,,,
521,2025-03,LMV,IN,,TRUE,,,,,,
525,2025-03,EASYHOME,IN,marche,TRUE,,,,,,
530,2025-03,DPS,IN,,,,,,,,
,2025-03,,IN,,,,,,,,
,2025-03,,IN,,,,,,,,
,2025-03,,IN,,,,,,,,
,2025-03,,IN,,,,,,,,
,2025-03,,IN,,,,,,,,
,2025-03,,IN,,,,,,,,
,2025-03,,IN,,,,,,,,
,2025-03,,IN,,,,,,,,
,2025-03,,IN,,,,,,,,
,2025-03,,IN,,,,,,,,
,2025-03,,IN,,,,,,,,
,2025-03,,IN,,,,,,,,
,2025-03,,IN,,,,,,,,
,2025-03,,OUT,,,,,,,,
102,2025-03,DEMA,OUT,Jardin,TRUE,,,,,,
,2025-03,,OUT,,,,,,,,
104,2025-03,Q-outlet,OUT,,TRUE,,,,,,
105,2025-03,,OUT,,,,,,,,
106,2025-03,Continentis,OUT,,TRUE,,,OK,Idem que l'année dernière,,
107,2025-03,Quadrus,OUT,,TRUE,,,,,,
108,2025-03,,OUT,,,,,,,,
109,2025-03,EASYHOME,OUT,patron,TRUE,,,,,,
110,2025-03,Continentis,OUT,,TRUE,,,,,,
111,2025-03,Continentis,OUT,,TRUE,,,,,,
112,2025-03,,OUT,,,,,À DÉFINIR,,,
113,2025-03,Green Robot,OUT,,TRUE,,,,,,
114,2025-03,,OUT,,,,,,,,
,2025-03,,OUT,,,,,,,,
,2025-03,,OUT,,,,,,,,
,2025-03,,OUT,,,,,,,,
,2025-03,,OUT,,,,,,,,
,2025-03,,OUT,,,,,,,,
,2025-03,,OUT,,,,,,,,
,2025-03,,OUT,,,,,,,,
,2025-03,,OUT,,,,,,,,
,2025-03,,OUT,,,,,,,,
,2025-03,,OUT,,,,,,,,
201,2025-03,Thomas et Piron,OUT,,TRUE,,,OK,,,
202,2025-03,,OUT,,,,,,,,
203,2025-03,,OUT,,,,,,,,
204,2025-03,EASYHOME,OUT,patron,TRUE,,,,,,
205,2025-03,EASYHOME,OUT,patron,TRUE,,,,,,
206,2025-03,,OUT,,,,,,,,
207,2025-03,EASYHOME,OUT,patron,TRUE,,,,,,
208,2025-03,,OUT,,,,,,,,
209,2025-03,EASYHOME,OUT,patron,TRUE,,,,,,
210,2025-03,EASYHOME,OUT,patron,TRUE,,,,,,
211,2025-03,EASYHOME,OUT,patron,TRUE,,,,,,
212,2025-03,,OUT,,,,,,,,
213,2025-03,,OUT,,,,,,,,
214,2025-03,,OUT,,,,,,,,
215,2025-03,Continentis,OUT,,TRUE,,,,,,
216,2025-03,EASYHOME,OUT,patron,TRUE,,,,,,
227,2025-03,Continentis,OUT,,TRUE,,,,,,
217,2025-03,,OUT,,,,,,,,
218,2025-03,,OUT,,,,,,,,
,2025-03,,OUT,,,,,,,,
220,2025-03,GGILGPRO,OUT,,TRUE,,,,,,
221,2025-03,,OUT,,,,,,,,
226,2025-03,,OUT,,,,,,,,
222,2025-03,,OUT,,,,,,,,
224,2025-03,Chassis Lemmens,OUT,,TRUE,,,,,,
225,2025-03,deBRY,OUT,,TRUE,,,,,,
230,2025-03,,OUT,,,,,,,,
,2025-03,,OUT,,,,,,,,
,2025-03,,OUT,,,,,,,,
,2025-03,,OUT,,,,,,,,
,2025-03,,OUT,,,,,,,,
,2025-03,,OUT,,,,,,,,
,2025-03,,OUT,,,,,,,,
,2025-03,,OUT,,,,,,,,
,2025-03,,OUT,,,,,,,,
,2025-03,,OUT,,,,,,,,
,2025-03,,OUT,,,,,,,,
,2025-03,,OUT,,,,,,,,
,2025-03,,OUT,,,,,,,,
301,2025-03,Fermalux,OUT,,TRUE,,,,,,
,2025-03,,OUT,,,,,,,,
303,2025-03,Lumarvel,OUT,,TRUE,,,OK,,,
304,2025-03,Puissant&Co,OUT,,TRUE,,,,,,
305,2025-03,EASYHOME,OUT,patron,TRUE,,,,,,
306,2025-03,Continentis,OUT,,TRUE,,,,,,
307,2025-03,Au Stock,OUT,,TRUE,,,,,,
367,2025-03,,OUT,,,,,,,,
308,2025-03,EASYHOME,OUT,dinant,TRUE,,,À DÉFINIR,,,
319,2025-03,Poils & Plumes Ciney,OUT,,TRUE,,Poils & Plumes Ciney-Dinant-Rochefort Notoriété,,,,
309,2025-03,deBRY,OUT,,TRUE,,,,,,
310,2025-03,Fermalux,OUT,,TRUE,,,,,,
311,2025-03,EASYHOME,OUT,Dinant,TRUE,,,,,,
312,2025-03,EASYHOME,OUT,Dinant,TRUE,,,OK,Même bâche que février,,
313,2025-03,DG Sport,OUT,,TRUE,,DG Sport-ArdenneRally2025,OK,Même bâche que février,,
314,2025-03,Poils & Plumes Dinant,OUT,,TRUE,,Poils & Plumes Ciney-Dinant-Rochefort Notoriété,,,,
315,2025-03,Au Stock,OUT,,TRUE,,,,,,
316,2025-03,EASYHOME,OUT,Dinant,TRUE,,,,,,
317,2025-03,EASYHOME,OUT,Dinant,TRUE,,,,,,
318,2025-03,Chassis Lemmens,OUT,,TRUE,,Pessleux-serres,OK,,,
320,2025-03,Pessleux,OUT,,TRUE,,Pessleux-serres,,,,
321,2025-03,Fermalux,OUT,,TRUE,,,,,,
322,2025-03,BLOQUÉ,OUT,BLOQUÉ,,,,,,,
323,2025-03,,OUT,,,,,,,,
324,2025-03,EASYHOME,OUT,patron,TRUE,,,,,,
325,2025-03,DEMA,OUT,Jardin,TRUE,,,,,,
326,2025-03,,OUT,,,,,,,,
327,2025-03,,OUT,,,,,,,,
328,2025-03,,OUT,,,,,,,,
329,2025-03,Q-outlet,OUT,RQP,TRUE,,,,,,
330,2025-03,DEMA,OUT,Jardin,TRUE,,,,,,
331,2025-03,DEMA,OUT,Jardin,TRUE,,,,,,
332,2025-03,EASYHOME,OUT,patron,TRUE,,,,,,
333,2025-03,GGILGPRO,OUT,,TRUE,,,,,,
334,2025-03,BLOQUÉ,OUT,BLOQUÉ,,,,FICHIER À CRÉER,,,
335,2025-03,Cycles Cammaerts,OUT,,TRUE,,Cycles Cammaerts-2025,OK,Nouvelle bache créer coller,,
336,2025-03,Fermalux,OUT,,TRUE,,,,,,
337,2025-03,EASYHOME,OUT,patron,TRUE,,,,,,
338,2025-03,Fermalux,OUT,,TRUE,,,OK,,,
339,2025-03,Tonton tapis,OUT,,TRUE,,TontonTapis-notoriete,,,,
340,2025-03,EASYHOME,OUT,patron,TRUE,,,,,,
341,2025-03,Fermalux,OUT,,TRUE,,,,,,
365,2025-03,EASYHOME,OUT,patron,TRUE,,,,,,
342,2025-03,DPS,OUT,,TRUE,,,,,,
343,2025-03,Q-outlet,OUT,RQP,TRUE,,,FICHIER CLIENT,,,
344,2025-03,Urbaine,OUT,,TRUE,,Urbaine-printemps2025,FICHIER À CRÉER,,,
363,2025-03,EASYHOME,OUT,Patron,TRUE,,,,,,
345,2025-03,EASYHOME,OUT,Patron,TRUE,,,,,,
346,2025-03,,OUT,,,,,,,,
359,2025-03,Locadepot BOX,OUT,,TRUE,,,,,,
360,2025-03,Locadepot BOX,OUT,,TRUE,,,,,,
361,2025-03,,OUT,,,,,,,,
,2025-03,,OUT,,,,,,,,
347,2025-03,FIRR,OUT,,TRUE,,,,,,
348,2025-03,DPS,OUT,,TRUE,,,,,,
349,2025-03,LMV,OUT,,TRUE,,,À DÉFINIR,,,
350,2025-03,Poils & Plumes Rochefort,OUT,,TRUE,,Poils & Plumes Ciney-Dinant-Rochefort Notoriété,,,,
351,2025-03,EASYHOME,OUT,marche,TRUE,,,,,,
352,2025-03,EASYHOME,OUT,marche,TRUE,,,,,,
353,2025-03,LMV,OUT,,TRUE,,,,,,
,2025-03,,OUT,,,,,,,,
354,2025-03,,OUT,,,,,,,,
355,2025-03,,OUT,,,,,,,,
356,2025-03,,OUT,,,,,,,,
357,2025-03,deBRY,OUT,,TRUE,,,,,,
,2025-03,,OUT,,,,,,,,
,2025-03,,OUT,,,,,,,,
,2025-03,,OUT,,,,,,,,
,2025-03,,OUT,,,,,,,,
,2025-03,,OUT,,,,,,,,
401,2025-03,,OUT,,,,,,,,
402,2025-03,,OUT,,,,,,,,
403,2025-03,,OUT,,,,,,,,
404,2025-03,,OUT,,,,,,,,
405,2025-03,,OUT,,,,,,,,
406,2025-03,,OUT,,,,,,,,
407,2025-03,,OUT,,,,,,,,
408,2025-03,,OUT,,,,,,,,
409,2025-03,,OUT,,,,,,,,
415,2025-03,,OUT,,,,,,,,
,2025-03,,OUT,,,,,,,,
,2025-03,,OUT,,,,,,,,
,2025-03,,OUT,,,,,,,,
,2025-03,,OUT,,,,,,,,
,2025-03,,OUT,,,,,,,,
,2025-03,,OUT,,,,,,,,
,2025-03,,OUT,,,,,,,,
,2025-03,,OUT,,,,,,,,
,2025-03,,OUT,,,,,,,,
501,2025-03,DPS,OUT,,,,,,,,
502,2025-03,,OUT,,,,,,,,
503,2025-03,,OUT,,,,,,,,
504,2025-03,,OUT,,,,,,,,
505,2025-03,,OUT,,,,,,,,
506,2025-03,DPS,OUT,,,,,,,,
507,2025-03,EASYHOME,OUT,marche,TRUE,,,,,,
508,2025-03,DPS,OUT,,,,,,,,
509,2025-03,,OUT,,,,,,,,
,2025-03,DPS,OUT,,,,,,,,
,2025-03,,OUT,,,,,,,,
,2025-03,,OUT,,,,,,,,
527,2025-03,,OUT,,,,,,,,
512,2025-03,,OUT,,,,,,,,
513,2025-03,,OUT,,,,,,,,
514,2025-03,Delhaize Lux,OUT,,TRUE,,,,,,
515,2025-03,Delhaize Lux,OUT,,TRUE,,,,,,
517,2025-03,Knauf,OUT,,TRUE,,,,,,
518,2025-03,,OUT,,,,,,,,
,2025-03,,OUT,,,,,,,,
520,2025-03,,OUT,,,,,,,,
521,2025-03,GGILGPRO,OUT,,TRUE,,,,,,
525,2025-03,DEMA,OUT,jardin,TRUE,,,,,,
530,2025-03,,OUT,,,,,,,,
,2025-03,,OUT,,,,,,,,
,2025-03,,OUT,,,,,,,,
,2025-03,,OUT,,,,,,,,
,2025-03,,OUT,,,,,,,,
,2025-03,,OUT,,,,,,,,
,2025-03,,OUT,,,,,,,,
,2025-03,,OUT,,,,,,,,
,2025-03,,OUT,,,,,,,,
,2025-03,,OUT,,,,,,,,
,2025-03,,OUT,,,,,,,,
,2025-03,,OUT,,,,,,,,
,2025-03,,OUT,,,,,,,,
,2025-03,,OUT,,,,,,,,
,2025-04,,IN,,,,,,,,
102,2025-04,Promo sport,IN,,TRUE,,,,Idem que avril 2024,,
,2025-04,,IN,,,,,,,,
104,2025-04,Q-outlet,IN,Terrasse,,,Q-outlet-terrasse-2024,,,,
105,2025-04,Promo sport,IN,,TRUE,,,,,,
106,2025-04,Promo sport,IN,,TRUE,,,,,,
107,2025-04,Promo sport,IN,,TRUE,,,,,,
108,2025-04,,IN,,,,,,,,
109,2025-04,GGILGPRO,IN,,TRUE,,GGILGPRO-dunes-2025,OK,Idem que le mois précédent,,
110,2025-04,Q-outlet,IN,Terrasse,TRUE,,,,,,
111,2025-04,Continentis,IN,,TRUE,,Continentis-2024,,,,
112,2025-04,Q-outlet,IN,Terrasse,TRUE,,,,,,
113,2025-04,Clôtures Leblanc,IN,,TRUE,,,,Nouvelles reçues en mars,,
114,2025-04,,IN,,,,,,,,
,2025-04,,IN,,,,,,,,
,2025-04,,IN,,,,,,,,
,2025-04,,IN,,,,,,,,
,2025-04,,IN,,,,,,,,
,2025-04,,IN,,,,,,,,
,2025-04,,IN,,,,,,,,
,2025-04,,IN,,,,,,,,
,2025-04,,IN,,,,,,,,
,2025-04,,IN,,,,,,,,
,2025-04,,IN,,,,,,,,
201,2025-04,Chassis Lemmens,IN,,TRUE,,Chassis Lemmens-40ans,,Idem que Mars,,
202,2025-04,Chassis Lemmens,IN,,TRUE,,,,,,
203,2025-04,,IN,,,,,,,,
204,2025-04,Continentis,IN,,TRUE,,,,,,
205,2025-04,Fintro Huy,IN,,TRUE,,Fintro Huy Jaumain-2023,,,,
206,2025-04,Multiwex,IN,,TRUE,,Multiwex-2024-notoriété,,,,
207,2025-04,GGILGPRO,IN,,TRUE,,,,,,
208,2025-04,Fintro Huy,IN,,TRUE,,,,,,
209,2025-04,Fintro Huy,IN,,TRUE,,,,,,
210,2025-04,Il Vulcano Pizzeria,IN,,FALSE,,,,,,
211,2025-04,Multiwex,IN,,TRUE,,,,,,
212,2025-04,,IN,,,,,,,,
213,2025-04,Continentis,IN,,TRUE,,,,,,
214,2025-04,,IN,,,,,,,,
215,2025-04,,IN,,,,,,,,
216,2025-04,Immo Cube,IN,,TRUE,,,,,,
227,2025-04,Chassis Lemmens,IN,,TRUE,,,,,,
217,2025-04,Chassis Lemmens,IN,,TRUE,,,,,,
218,2025-04,,IN,,,,,,,,
,2025-04,GGILGPRO,IN,,,,,,,,
220,2025-04,GGILGPRO,IN,,TRUE,,,,,,
221,2025-04,Continentis,IN,,TRUE,,,,,,
226,2025-04,,IN,,,,,,,,
222,2025-04,Polarsun,IN,,TRUE,,Polarsun-2025,,,,
224,2025-04,Chassis Lemmens,IN,,TRUE,,,,,,
225,2025-04,deBRY,IN,,TRUE,,deBRY-robot-toondeuse-2025,,,,
230,2025-04,DEMA,IN,Jardin,TRUE,,DEMA-Jardin-famille-2023,,,,
,2025-04,,IN,,,,,,,,
,2025-04,,IN,,,,,,,,
,2025-04,,IN,,,,,,,,
,2025-04,,IN,,,,,,,,
,2025-04,,IN,,,,,,,,
,2025-04,,IN,,,,,,,,
,2025-04,,IN,,,,,,,,
,2025-04,,IN,,,,,,,,
,2025-04,,IN,,,,,,,,
,2025-04,,IN,,,,,,,,
,2025-04,,IN,,,,,,,,
,2025-04,,IN,,,,,,,,
301,2025-04,Piscinat,IN,notoriété,TRUE,,Piscinat-notoriété 2023,OK,1 nouvelle,,
,2025-04,,IN,,,,,,,,
303,2025-04,Lumarvel,IN,,TRUE,,,,,,
304,2025-04,Au Stock,IN,,FALSE,,Au Stock-materiel-pro,OK,,,
305,2025-04,,IN,,,,,,,,
306,2025-04,FIRR,IN,,TRUE,,FIRR-2025,OK,,,
307,2025-04,Poils & Plumes Ciney,IN,,TRUE,,,,,,
367,2025-04,deBRY,IN,,TRUE,,,,,,
308,2025-04,Au Stock,IN,,TRUE,,,,,,
319,2025-04,Au Stock,IN,,TRUE,,,,,,
309,2025-04,deBRY,IN,,TRUE,,,,,,
310,2025-04,Mobalpa Marche,IN,,FALSE,,,,,,
311,2025-04,Au Stock,IN,,TRUE,,,,,,
312,2025-04,Au Stock,IN,,TRUE,,,,,,
313,2025-04,Multiwex,IN,,TRUE,,,,,,
314,2025-04,Piscinat,IN,notoriété,TRUE,,,,,,
315,2025-04,Au Stock,IN,,,,,,,,
316,2025-04,Au Stock,IN,,TRUE,,,,,,
317,2025-04,Au Stock,IN,,TRUE,,,,,,
318,2025-04,Clôtures Leblanc,IN,,TRUE,,,,,,
320,2025-04,GGILGPRO,IN,,TRUE,,,,,,
321,2025-04,Q-outlet,IN,Terrasse,TRUE,,,,,,
322,2025-04,BLOQUÉ,IN,Plus de remorque,,,,,,,
323,2025-04,Continentis,IN,,TRUE,,,,,,
324,2025-04,Q-outlet,IN,Terrasse,TRUE,,,,,,
325,2025-04,Graines de Vélo,IN,,TRUE,,Graines de Vélo-notoriété,,,,
326,2025-04,GGILGPRO,IN,,TRUE,,,,,,
327,2025-04,Graines de Vélo,IN,,TRUE,,,,,,
328,2025-04,Green Robot,IN,,TRUE,,,,Attente fichier,,
329,2025-04,Q-outlet,IN,Terrasse,TRUE,,,,,,
330,2025-04,Cycles cammaerts,IN,,TRUE,,Cycles Cammaerts-2025,,,,
331,2025-04,Piscinat,IN,notoriété,TRUE,,,,,,
332,2025-04,Green Robot,IN,,TRUE,,,,,,
333,2025-04,Multiwex,IN,,TRUE,,,,,,
334,2025-04,GGILGPRO,IN,,TRUE,,,,,,
335,2025-04,Fermalux,IN,,TRUE,,Fermalux-protections-solaires,,Jeter la bâche taguée (upignac),,
336,2025-04,GGILGPRO,IN,,TRUE,,,,,,
337,2025-04,Fermalux,IN,,TRUE,,,,,,
338,2025-04,Clôtures Leblanc,IN,,TRUE,,,,,,
339,2025-04,Marco Magazzino,IN,,TRUE,,Marco Magazzino-Fosse-2024,,,,
340,2025-04,Promo sport,IN,,TRUE,,,,,,
341,2025-04,Au Stock,IN,,TRUE,,,,,,
365,2025-04,DPS,IN,,,,,,,,
342,2025-04,FIRR,IN,,TRUE,,,,,,
343,2025-04,Urbaine,IN,,TRUE,,Urbaine-printemps2025,,,,
344,2025-04,Evo bikes,IN,,TRUE,,,,Autocollants à placer,,
363,2025-04,GGILGPRO,IN,,TRUE,,,,,,
345,2025-04,EASYHOME,IN,dinant,,,,,,,
346,2025-04,EASYHOME,IN,dinant,,,,,,,
359,2025-04,Continentis,IN,,TRUE,,,,,,
360,2025-04,DEMA,IN,Jardin,TRUE,,,,,,
361,2025-04,EASYHOME,IN,patron,,,,,,,
,2025-04,,IN,,,,,,,,
347,2025-04,BP Martelange,IN,,TRUE,,BPmartelange-coca-1098,,,,
348,2025-04,Continentis,IN,,TRUE,,,,,,
349,2025-04,DEMA,IN,Jardin,TRUE,,,,,,
350,2025-04,Multiwex,IN,,TRUE,,,,,,
351,2025-04,Mobalpa Marche ,IN,,TRUE,,,,,,
352,2025-04,Multiwex,IN,,TRUE,,,,,,
353,2025-04,Poils & Plumes Rochefort,IN,,TRUE,,,,,,
,2025-04,,IN,,,,,,,,
354,2025-04,,IN,,,,Watt4U-notoriete,OK,,,
355,2025-04,Watt4U,IN,,TRUE,,Watt4U-notoriete,,,,
356,2025-04,Watt4U,IN,,TRUE,,,,,,
357,2025-04,deBRY,IN,,TRUE,,,,,,
,2025-04,,IN,,,,,,,,
,2025-04,,IN,,,,,,,,
,2025-04,,IN,,,,,,,,
,2025-04,,IN,,,,,,,,
,2025-04,,IN,,,,,,,,
401,2025-04,,IN,,,,,,,,
402,2025-04,Continentis,IN,,TRUE,,,,,,
403,2025-04,Promo sport,IN,,TRUE,,,,,,
404,2025-04,Clôtures Leblanc,IN,,TRUE,,,,,,
405,2025-04,DEMA,IN,jardin,TRUE,,,,,,
406,2025-04,Continentis,IN,,TRUE,,,,,,
407,2025-04,DEMA,IN,jardin,TRUE,,,,,,
408,2025-04,Continentis,IN,,TRUE,,,,,,
409,2025-04,Silicon Brain,IN,,TRUE,,Silicon Brain-2025,,Nouvelles bâches - 8,,
415,2025-04,Silicon Brain,IN,,TRUE,,,,,,
,2025-04,,IN,,,,,,,,
,2025-04,,IN,,,,,,,,
,2025-04,,IN,,,,,,,,
,2025-04,,IN,,,,,,,,
,2025-04,,IN,,,,,,,,
,2025-04,,IN,,,,,,,,
,2025-04,,IN,,,,,,,,
,2025-04,,IN,,,,,,,,
,2025-04,,IN,,,,,,,,
501,2025-04,,IN,,,,,,,,
502,2025-04,DPS,IN,,,,,,,,
503,2025-04,Delhaize Lux,IN,,TRUE,,,,Nouvelles bâches pour Bastogne,,
504,2025-04,Delhaize Lux,IN,,TRUE,,,,,,
505,2025-04,DPS,IN,,,,,,,,
506,2025-04,DG Sport,IN,,TRUE,,DG Sport-ArdenneRally2025,,nouvelles bâches,,
507,2025-04,DPS,IN,,,,,,,,
508,2025-04,,IN,,,,,,,,
509,2025-04,Continentis,IN,,TRUE,,,,,,
,2025-04,DPS,IN,,,,,,,,
,2025-04,,IN,,,,,,,,
,2025-04,,IN,,,,,,,,
527,2025-04,,IN,,,,,,,,
512,2025-04,Continentis,IN,,TRUE,,,,,,
513,2025-04,Knauf,IN,,,,,,,,
514,2025-04,Deliso,IN,,TRUE,,,,,,
515,2025-04,Silicon Brain,IN,,TRUE,,,,,,
517,2025-04,Delhaize Lux,IN,,TRUE,,,,,,
518,2025-04,Continentis,IN,,TRUE,,,,,,
,2025-04,,IN,,,,,,,,
520,2025-04,Delhaize Lux,IN,,TRUE,,,,,,
521,2025-04,Continentis,IN,,TRUE,,,,,,
525,2025-04,EASYHOME,IN,marche,,,,,,,
530,2025-04,DPS,IN,,,,,,,,
,2025-04,,IN,,,,,,,,
,2025-04,,IN,,,,,,,,
,2025-04,,IN,,,,,,,,
,2025-04,,IN,,,,,,,,
,2025-04,,IN,,,,,,,,
,2025-04,,IN,,,,,,,,
,2025-04,,IN,,,,,,,,
,2025-04,,IN,,,,,,,,
,2025-04,,IN,,,,,,,,
,2025-04,,IN,,,,,,,,
,2025-04,,IN,,,,,,,,
,2025-04,,IN,,,,,,,,
,2025-04,,IN,,,,,,,,
,2025-04,,OUT,,,,,,,,
102,2025-04,DEMA,OUT,Jardin,TRUE,,,,,,
,2025-04,,OUT,,,,,,,,
104,2025-04,Continentis,OUT,,TRUE,,,,,,
105,2025-04,,OUT,,,,,,,,
106,2025-04,,OUT,,,,,,,,
107,2025-04,Silicon Brain,OUT,,TRUE,,,,,,
108,2025-04,,OUT,,,,,,,,
109,2025-04,EASYHOME,OUT,patron,,,,,,,
110,2025-04,Continentis,OUT,,TRUE,,,,,,
111,2025-04,EASYHOME,OUT,patron,,,,,,,
112,2025-04,Continentis,OUT,,TRUE,,,,,,
113,2025-04,Silicon Brain,OUT,,FALSE,,,,,,
114,2025-04,,OUT,,,,,,,,
,2025-04,,OUT,,,,,,,,
,2025-04,,OUT,,,,,,,,
,2025-04,,OUT,,,,,,,,
,2025-04,,OUT,,,,,,,,
,2025-04,,OUT,,,,,,,,
,2025-04,,OUT,,,,,,,,
,2025-04,,OUT,,,,,,,,
,2025-04,,OUT,,,,,,,,
,2025-04,,OUT,,,,,,,,
,2025-04,,OUT,,,,,,,,
201,2025-04,Green Agri,OUT,,TRUE,,,,Nouvelles bâches,,
202,2025-04,Green Agri,OUT,,TRUE,,,,,,
203,2025-04,,OUT,,,,,,,,
204,2025-04,EASYHOME,OUT,patron,,,,,,,
205,2025-04,EASYHOME,OUT,patron,,,,,,,
206,2025-04,,OUT,,,,,,,,
207,2025-04,EASYHOME,OUT,patron,,,,,,,
208,2025-04,,OUT,,,,,,,,
209,2025-04,EASYHOME,OUT,patron,,,,,,,
210,2025-04,GGILGPRO,OUT,,TRUE,,,,Nouvelle bâche,,
211,2025-04,EASYHOME,OUT,patron,,,,,,,
212,2025-04,EASYHOME,OUT,patron,,,,,,,
213,2025-04,EASYHOME,OUT,patron,,,,,,,
214,2025-04,,OUT,,,,,,,,
215,2025-04,,OUT,,,,,,,,
216,2025-04,GGILGPRO,OUT,,TRUE,,,,,,
227,2025-04,EASYHOME,OUT,patron,,,,,,,
217,2025-04,,OUT,,,,,,,,
218,2025-04,,OUT,,,,,,,,
,2025-04,,OUT,,,,,,,,
220,2025-04,,OUT,,,,,,,,
221,2025-04,,OUT,,,,,,,,
226,2025-04,,OUT,,,,,,,,
222,2025-04,Silicon Brain,OUT,,TRUE,,,,,,
224,2025-04,,OUT,,,,,,,,
225,2025-04,Mobalpa Marche,OUT,,TRUE,,,,,,
230,2025-04,Continentis,OUT,,TRUE,,,,,,
,2025-04,,OUT,,,,,,,,
,2025-04,,OUT,,,,,,,,
,2025-04,,OUT,,,,,,,,
,2025-04,,OUT,,,,,,,,
,2025-04,,OUT,,,,,,,,
,2025-04,,OUT,,,,,,,,
,2025-04,,OUT,,,,,,,,
,2025-04,,OUT,,,,,,,,
,2025-04,,OUT,,,,,,,,
,2025-04,,OUT,,,,,,,,
,2025-04,,OUT,,,,,,,,
,2025-04,,OUT,,,,,,,,
301,2025-04,,OUT,,,,,,,,
,2025-04,,OUT,,,,,,,,
303,2025-04,Fermalux,OUT,,TRUE,,,,,,
304,2025-04,GGILGPRO,OUT,,TRUE,,,,,,
305,2025-04,EASYHOME,OUT,patron,,,,,,,
306,2025-04,EASYHOME,OUT,Dinant,,,,,,,
307,2025-04,Au Stock,OUT,,TRUE,,,,,,
367,2025-04,Continentis,OUT,,TRUE,,,,,,
308,2025-04,EASYHOME,OUT,Dinant,,,,,,,
319,2025-04,Fermalux,OUT,,TRUE,,,,,,
309,2025-04,GGILGPRO,OUT,,TRUE,,,,,,
310,2025-04,Piscinat,OUT,notoriété,TRUE,,,,,,
311,2025-04,Poils & Plumes Dinant,OUT,,TRUE,,,,,,
312,2025-04,Zoning Dinant en fête,OUT,Zoning Dinant en fête,,,,,,,
313,2025-04,Evo bikes,OUT,,TRUE,,,,,,
314,2025-04,Clôtures Leblanc,OUT,,TRUE,,,,,,
315,2025-04,Sly Invest ,OUT,,TRUE,,,,,,
316,2025-04,Zoning Dinant en fête,OUT,Poils & Plumes Dinant,TRUE,,,,,,
317,2025-04,Zoning Dinant en fête,OUT,,TRUE,,,,,,
318,2025-04,Chassis Lemmens,OUT,,TRUE,,,,,,
320,2025-04,Continentis,OUT,,TRUE,,,,,,
321,2025-04,Silicon Brain,OUT,,TRUE,,,,,,
322,2025-04,BLOQUÉ,OUT,BLOQUÉ,,,,,,,
323,2025-04,EASYHOME,OUT,patron,,,,,,,
324,2025-04,Fermalux,OUT,,TRUE,,,,,,
325,2025-04,EASYHOME,OUT,patron,,,,,,,
326,2025-04,Fermalux,OUT,,TRUE,,,,,,
327,2025-04,Q-outlet,OUT,Terrasse,TRUE,,,,,,
328,2025-04,Promo sport,OUT,,TRUE,,,,,,
329,2025-04,EASYHOME,OUT,patron,,,,,,,
330,2025-04,Tonton tapis,OUT,,TRUE,,,,,,
331,2025-04,Pessleux,OUT,,TRUE,,Pessleux-serres,,,,
332,2025-04,Continentis,OUT,,TRUE,,,,,,
333,2025-04,DEMA,OUT,Jardin,TRUE,,,,,,
334,2025-04,BLOQUÉ,OUT,BLOQUÉ,,,,,,,
335,2025-04,Evo bikes,OUT,,TRUE,,,,,,
336,2025-04,EASYHOME,OUT,patron,,,,,,,
337,2025-04,GGILGPRO,OUT,,TRUE,,,,,,
338,2025-04,Fermalux,OUT,,TRUE,,,,,,
339,2025-04,Locadepot BOX,OUT,,TRUE,,,,,,
340,2025-04,EASYHOME,OUT,patron,,,,,,,
341,2025-04,Clôtures Leblanc,OUT,,TRUE,,,,,,
365,2025-04,EASYHOME,OUT,patron,,,,,,,
342,2025-04,DPS,OUT,,,,,,,,
343,2025-04,Fermalux,OUT,,TRUE,,,,,,
344,2025-04,Optic & vous,OUT,,TRUE,,Optic & vous-2024,,,,
363,2025-04,DG Sport,OUT,,TRUE,,,,,,
345,2025-04,Continentis,OUT,,TRUE,,,,,,
346,2025-04,EASYHOME,OUT,patron,,,,,,,
359,2025-04,EASYHOME,OUT,Dinant,,,,,,,
360,2025-04,EASYHOME,OUT,patron,,,,,,,
361,2025-04,Locadepot BOX,OUT,,TRUE,,,,,,
,2025-04,,OUT,,,,,,,,
347,2025-04,Au Stock,OUT,,TRUE,,,,,,
348,2025-04,DPS,OUT,,,,,,,,
349,2025-04,Silicon Brain,OUT,,TRUE,,,,,,
350,2025-04,FIRR,OUT,,TRUE,,,,,,
351,2025-04,Evo bikes,OUT,,TRUE,,,,,,
352,2025-04,Evo bikes,OUT,,TRUE,,,,,,
353,2025-04,DEMA,OUT,Jardin,TRUE,,,,,,
,2025-04,,OUT,,,,,,,,
354,2025-04,,OUT,,,,,,,,
355,2025-04,,OUT,,,,,,,,
356,2025-04,Q-outlet,OUT,,TRUE,,,,,,
357,2025-04,Mobalpa Marche,OUT,,TRUE,,,,,,
,2025-04,,OUT,,,,,,,,
,2025-04,,OUT,,,,,,,,
,2025-04,,OUT,,,,,,,,
,2025-04,,OUT,,,,,,,,
,2025-04,,OUT,,,,,,,,
401,2025-04,,OUT,,,,,,,,
402,2025-04,,OUT,,,,,,,,
403,2025-04,,OUT,,,,,,,,
404,2025-04,,OUT,,,,,,,,
405,2025-04,,OUT,,,,,,,,
406,2025-04,,OUT,,,,,,,,
407,2025-04,,OUT,,,,,,,,
408,2025-04,,OUT,,,,,,,,
409,2025-04,,OUT,,,,,,,,
415,2025-04,,OUT,,,,,,,,
,2025-04,,OUT,,,,,,,,
,2025-04,,OUT,,,,,,,,
,2025-04,,OUT,,,,,,,,
,2025-04,,OUT,,,,,,,,
,2025-04,,OUT,,,,,,,,
,2025-04,,OUT,,,,,,,,
,2025-04,,OUT,,,,,,,,
,2025-04,,OUT,,,,,,,,
,2025-04,,OUT,,,,,,,,
501,2025-04,DPS,OUT,,,,,,,,
502,2025-04,,OUT,,,,,,,,
503,2025-04,,OUT,,,,,,,,
504,2025-04,GGILGPRO,OUT,,TRUE,,,,,,
505,2025-04,Delhaize Lux,OUT,,TRUE,,,,,,
506,2025-04,DPS,OUT,,,,,,,,
507,2025-04,EASYHOME,OUT,marche,,,,,,,
508,2025-04,DPS,OUT,,,,,,,,
509,2025-04,,OUT,,,,,,,,
,2025-04,DPS,OUT,,,,,,,,
,2025-04,,OUT,,,,,,,,
,2025-04,,OUT,,,,,,,,
527,2025-04,,OUT,,,,,,,,
512,2025-04,GGILGPRO,OUT,,TRUE,,,,,,
513,2025-04,,OUT,,,,,,,,
514,2025-04,Delhaize Lux,OUT,,TRUE,,,,,,
515,2025-04,Delhaize Lux,OUT,,TRUE,,,,,,
517,2025-04,Knauf,OUT,,,,,,,,
518,2025-04,,OUT,,,,,,,,
,2025-04,,OUT,,,,,,,,
520,2025-04,GGILGPRO,OUT,,TRUE,,,,,,
521,2025-04,,OUT,,,,,,,,
525,2025-04,DEMA,OUT,jardin,TRUE,,,,,,
530,2025-04,,OUT,,,,,,,,
,2025-04,,OUT,,,,,,,,
,2025-04,,OUT,,,,,,,,
,2025-04,,OUT,,,,,,,,
,2025-04,,OUT,,,,,,,,
,2025-04,,OUT,,,,,,,,
,2025-04,,OUT,,,,,,,,
,2025-04,,OUT,,,,,,,,
,2025-04,,OUT,,,,,,,,
,2025-04,,OUT,,,,,,,,
,2025-04,,OUT,,,,,,,,
,2025-04,,OUT,,,,,,,,
,2025-04,,OUT,,,,,,,,
,2025-04,,OUT,,,,,,,,
,2025-05,,IN,,,,,,,,
102,2025-05,Continentis,IN,,TRUE,,Continentis-2024,OK,,,
,2025-05,,IN,,,,,,,,
104,2025-05,CLL- langues,IN,,TRUE,,CLL- langues-2025,OK,6 NOUVEAU,,
105,2025-05,Cap Sciences,IN,,TRUE,,Cap Sciences-2024-stages-ete,OK,,,
106,2025-05,Q-outlet,IN,Terrasse,TRUE,,Q-outlet-terrasse-2024,OK,terrasse,,
107,2025-05,GGILGPRO,IN,,TRUE,,GGILGPRO-dunes-2025,OK,,,
108,2025-05,,IN,,,,,,,,
109,2025-05,CLL- langues,IN,,TRUE,,,,,,
110,2025-05,GGILGPRO,IN,,TRUE,,,,,,
111,2025-05,CLL- langues,IN,,TRUE,,,,,,
112,2025-05,Q-outlet,IN,Terrasse,TRUE,,,,,,
113,2025-05,Q-outlet,IN,Terrasse,TRUE,,,,,,
114,2025-05,,IN,,,,,,,,
,2025-05,,IN,,,,,,,,
,2025-05,,IN,,,,,,,,
,2025-05,,IN,,,,,,,,
,2025-05,,IN,,,,,,,,
,2025-05,,IN,,,,,,,,
,2025-05,,IN,,,,,,,,
,2025-05,,IN,,,,,,,,
,2025-05,,IN,,,,,,,,
,2025-05,,IN,,,,,,,,
,2025-05,,IN,,,,,,,,
201,2025-05,Green Agri,IN,,TRUE,,Green Agri-2025-robots,OK,,,
202,2025-05,Green Agri,IN,,TRUE,,,,,,
203,2025-05,Fintro Huy,IN,,TRUE,,Fintro Huy Jaumain-2023,OK,,,
204,2025-05,Fintro Huy,IN,,TRUE,,,,,,
205,2025-05,8h Moto,IN,,TRUE,,8h Moto-2025,BÂCHE COMMANDÉE,6 NOUVEAU,,
206,2025-05,GGILGPRO,IN,,TRUE,,,,,,
207,2025-05,EASYHOME,IN,,TRUE,,Easyhome2024,OK,,,
208,2025-05,EASYHOME,IN,,TRUE,,,,,,
209,2025-05,Multiwex,IN,,TRUE,,Multiwex-2024-notoriété,OK,,,
210,2025-05,Il Vulcano Pizzeria,IN,,TRUE,,Il Vulcano Pizzeria-2025,OK,,,
211,2025-05,Multiwex,IN,,TRUE,,,,,,
212,2025-05,,IN,,,,,,,,
213,2025-05,,IN,,,,,,,,
214,2025-05,,IN,,,,,,,,
215,2025-05,,IN,,,,,,,,
216,2025-05,Immo Cube,IN,,TRUE,,Immo Cube-2025-nouvelle-adresse,BÂCHE COMMANDÉE,2 nouveau,,
227,2025-05,Continentis,IN,,TRUE,,,,,,
217,2025-05,,IN,,,,,,,,
218,2025-05,EASYHOME,IN,,TRUE,,,,,,
,2025-05,,IN,,,,,,,,
220,2025-05,,IN,,,,,,,,
221,2025-05,Continentis,IN,,TRUE,,,,,,
226,2025-05,,IN,,,,,,,,
222,2025-05,Polarsun,IN,,TRUE,,Polarsun-2025,OK,,,
224,2025-05,continentis,IN,,TRUE,,,,,,
225,2025-05,deBRY,IN,,TRUE,,deBRY-robot-toondeuse-2025,OK,,,
230,2025-05,DEMA,IN,Jardin,TRUE,,,OK,Attente réponse visuel,,
,2025-05,,IN,,,,,,,,
,2025-05,,IN,,,,,,,,
,2025-05,,IN,,,,,,,,
,2025-05,,IN,,,,,,,,
,2025-05,,IN,,,,,,,,
,2025-05,,IN,,,,,,,,
,2025-05,,IN,,,,,,,,
,2025-05,,IN,,,,,,,,
,2025-05,,IN,,,,,,,,
,2025-05,,IN,,,,,,,,
,2025-05,,IN,,,,,,,,
,2025-05,,IN,,,,,,,,
301,2025-05,Fermalux,IN,,TRUE,,Fermalux-protections-solaires,OK,,,
,2025-05,,IN,,,,,,,,
303,2025-05,Continentis,IN,,TRUE,,,,,,
304,2025-05,Multiwex,IN,,TRUE,,,,,,
305,2025-05,Lumarvel,IN,,TRUE,,Lumarvel-2020-notoriété,OK,,,
306,2025-05,Condroz Motor,IN,,TRUE,,Condroz Motor-2025-maintenant-dacia-renault,OK,2 NOUVEAU - dacia/renault,,
307,2025-05,Chimsco,IN,action,TRUE,,Chimsco-2025-action capotage,OK,6 NOUVEAU - action capotage,,
367,2025-05,deBRY,IN,,TRUE,,,,,,
308,2025-05,Au Stock,IN,,TRUE,,Au Stock-materiel-pro,OK,,,
319,2025-05,GGILGPRO,IN,,TRUE,,,,,,
309,2025-05,Deville Assurances,IN,,TRUE,,Deville Assurances-2025,BÂCHE COMMANDÉE,2 NOUVEAU,,
310,2025-05,Deville Assurances,IN,,TRUE,,,,,,
311,2025-05,Au Stock,IN,,TRUE,,,,,,
312,2025-05,Chimsco,IN,action,TRUE,,,,,,
313,2025-05,GGILGPRO,IN,,TRUE,,,,,,
314,2025-05,Clôtures Leblanc,IN,,TRUE,,Clôtures Leblanc-2025,OK,,,
315,2025-05,Au Stock,IN,,TRUE,,,,,,
316,2025-05,Zoning Dinant en fête,IN,Poils & Plumes Dinant,TRUE,,Zoning Dinant en fête-2025,OK,,,
317,2025-05,Jardin Confort,IN,toiture,TRUE,,Jardin Confort-2025-toiture,BÂCHE COMMANDÉE,2 NOUVEAU - toiture (bozarc),,
318,2025-05,Q-outlet,IN,Terrasse,TRUE,,,,,,
320,2025-05,Green Robot,IN,,TRUE,,,OK,,,
321,2025-05,Fermalux,IN,,TRUE,,,,,,
322,2025-05,BLOQUÉ,IN,BLOQUÉ,,,Graines de Vélo-notoriété,OK,,,
323,2025-05,Green Robot,IN,,TRUE,,,,,,
324,2025-05,Graines de Vélo,IN,,TRUE,,Graines de Vélo-notoriété,OK,,,
325,2025-05,Q-outlet,IN,Terrasse,TRUE,,,,,,
326,2025-05,Q-outlet,IN,Terrasse,TRUE,,,,,,
327,2025-05,Green Robot,IN,,TRUE,,,,,,
328,2025-05,Clôtures Leblanc,IN,,TRUE,,,,,,
329,2025-05,CLL- langues,IN,,TRUE,,,,,,
330,2025-05,GGILGPRO,IN,,TRUE,,,,,,
331,2025-05,Fermalux,IN,,TRUE,,,OK,,,
332,2025-05,Fermalux,IN,,TRUE,,,,,,
333,2025-05,GGILGPRO,IN,,TRUE,,,,,,
334,2025-05,Q-outlet,IN,Terrasse,TRUE,,,,,,
335,2025-05,DEMA,IN,Jardin,TRUE,,,,,,
336,2025-05,Fermalux,IN,,TRUE,,,,,,
337,2025-05,Pessleux,IN,,TRUE,,Pessleux-serres,OK,,,
338,2025-05,VHC,IN,new,TRUE,,VHC-2025-climatisation-pompe,BÂCHE COMMANDÉE,2 NOUVEAU,,
339,2025-05,Marco Magazzino,IN,,TRUE,,Marco Magazzino-Fosse-2024,OK,,,
340,2025-05,Locadepot BOX,IN,,,,,,,,
341,2025-05,Multiwex,IN,,TRUE,,,,,,
365,2025-05,Au Stock,IN,,TRUE,,,,,,
342,2025-05,Clôtures Leblanc,IN,,TRUE,,,,,,
343,2025-05,Q-outlet,IN,Terrasse,TRUE,,,,,,
344,2025-05,Cycles Cammaerts,IN,,TRUE,,Cycles Cammaerts-2025,OK,,,
363,2025-05,DEMA,IN,Jardin,TRUE,,,,,,
345,2025-05,EASYHOME,IN,Dinant,TRUE,,,,,,
346,2025-05,8h Moto,IN,,TRUE,,,,,,
359,2025-05,EASYHOME,IN,Dinant,TRUE,,,,,,
360,2025-05,Locadepot BOX,IN,,TRUE,,Locadepot BOX-2025,OK,,,
361,2025-05,EASYHOME,IN,patron,TRUE,,,,,,
,2025-05,,IN,,,,,,,,
347,2025-05,BP Martelange,IN,,TRUE,,BPmartelange-coca-1098,OK,,,
348,2025-05,Multiwex,IN,,TRUE,,,,,,
349,2025-05,Chimsco,IN,action,TRUE,,,,,,
350,2025-05,GGILGPRO,IN,,TRUE,,,,,,
351,2025-05,DEMA,IN,été,TRUE,,,,,,
352,2025-05,GGILGPRO,IN,,TRUE,,,,,,
353,2025-05,Chimsco,IN,action,TRUE,,,,,,
,2025-05,,IN,,,,,,,,
354,2025-05,Clôtures Leblanc,IN,,TRUE,,,,,,
355,2025-05,EASYHOME,IN,patron,TRUE,,,,,,
356,2025-05,EASYHOME,IN,patron,TRUE,,,,,,
357,2025-05,Multiwex,IN,,TRUE,,,,,,
,2025-05,,IN,,,,,,,,
,2025-05,,IN,,,,,,,,
,2025-05,,IN,,,,,,,,
,2025-05,,IN,,,,,,,,
,2025-05,,IN,,,,,,,,
401,2025-05,GGILGPRO,IN,,TRUE,,,,,,
402,2025-05,Continentis,IN,IN,TRUE,,,,,,
403,2025-05,GGILGPRO,IN,,TRUE,,,,,,
404,2025-05,Silicon Brain,IN,,TRUE,,Silicon Brain-2025,OK,,,
405,2025-05,8h Moto,IN,,TRUE,,,,,,
406,2025-05,Continentis,IN,,TRUE,,,,,,
407,2025-05,Spa Italia,IN,,TRUE,,Spa Italia-2025,BÂCHE COMMANDÉE,Attente fichier (28/4),,
408,2025-05,DEMA,IN,Jardin,TRUE,,,,,,
409,2025-05,Continentis,IN,,TRUE,,,,,,
415,2025-05,,IN,,,,,,,,
,2025-05,,IN,,,,,,,,
,2025-05,,IN,,,,,,,,
,2025-05,,IN,,,,,,,,
,2025-05,,IN,,,,,,,,
,2025-05,,IN,,,,,,,,
,2025-05,,IN,,,,,,,,
,2025-05,,IN,,,,,,,,
,2025-05,,IN,,,,,,,,
,2025-05,,IN,,,,,,,,
501,2025-05,,IN,,,,,,,,
502,2025-05,DPS,IN,,,,DPS-coca-7-19,OK,,,
503,2025-05,Watt4U,IN,,,,Watt4U-notoriete,OK,,,
504,2025-05,Naturpark Sur,IN,new bateau,TRUE,,Naturpark Sur-2025-bateau,BÂCHE COMMANDÉE,1 NOUVEAU,,
505,2025-05,DPS,IN,,,,,,,,
506,2025-05,GGILGPRO,IN,,TRUE,,,,,,
507,2025-05,DPS,IN,,,,,,,,
508,2025-05,,IN,,,,,,,,
509,2025-05,Continentis,IN,,,,,,,,
,2025-05,DPS,IN,,,,,,,,
,2025-05,Watt4U,IN,,,,,,,,
,2025-05,,IN,,,,,,,,
527,2025-05,,IN,,,,,,,,
512,2025-05,Continentis,IN,,,,,,,,
513,2025-05,Knauf,IN,,TRUE,,,OK,,,
514,2025-05,8h Moto,IN,new,TRUE,,,,,,
515,2025-05,Silicon Brain,IN,,TRUE,,,,,,
517,2025-05,Delhaize Lux,IN,,TRUE,,Delhaize Lux-2025-fleche-pommerloch,OK,,,
518,2025-05,Continentis,IN,,,,,,,,
,2025-05,,IN,,,,,,,,
520,2025-05,Delhaize Lux,IN,,TRUE,,,,,,
521,2025-05,Continentis,IN,,,,,,,,
525,2025-05,EASYHOME,IN,marche,TRUE,,,,,,
530,2025-05,DPS,IN,,,,,,,,
,2025-05,,IN,,,,,,,,
,2025-05,,IN,,,,,,,,
,2025-05,,IN,,,,,,,,
,2025-05,,IN,,,,,,,,
,2025-05,,IN,,,,,,,,
,2025-05,,IN,,,,,,,,
,2025-05,,IN,,,,,,,,
,2025-05,,IN,,,,,,,,
,2025-05,,IN,,,,,,,,
,2025-05,,IN,,,,,,,,
,2025-05,,IN,,,,,,,,
,2025-05,,IN,,,,,,,,
,2025-05,,IN,,,,,,,,
,2025-05,,OUT,,,,,,,,
102,2025-05,Clôtures Leblanc,OUT,,TRUE,,,,,,
,2025-05,,OUT,,,,,,,,
104,2025-05,EASYHOME,OUT,,TRUE,,,,,,
105,2025-05,8h Moto,OUT,,TRUE,,,,,,
106,2025-05,Silicon Brain,OUT,,TRUE,,,,,,
107,2025-05,CLL- langues,OUT,,TRUE,,,,,,
108,2025-05,,OUT,,,,,,,,
109,2025-05,EASYHOME,OUT,,TRUE,,,,,,
110,2025-05,EASYHOME,OUT,,TRUE,,,,,,
111,2025-05,EASYHOME,OUT,,TRUE,,,,,,
112,2025-05,CLL- langues,OUT,,TRUE,,,,,,
113,2025-05,Silicon Brain,OUT,,TRUE,,,,,,
114,2025-05,,OUT,,,,,,,,
,2025-05,,OUT,,,,,,,,
,2025-05,,OUT,,,,,,,,
,2025-05,,OUT,,,,,,,,
,2025-05,,OUT,,,,,,,,
,2025-05,,OUT,,,,,,,,
,2025-05,,OUT,,,,,,,,
,2025-05,,OUT,,,,,,,,
,2025-05,,OUT,,,,,,,,
,2025-05,,OUT,,,,,,,,
,2025-05,,OUT,,,,,,,,
201,2025-05,Q-outlet,OUT,Terrasse,TRUE,,,,,,
202,2025-05,Silicon Brain,OUT,,TRUE,,,,,,
203,2025-05,ESPA,OUT,,TRUE,,ESPA-2025,BÂCHE COMMANDÉE,2 NOUVEAU,,
204,2025-05,EASYHOME,OUT,,TRUE,,,,,,
205,2025-05,,OUT,,,,,,,,
206,2025-05,EASYHOME,OUT,,TRUE,,,,,,
207,2025-05,Silicon Brain,OUT,,TRUE,,,,,,
208,2025-05,,OUT,,,,,,,,
209,2025-05,,OUT,,,,,,,,
210,2025-05,Silicon Brain,OUT,,TRUE,,Il Vulcano Pizzeria-2025,,,,
211,2025-05,,OUT,,,,,,,,
212,2025-05,,OUT,,,,,,,,
213,2025-05,EASYHOME,OUT,,TRUE,,,,,,
214,2025-05,,OUT,,,,,,,,
215,2025-05,,OUT,,,,,,,,
216,2025-05,,OUT,,,,,,,,
227,2025-05,EASYHOME,OUT,,TRUE,,,,,,
217,2025-05,Immo Cube,OUT,,TRUE,,,,,,
218,2025-05,,OUT,,,,,,,,
,2025-05,,OUT,,,,,,,,
220,2025-05,,OUT,,,,,,,,
221,2025-05,,OUT,,,,,,,,
226,2025-05,,OUT,,,,,,,,
222,2025-05,Spa Italia,OUT,,TRUE,,,,,,
224,2025-05,,OUT,,,,,,,,
225,2025-05,EASYHOME,OUT,patron,TRUE,,,,,,
230,2025-05,,OUT,,,,,,,,
,2025-05,,OUT,,,,,,,,
,2025-05,,OUT,,,,,,,,
,2025-05,,OUT,,,,,,,,
,2025-05,,OUT,,,,,,,,
,2025-05,,OUT,,,,,,,,
,2025-05,,OUT,,,,,,,,
,2025-05,,OUT,,,,,,,,
,2025-05,,OUT,,,,,,,,
,2025-05,,OUT,,,,,,,,
,2025-05,,OUT,,,,,,,,
,2025-05,,OUT,,,,,,,,
,2025-05,,OUT,,,,,,,,
301,2025-05,EASYHOME,OUT,patron,TRUE,,,,,,
,2025-05,,OUT,,,,,,,,
303,2025-05,Fintro Huy,OUT,,TRUE,,,,,,
304,2025-05,Au Stock,OUT,,TRUE,,,,,,
305,2025-05,EASYHOME,OUT,patron,TRUE,,,,,,
306,2025-05,Chimsco,OUT,action,TRUE,,,,,,
307,2025-05,Au Stock,OUT,,TRUE,,,,,,
367,2025-05,EASYHOME,OUT,patron,TRUE,,,,,,
308,2025-05,Poils & Plumes Ciney,OUT,,TRUE,,Poils & Plumes Ciney-Dinant-Rochefort Notoriété,OK,,,
319,2025-05,Au Stock,OUT,,TRUE,,,,,,
309,2025-05,deBRY,OUT,,TRUE,,,,,,
310,2025-05,Clôtures Leblanc,OUT,,TRUE,,,,,,
311,2025-05,Poils & Plumes Dinant,OUT,,TRUE,,Poils & Plumes Ciney-Dinant-Rochefort Notoriété,OK,,,
312,2025-05,Au Stock,OUT,,TRUE,,,,,,
313,2025-05,Condroz Motor,OUT,,TRUE,,,,,,
314,2025-05,Zoning Dinant en fête,OUT,Poils & Plumes Dinant,TRUE,,,,,,
315,2025-05,Tonton tapis,OUT,,TRUE,,Tonton tapis-2020-notoriété,OK,,,
316,2025-05,Zoning Dinant en fête,OUT,Poils & Plumes Dinant,TRUE,,,,,,
317,2025-05,Zoning Dinant en fête,OUT,,TRUE,,,BÂCHE COMMANDÉE,,,
318,2025-05,Fermalux,OUT,,TRUE,,,,,,
320,2025-05,Rénovéranda,OUT,,TRUE,,Rénovéranda-2025,BÂCHE COMMANDÉE,4 NOUVEAU (bozarc),,
321,2025-05,Silicon Brain,OUT,,TRUE,,,,,,
322,2025-05,BLOQUÉ,OUT,BLOQUÉ,,,,,,,
323,2025-05,Graines de Vélo,OUT,,TRUE,,,,,,
324,2025-05,Rénovéranda,OUT,,TRUE,,,,,,
325,2025-05,DEMA,OUT,Jardin,TRUE,,,,,,
326,2025-05,Rénovéranda,OUT,,TRUE,,,,,,
327,2025-05,Jardin Confort,OUT,Toiture,TRUE,,,,,,
328,2025-05,Kids and us Gembloux,OUT,Fond blanc ,TRUE,,Kids and us Gembloux,OK,,,
329,2025-05,8h Moto,OUT,,TRUE,,,,,,
330,2025-05,DEMA,OUT,Jardin,TRUE,,,,,,
331,2025-05,DEMA,OUT,Jardin,TRUE,,,,,,
332,2025-05,Continentis,OUT,,TRUE,,,,,,
333,2025-05,Fermalux,OUT,,TRUE,,,,,,
334,2025-05,BLOQUÉ,OUT,BLOQUÉ,,,,,,,
335,2025-05,Locadepot BOX,OUT,,TRUE,,,,,,
336,2025-05,VHC,OUT,new,TRUE,,,,,,
337,2025-05,Continentis,OUT,,TRUE,,,,,,
338,2025-05,GGILGPRO,OUT,,TRUE,,,,,,
339,2025-05,GGILGPRO,OUT,,TRUE,,,,,,
340,2025-05,ESPA,OUT,new,FALSE,,,,,,
341,2025-05,Fermalux,OUT,,TRUE,,,,,,
365,2025-05,EASYHOME,OUT,patron,TRUE,,,,,,
342,2025-05,DPS,OUT,,TRUE,,,,,,
343,2025-05,GGILGPRO,OUT,,TRUE,,,,,,
344,2025-05,Fermalux,OUT,,TRUE,,,,,,
363,2025-05,DPS,OUT,,TRUE,,,,,,
345,2025-05,EASYHOME,OUT,Dinant,TRUE,,,,,,
346,2025-05,EASYHOME,OUT,Dinant,TRUE,,,,,,
359,2025-05,EASYHOME,OUT,Dinant,TRUE,,,,,,
360,2025-05,EASYHOME,OUT,Dinant,TRUE,,,,,,
361,2025-05,Continentis,OUT,,TRUE,,,,,,
,2025-05,,OUT,,,,,,,,
347,2025-05,Au Stock,OUT,,TRUE,,,,,,
348,2025-05,DPS,OUT,,TRUE,,,,,,
349,2025-05,Silicon Brain,OUT,,TRUE,,,,,,
350,2025-05,EASYHOME,OUT,marche,TRUE,,,,,,
351,2025-05,Poils & Plumes Rochefort,OUT,,TRUE,,Poils & Plumes Ciney-Dinant-Rochefort Notoriété,OK,,,
352,2025-05,Chimsco,OUT,action,TRUE,,,,,,
353,2025-05,Poils & Plumes Rochefort,OUT,,TRUE,,,,,,
,2025-05,,OUT,,,,,,,,
354,2025-05,EASYHOME,OUT,patron,TRUE,,,,,,
355,2025-05,Continentis,OUT,,TRUE,,,,,,
356,2025-05,,OUT,,,,,,,,
357,2025-05,deBRY,OUT,,TRUE,,,,,,
,2025-05,,OUT,,,,,,,,
,2025-05,,OUT,,,,,,,,
,2025-05,,OUT,,,,,,,,
,2025-05,,OUT,,,,,,,,
,2025-05,,OUT,,,,,,,,
401,2025-05,,OUT,,,,,,,,
402,2025-05,,OUT,,,,,,,,
403,2025-05,,OUT,,,,,,,,
404,2025-05,Spa Italia,OUT,,TRUE,,,,,,
405,2025-05,,OUT,,,,,,,,
406,2025-05,,OUT,,,,,,,,
407,2025-05,,OUT,,,,,,,,
408,2025-05,,OUT,,,,,,,,
409,2025-05,,OUT,,,,,,,,
415,2025-05,,OUT,,,,,,,,
,2025-05,,OUT,,,,,,,,
,2025-05,,OUT,,,,,,,,
,2025-05,,OUT,,,,,,,,
,2025-05,,OUT,,,,,,,,
,2025-05,,OUT,,,,,,,,
,2025-05,,OUT,,,,,,,,
,2025-05,,OUT,,,,,,,,
,2025-05,,OUT,,,,,,,,
,2025-05,,OUT,,,,,,,,
501,2025-05,DPS,OUT,,TRUE,,,,,,
502,2025-05,,OUT,,,,,,,,
503,2025-05,,OUT,,,,,,,,
504,2025-05,,OUT,,,,,,,,
505,2025-05,,OUT,,,,,,,,
506,2025-05,DPS,OUT,,,,,,,,
507,2025-05,,OUT,,,,,,,,
508,2025-05,DPS,OUT,,,,,,,,
509,2025-05,,OUT,,,,,,,,
,2025-05,DPS,OUT,,,,,,,,
,2025-05,,OUT,,,,,,,,
,2025-05,,OUT,,,,,,,,
527,2025-05,,OUT,,,,,,,,
512,2025-05,,OUT,,,,,,,,
513,2025-05,,OUT,,,,,,,,
514,2025-05,Delhaize Lux,OUT,,TRUE,,,,,,
515,2025-05,Delhaize Lux,OUT,,TRUE,,,,,,
517,2025-05,knauf,OUT,,TRUE,,,,,,
518,2025-05,,OUT,,,,,,,,
,2025-05,,OUT,,,,,,,,
520,2025-05,,OUT,,,,,,,,
521,2025-05,,OUT,,,,,,,,
525,2025-05,DEMA,OUT,Jardin,TRUE,,,,,,
530,2025-05,,OUT,,,,,,,,
,2025-05,,OUT,,,,,,,,
,2025-05,,OUT,,,,,,,,
,2025-05,,OUT,,,,,,,,
,2025-05,,OUT,,,,,,,,
,2025-05,,OUT,,,,,,,,
,2025-05,,OUT,,,,,,,,
,2025-05,,OUT,,,,,,,,
,2025-05,,OUT,,,,,,,,
,2025-05,,OUT,,,,,,,,
,2025-05,,OUT,,,,,,,,
,2025-05,,OUT,,,,,,,,
,2025-05,,OUT,,,,,,,,
,2025-05,,OUT,,,,,,,,
,2025-06,,IN,,,,,,,,
102,2025-06,Promo sport,IN,,TRUE,,,,,,
,2025-06,,IN,,,,,,,,
104,2025-06,CLL- langues,IN,,TRUE,,CLL- langues-2025,,,,
105,2025-06,Promo sport,IN,,TRUE,,Cap Sciences-2024-stages-ete,,,,
106,2025-06,Promo sport,IN,,TRUE,,,,,,
107,2025-06,Promo sport,IN,,TRUE,,,,,,
108,2025-06,,IN,,,,,,,,
109,2025-06,Continentis,IN,,TRUE,,Continentis-2024,,,,
110,2025-06,EASYHOME,IN,,,,Easyhome2024,,,,
111,2025-06,CLL- langues,IN,,TRUE,,,,,,
112,2025-06,Q-outlet,IN,XXL,TRUE,,Q-outlet-2025-XXL,,,,
113,2025-06,Graines de Vélo,IN,NEW dépot,TRUE,,,,2 livrés par client,,
114,2025-06,,IN,,,,,,,,
,2025-06,,IN,,,,,,,,
,2025-06,,IN,,,,,,,,
,2025-06,,IN,,,,,,,,
,2025-06,,IN,,,,,,,,
,2025-06,,IN,,,,,,,,
,2025-06,,IN,,,,,,,,
,2025-06,,IN,,,,,,,,
,2025-06,,IN,,,,,,,,
,2025-06,,IN,,,,,,,,
,2025-06,,IN,,,,,,,,
201,2025-06,Green Agri,IN,,TRUE,,Green Agri-2025-robots,,,,
202,2025-06,Green Agri,IN,,TRUE,,,,,,
203,2025-06,Continentis,IN,,TRUE,,,,,,
204,2025-06,Hannosset,IN,juin,TRUE,,Hannosset-2025-promojuin,AUTOCOLLANT COMMANDÉ,5 Autocollants juin CC,,
205,2025-06,Hannosset,IN,juin,TRUE,,,,,,
206,2025-06,Multiwex,IN,,TRUE,,Multiwex-2024-notoriété,,,,
207,2025-06,Multiwex,IN,,TRUE,,,,,,
208,2025-06,Fintro Huy,IN,,TRUE,,Fintro Huy Jaumain-2023,BÂCHE COMMANDÉE,,,
209,2025-06,Continentis,IN,,TRUE,,,,,,
210,2025-06,Il Vulcano Pizzeria,IN,,TRUE,,Il Vulcano Pizzeria-2025,,,,
211,2025-06,EASYHOME,IN,,,,,,,,
212,2025-06,,IN,,,,,,,,
213,2025-06,,IN,,,,,,,,
214,2025-06,,IN,,,,,,,,
215,2025-06,EASYHOME,IN,,,,,,,,
216,2025-06,Immo Cube,IN,,TRUE,,,,,,
227,2025-06,DP Studio,IN,new,TRUE,,DP Studio-2025-9c1a93f1,BÂCHE COMMANDÉE,2 NEW CC,,
217,2025-06,DP Studio,IN,new,TRUE,,,,,,
218,2025-06,EASYHOME,IN,,,,,,,,
,2025-06,,IN,,,,,,,,
220,2025-06,EASYHOME,IN,,,,,,,,
221,2025-06,Continentis,IN,,TRUE,,,,,,
226,2025-06,,IN,,,,,,,,
222,2025-06,Spa Italia,IN,,TRUE,,Spa Italia-2025,BÂCHE COMMANDÉE,,,
224,2025-06,,IN,,,,,,,,
225,2025-06,DEMA,IN,Extérieur,TRUE,,DEMA-2023-exterieur,,extérieur ou été,,
230,2025-06,DEMA,IN,Jardin,TRUE,,,,,,
,2025-06,,IN,,,,,,,,
,2025-06,,IN,,,,,,,,
,2025-06,,IN,,,,,,,,
,2025-06,,IN,,,,,,,,
,2025-06,,IN,,,,,,,,
,2025-06,,IN,,,,,,,,
,2025-06,,IN,,,,,,,,
,2025-06,,IN,,,,,,,,
,2025-06,,IN,,,,,,,,
,2025-06,,IN,,,,,,,,
,2025-06,,IN,,,,,,,,
,2025-06,,IN,,,,,,,,
301,2025-06,Fintro Huy,IN,,TRUE,,,,,,
,2025-06,,IN,,,,,,,,
303,2025-06,Fintro Ciney,IN,?,TRUE,,,,,,
304,2025-06,ESPA,IN,,TRUE,,ESPA-2025-education,FICHIER REÇU,1 NEW Alain,,
305,2025-06,Watt4U,IN,,TRUE,,Watt4U-notoriete,,,,
306,2025-06,Clôtures Leblanc,IN,,TRUE,,Clôtures Leblanc-2025,,,,
307,2025-06,deBRY,IN,,TRUE,,deBRY-robot-toondeuse-2025,,,,
367,2025-06,Poils & Plumes Ciney,IN,,TRUE,,Poils & Plumes Ciney-Dinant-Rochefort Notoriété,,,,
308,2025-06,Deville Assurances,IN,,TRUE,,Deville Assurances-2025,,,,
319,2025-06,Poils & Plumes Ciney,IN,,TRUE,,,,,,
309,2025-06,Fintro Ciney,IN,?,TRUE,,,,,,
310,2025-06,Watt4U,IN,,TRUE,,,,,,
311,2025-06,Continentis,IN,,TRUE,,,,,,
312,2025-06,Fintro Ciney,IN,?,TRUE,,,,,,
313,2025-06,PT Festival,IN,new,TRUE,,PT Festival-2025,FICHIER À CRÉER,10 new dépot,,
314,2025-06,Locadepot BOX,IN,,TRUE,,Condroz Motor-2025-maintenant-dacia-renault,,,,
315,2025-06,Poils & Plumes Dinant,IN,,TRUE,,Poils & Plumes Ciney-Dinant-Rochefort Notoriété,,,,
316,2025-06,Locadepot BOX,IN,,TRUE,,,,,,
317,2025-06,Poils & Plumes Dinant,IN,,TRUE,,,,,,
318,2025-06,Continentis,IN,,TRUE,,,,,,
320,2025-06,Q-outlet,IN,XXL,TRUE,,,,,,
321,2025-06,,IN,,,,,,,,
322,2025-06,,IN,Plus de remorque,,,,,,,
323,2025-06,Kids and us Gembloux,IN,,TRUE,,,,,,
324,2025-06,Q-outlet,IN,XXL,TRUE,,,,,,
325,2025-06,Graines de vélo,IN,NEW dépot,TRUE,,,,,,
326,2025-06,Green Robot,IN,,TRUE,,,,,,
327,2025-06,Clôtures Leblanc,IN,,TRUE,,,,,,
328,2025-06,Athénée Gembloux ,IN,new,TRUE,,Athénée Gembloux-2025,BÂCHE COMMANDÉE,2 NEW CC,,
329,2025-06,Q-outlet,IN,XXL,TRUE,,,,,,
330,2025-06,Green Robot,IN,,TRUE,,,,,,
331,2025-06,Clôtures Leblanc,IN,,TRUE,,,,,,
332,2025-06,PT Festival,IN,new,TRUE,,Silicon Brain-2025,,,,
333,2025-06,PT Festival,IN,new,TRUE,,,,,,
334,2025-06,Esperanzah,IN,new,TRUE,,Esperanzah-2025-52b881e8,,1 NEW Alain,,
335,2025-06,Multiwex,IN,,TRUE,,,,,,
336,2025-06,EASYHOME,IN,patron,,,Esperanzah-2025-52b881e8,,,,
337,2025-06,Pessleux,IN,,TRUE,,Pessleux-serres,,,,
338,2025-06,Matexi,IN,?,TRUE,,,FICHIER CLIENT,,,
339,2025-06,Q-outlet,IN,XXL,TRUE,,,,,,
340,2025-06,Promo sport,IN,,TRUE,,,,,,
341,2025-06,Fermalux,IN,,TRUE,,Fermalux-protections-solaires,,,,
365,2025-06,DPS,IN,,,,,,,,
342,2025-06,Clôtures Leblanc,IN,,TRUE,,,,,,
343,2025-06,Multiwex,IN,,TRUE,,,,,,
344,2025-06,Exam Services,IN,new CC,TRUE,,Exam Services-2025-location,BÂCHE COMMANDÉE,5 NEW CC,,
363,2025-06,DEMA,IN,Extérieur,TRUE,,,,,,
345,2025-06,EASYHOME,IN,Dinant,,,,,,,
346,2025-06,Continentis,IN,,TRUE,,,,,,
359,2025-06,EASYHOME,IN,Dinant,,,,,,,
360,2025-06,DEMA,IN,Extérieur,TRUE,,,,,,
361,2025-06,,IN,,,,,,,,
,2025-06,,IN,,,,,,,,
347,2025-06,BP Martelange,IN,,TRUE,,BPmartelange-coca-1098,,,,
348,2025-06,Poils & Plumes Rochefort,IN,,TRUE,,Poils & Plumes Ciney-Dinant-Rochefort Notoriété,,,,
349,2025-06,Multiwex,IN,,TRUE,,,,,,
350,2025-06,DEMA,IN,Extérieur,TRUE,,,,,,
351,2025-06,Multiwex,IN,,TRUE,,,,,,
352,2025-06,Baijot,IN,Haversin,TRUE,,Baijot-2025-pessoux-haversin,BÂCHE COMMANDÉE,4 NEW CC,,
353,2025-06,Poils & Plumes Rochefort,IN,,TRUE,,,,,,
,2025-06,,IN,,,,,,,,
354,2025-06,EASYHOME,IN,patron,,,,,,,
355,2025-06,EASYHOME,IN,patron,,,,,,,
356,2025-06,Matexi,IN,,TRUE,,,,,,
357,2025-06,deBRY,IN,,TRUE,,,,,,
,2025-06,,IN,,,,,,,,
,2025-06,,IN,,,,,,,,
,2025-06,,IN,,,,,,,,
,2025-06,,IN,,,,,,,,
,2025-06,,IN,,,,,,,,
401,2025-06,Continentis,IN,,TRUE,,,,,,
402,2025-06,Clôtures Leblanc,IN,,TRUE,,,,,,
403,2025-06,Promo sport,IN,,TRUE,,,,,,
404,2025-06,Spa Italia,IN,,TRUE,,,,,,
405,2025-06,DEMA,IN,extérieur,TRUE,,,,,,
406,2025-06,Continentis,IN,,TRUE,,,,,,
407,2025-06,Spa Italia,IN,,TRUE,,,,,,
408,2025-06,DEMA,IN,extérieur,TRUE,,,,,,
409,2025-06,DEMA,IN,Jardin,TRUE,,,,,,
415,2025-06,Continentis,IN,,TRUE,,,,,,
,2025-06,,IN,,,,,,,,
,2025-06,,IN,,,,,,,,
,2025-06,,IN,,,,,,,,
,2025-06,,IN,,,,,,,,
,2025-06,,IN,,,,,,,,
,2025-06,,IN,,,,,,,,
,2025-06,,IN,,,,,,,,
,2025-06,,IN,,,,,,,,
,2025-06,,IN,,,,,,,,
501,2025-06,,IN,,,,,,,,
502,2025-06,DPS,IN,,,,,,,,
503,2025-06,Continentis,IN,,TRUE,,,,,,
504,2025-06,Naturpark Sur,IN,,TRUE,,Naturpark Sur-2025-bateau,,,,
505,2025-06,DPS,IN,,,,,,,,
506,2025-06,,IN,,,,,,,,
507,2025-06,DPS,IN,,,,,,,,
508,2025-06,,IN,,,,,,,,
509,2025-06,,IN,,,,,,,,
,2025-06,DPS,IN,,,,,,,,
,2025-06,Continentis,IN,,TRUE,,,,,,
,2025-06,,IN,,,,,,,,
527,2025-06,,IN,,,,,,,,
512,2025-06,,IN,,,,,,,,
513,2025-06,Knauf,IN,,TRUE,,,,,,
514,2025-06,Continentis,IN,,TRUE,,,,,,
515,2025-06,,IN,,,,,,,,
517,2025-06,Delhaize Lux,IN,,TRUE,,Delhaize Lux-2025-fleche-pommerloch,,,,
518,2025-06,,IN,,,,,,,,
,2025-06,,IN,,,,,,,,
520,2025-06,Delhaize Lux,IN,,TRUE,,,,,,
521,2025-06,Continentis,IN,,TRUE,,,,,,
525,2025-06,EASYHOME,IN,marche,,,,,,,
530,2025-06,DPS,IN,,,,,,,,
,2025-06,,IN,,,,,,,,
,2025-06,,IN,,,,,,,,
,2025-06,,IN,,,,,,,,
,2025-06,,IN,,,,,,,,
,2025-06,,IN,,,,,,,,
,2025-06,,IN,,,,,,,,
,2025-06,,IN,,,,,,,,
,2025-06,,IN,,,,,,,,
,2025-06,,IN,,,,,,,,
,2025-06,,IN,,,,,,,,
,2025-06,,IN,,,,,,,,
,2025-06,,IN,,,,,,,,
,2025-06,,IN,,,,,,,,
,2025-06,,OUT,,,,,,,,
102,2025-06,DEMA,OUT,Extérieur,TRUE,,,,,,
,2025-06,,OUT,,,,,,,,
104,2025-06,Silicon Brain,OUT,,TRUE,,Silicon Brain-2025,,,,
105,2025-06,Cap Sciences,OUT,,TRUE,,,,,,
106,2025-06,CLL- langues,OUT,,TRUE,,,,,,
107,2025-06,CLL- langues,OUT,,TRUE,,,,,,
108,2025-06,,OUT,,,,,,,,
109,2025-06,EASYHOME,OUT,,,,,,,,
110,2025-06,EASYHOME,OUT,,,,,,,,
111,2025-06,Continentis,OUT,,TRUE,,,,,,
112,2025-06,CLL- langues,OUT,,TRUE,,,,,,
113,2025-06,Silicon Brain,OUT,,TRUE,,,,,,
114,2025-06,,OUT,,,,,,,,
,2025-06,,OUT,,,,,,,,
,2025-06,,OUT,,,,,,,,
,2025-06,,OUT,,,,,,,,
,2025-06,,OUT,,,,,,,,
,2025-06,,OUT,,,,,,,,
,2025-06,,OUT,,,,,,,,
,2025-06,,OUT,,,,,,,,
,2025-06,,OUT,,,,,,,,
,2025-06,,OUT,,,,,,,,
,2025-06,,OUT,,,,,,,,
201,2025-06,Hannosset,OUT,juin,TRUE,,,,,,
202,2025-06,Fintro Huy,OUT,,TRUE,,,,,,
203,2025-06,EASYHOME,OUT,,,,,,,,
204,2025-06,EASYHOME,OUT,,,,,,,,
205,2025-06,Silicon Brain,OUT,,TRUE,,,,,,
206,2025-06,Fintro Huy,OUT,,TRUE,,,,,,
207,2025-06,EASYHOME,OUT,,,,,,,,
208,2025-06,Continentis,OUT,,TRUE,,,,,,
209,2025-06,,OUT,,,,,,,,
210,2025-06,,OUT,,,,,,,,
211,2025-06,Continentis,OUT,,TRUE,,,,,,
212,2025-06,,OUT,,,,,,,,
213,2025-06,,OUT,,,,,,,,
214,2025-06,,OUT,,,,,,,,
215,2025-06,Hannosset,OUT,juin,TRUE,,,,,,
216,2025-06,Hannosset,OUT,juin,TRUE,,,,,,
227,2025-06,EASYHOME,OUT,,,,,,,,
217,2025-06,,OUT,,,,,,,,
218,2025-06,Continentis,OUT,,TRUE,,,,,,
,2025-06,,OUT,,,,,,,,
220,2025-06,,OUT,,,,,,,,
221,2025-06,,OUT,,,,,,,,
226,2025-06,,OUT,,,,,,,,
222,2025-06,Silicon Brain,OUT,,TRUE,,,,,,
224,2025-06,,OUT,,,,,,,,
225,2025-06,deBRY,OUT,,TRUE,,,,,,
230,2025-06,,OUT,,,,,,,,
,2025-06,,OUT,,,,,,,,
,2025-06,,OUT,,,,,,,,
,2025-06,,OUT,,,,,,,,
,2025-06,,OUT,,,,,,,,
,2025-06,,OUT,,,,,,,,
,2025-06,,OUT,,,,,,,,
,2025-06,,OUT,,,,,,,,
,2025-06,,OUT,,,,,,,,
,2025-06,,OUT,,,,,,,,
,2025-06,,OUT,,,,,,,,
,2025-06,,OUT,,,,,,,,
,2025-06,,OUT,,,,,,,,
301,2025-06,Bièrez-vous asbl,OUT,,TRUE,,Bièrez-vous asbl-2024,,,,
,2025-06,,OUT,,,,,,,,
303,2025-06,EASYHOME,OUT,patron,,,,,,,
304,2025-06,PT Festival,OUT,new,TRUE,,,,,,
305,2025-06,Continentis,OUT,,TRUE,,,,,,
306,2025-06,Condroz Motor,OUT,,TRUE,,,,,,
307,2025-06,Au Stock,OUT,,TRUE,,Au Stock-materiel-pro,,,,
367,2025-06,PT Festival,OUT,new,TRUE,,,,,,
308,2025-06,PT Festival,OUT,new,TRUE,,,,,,
319,2025-06,Deville Assurances,OUT,,TRUE,,,,,,
309,2025-06,deBRY,OUT,,TRUE,,,,,,
310,2025-06,PT Festival,OUT,new,TRUE,,,,,,
311,2025-06,Locadepot BOX,OUT,,TRUE,,Locadepot BOX-2025,,,,
312,2025-06,Condroz Motor,OUT,,TRUE,,,,,,
313,2025-06,Continentis,OUT,,TRUE,,,,,,
314,2025-06,EASYHOME,OUT,Dinant,,,,,,,
315,2025-06,PT Festival,OUT,new,TRUE,,,,,,
316,2025-06,EASYHOME,OUT,Dinant,,,,,,,
317,2025-06,Bièrez-vous asbl,OUT,,TRUE,,,,,,
318,2025-06,Jardin Confort,OUT,toiture,TRUE,,Jardin Confort-2025-toiture,,,,
320,2025-06,Rénovéranda,OUT,,TRUE,,Rénovéranda-2025,,,,
321,2025-06,Rénovéranda,OUT,,TRUE,,,,,,
322,2025-06,BLOQUÉ,OUT,BLOQUÉ,,,,,,,
323,2025-06,Jardin Confort,OUT,toiture,TRUE,,,,,,
324,2025-06,Clôtures Leblanc,OUT,,TRUE,,,,,,
325,2025-06,Athénée Gembloux ,OUT,,TRUE,,,,,,
326,2025-06,Q-outlet,OUT,XXL,TRUE,,,,,,
327,2025-06,Q-outlet,OUT,XXL,TRUE,,,,,,
328,2025-06,Rénovéranda,OUT,,TRUE,,,,,,
329,2025-06,CLL- langues,OUT,,TRUE,,,,,,
330,2025-06,DEMA,OUT,Jardin,TRUE,,,,,,
331,2025-06,PT Festival,OUT,new,TRUE,,,,,,
332,2025-06,EASYHOME,OUT,patron,,,,,,,
333,2025-06,DEMA,OUT,Jardin,TRUE,,,,,,
334,2025-06,BLOQUÉ,OUT,BLOQUÉ,,,,BÂCHE CLIENT,,,
335,2025-06,Silicon Brain,OUT,,TRUE,,,,,,
336,2025-06,Continentis,OUT,,TRUE,,,,,,
337,2025-06,EASYHOME,OUT,patron,,,,,,,
338,2025-06,EASYHOME,OUT,patron,,,,,,,
339,2025-06,EASYHOME,OUT,patron,,,,,,,
340,2025-06,Exam Services,OUT,new CC,TRUE,,,,,,
341,2025-06,Exam Services,OUT,new CC,TRUE,,,,,,
365,2025-06,PT Festival,OUT,new,TRUE,,,,,,
342,2025-06,DPS,OUT,,,,,,,,
343,2025-06,Guinguette Rustique,OUT,new,TRUE,,Guinguette Rustique-2025-175d6185,BÂCHE COMMANDÉE,,,
344,2025-06,Fermalux,OUT,,TRUE,,,,,,
363,2025-06,Silicon Brain,OUT,,TRUE,,,,,,
345,2025-06,EASYHOME,OUT,Dinant,,,,,,,
346,2025-06,EASYHOME,OUT,Dinant,,,,,,,
359,2025-06,EASYHOME,OUT,Dinant,,,,,,,
360,2025-06,EASYHOME,OUT,Dinant,,,,,,,
361,2025-06,,OUT,,,,,,,,
,2025-06,,OUT,,,,,,,,
347,2025-06,Baijot,OUT,Pessoux,TRUE,,,,,,
348,2025-06,DPS,OUT,,,,,,,,
349,2025-06,Silicon Brain,OUT,,TRUE,,,,,,
350,2025-06,Exam Services,OUT,new CC,TRUE,,,,,,
351,2025-06,Baijot,OUT,AYE,TRUE,,,,,,
352,2025-06,Bièrez-vous asbl,OUT,,TRUE,,,,,,
353,2025-06,DEMA,OUT,Extérieur,TRUE,,,,,,
,2025-06,,OUT,,,,,,,,
354,2025-06,EASYHOME,OUT,patron,,,,,,,
355,2025-06,EASYHOME,OUT,patron,,,,,,,
356,2025-06,EASYHOME,OUT,patron,,,,,,,
357,2025-06,Au Stock,OUT,,TRUE,,,,,,
,2025-06,,OUT,,,,,,,,
,2025-06,,OUT,,,,,,,,
,2025-06,,OUT,,,,,,,,
,2025-06,,OUT,,,,,,,,
,2025-06,,OUT,,,,,,,,
401,2025-06,,OUT,,,,,,,,
402,2025-06,,OUT,,,,,,,,
403,2025-06,,OUT,,,,,,,,
404,2025-06,EASYHOME,OUT,Patron,,,,,,,
405,2025-06,Silicon Brain,OUT,,TRUE,,,,,,
406,2025-06,,OUT,,,,,,,,
407,2025-06,,OUT,,,,,,,,
408,2025-06,,OUT,,,,,,,,
409,2025-06,Continentis,OUT,,TRUE,,,,,,
415,2025-06,,OUT,,,,,,,,
,2025-06,,OUT,,,,,,,,
,2025-06,,OUT,,,,,,,,
,2025-06,,OUT,,,,,,,,
,2025-06,,OUT,,,,,,,,
,2025-06,,OUT,,,,,,,,
,2025-06,,OUT,,,,,,,,
,2025-06,,OUT,,,,,,,,
,2025-06,,OUT,,,,,,,,
,2025-06,,OUT,,,,,,,,
501,2025-06,DPS,OUT,,,,,,,,
502,2025-06,,OUT,,,,,,,,
503,2025-06,,OUT,,,,,,,,
504,2025-06,,OUT,,,,,,,,
505,2025-06,,OUT,,,,,,,,
506,2025-06,DPS,OUT,,,,,,,,
507,2025-06,,OUT,,,,,,,,
508,2025-06,DPS,OUT,,,,,,,,
509,2025-06,,OUT,,,,,,,,
,2025-06,,OUT,,,,,,,,
,2025-06,,OUT,,,,,,,,
,2025-06,,OUT,,,,,,,,
527,2025-06,,OUT,,,,,,,,
512,2025-06,,OUT,,,,,,,,
513,2025-06,,OUT,,,,,,,,
514,2025-06,Delhaize Lux,OUT,,TRUE,,,,,,
515,2025-06,Delhaize Lux,OUT,,TRUE,,,,,,
517,2025-06,knauf,OUT,,TRUE,,,,,,
518,2025-06,,OUT,,,,,,,,
,2025-06,,OUT,,,,,,,,
520,2025-06,,OUT,,,,,,,,
521,2025-06,,OUT,,,,,,,,
525,2025-06,DEMA,OUT,extérieur,TRUE,,,,,,
530,2025-06,,OUT,,,,,,,,
,2025-06,,OUT,,,,,,,,
,2025-06,,OUT,,,,,,,,
,2025-06,,OUT,,,,,,,,
,2025-06,,OUT,,,,,,,,
,2025-06,,OUT,,,,,,,,
,2025-06,,OUT,,,,,,,,
,2025-06,,OUT,,,,,,,,
,2025-06,,OUT,,,,,,,,
,2025-06,,OUT,,,,,,,,
,2025-06,,OUT,,,,,,,,
,2025-06,,OUT,,,,,,,,
,2025-06,,OUT,,,,,,,,
,2025-06,,OUT,,,,,,,,
,2025-07,,IN,,,,,,,,
102,2025-07,EASYHOME,IN,,TRUE,,Easyhome2024,OK,,,
,2025-07,,IN,,,,,,,,
104,2025-07,Continentis,IN,,,,,,,,
105,2025-07,Graines de Vélo,IN,,TRUE,,Graines de Vélo-notoriété,,,,
106,2025-07,Q-outlet,IN,Pieds,TRUE,,Q-outlet-2025_toute-l-annee,OK,,,
107,2025-07,CFS,IN,,TRUE,,CFS-2025,FICHIER REÇU,,,
108,2025-07,,IN,,,,,,,,
109,2025-07,Q-outlet,IN,Pieds,TRUE,,,,,,
110,2025-07,Continentis,IN,,,,,,,,
111,2025-07,Continentis,IN,,,,,,,,
112,2025-07,Continentis,IN,,,,,,,,
113,2025-07,Silicon Brain,IN,,TRUE,,Silicon Brain-2025,OK,,,
114,2025-07,,IN,,,,,,,,
,2025-07,,IN,,,,,,,,
,2025-07,,IN,,,,,,,,
,2025-07,,IN,,,,,,,,
,2025-07,,IN,,,,,,,,
,2025-07,,IN,,,,,,,,
,2025-07,,IN,,,,,,,,
,2025-07,,IN,,,,,,,,
,2025-07,,IN,,,,,,,,
,2025-07,,IN,,,,,,,,
,2025-07,,IN,,,,,,,,
201,2025-07,EASYHOME,IN,,TRUE,,,,,,
202,2025-07,Silicon Brain,IN,,TRUE,,,,,,
203,2025-07,Continentis,IN,,,,,,,,
204,2025-07,EASYHOME,IN,,TRUE,,,,,,
205,2025-07,Silicon Brain,IN,,TRUE,,,,,,
206,2025-07,Continentis,IN,,,,,,,,
207,2025-07,Plopsa Coo,IN,,TRUE,,Plopsa Coo-2025-Ardennes,FICHIER CLIENT,,,
208,2025-07,Multiwex,IN,,TRUE,,Multiwex-2024-notoriété,,,,
209,2025-07,Bièrez-vous asbl,IN,,TRUE,,Bièrez-vous asbl-2024,,,,
210,2025-07,Multiwex,IN,,TRUE,,,,,,
211,2025-07,EASYHOME,IN,,TRUE,,,FICHIER CLIENT,,,
212,2025-07,,IN,,,,,,,,
213,2025-07,,IN,,,,,,,,
214,2025-07,,IN,,,,,,,,
215,2025-07,,IN,,,,,,,,
216,2025-07,Continentis,IN,,,,,,,,
227,2025-07,EASYHOME,IN,,TRUE,,,,,,
217,2025-07,,IN,,,,,,,,
218,2025-07,,IN,,,,,,,,
,2025-07,,IN,,,,,,,,
220,2025-07,Plopsa Coo,IN,,TRUE,,,,,,
221,2025-07,Plopsa Coo,IN,,TRUE,,,,,,
226,2025-07,Plopsa Coo,IN,,TRUE,,,,,,
222,2025-07,Spa Asia,IN,,TRUE,,Spa Asia-2025,FICHIER CLIENT,,,
224,2025-07,Plopsa Coo,IN,,TRUE,,,,,,
225,2025-07,Bièrez-vous asbl,IN,,TRUE,,Au Stock-materiel-pro,OK,,,
230,2025-07,DEMA,IN,Soldes,TRUE,,DEMA-soldes-2023,,,,
,2025-07,,IN,,,,,,,,
,2025-07,,IN,,,,,,,,
,2025-07,,IN,,,,,,,,
,2025-07,,IN,,,,,,,,
,2025-07,,IN,,,,,,,,
,2025-07,,IN,,,,,,,,
,2025-07,,IN,,,,,,,,
,2025-07,,IN,,,,,,,,
,2025-07,,IN,,,,,,,,
,2025-07,,IN,,,,,,,,
,2025-07,,IN,,,,,,,,
,2025-07,,IN,,,,,,,,
301,2025-07,Q-outlet,IN,Pieds,TRUE,,,,,,
,2025-07,,IN,,,,,,,,
303,2025-07,Auping,IN,Namur,TRUE,,Auping-2025-soldes-été,FICHIER CLIENT,10 namur - 5 gosselies,,
304,2025-07,Chaussures Ballaux,IN,,TRUE,,Chaussures Ballaux-fb7c23c8,OK,,,
305,2025-07,Plopsa Coo,IN,,TRUE,,,,,,
306,2025-07,Condroz Motor,IN,,TRUE,,,,,,
307,2025-07,EASYHOME,IN,Dinant,TRUE,,,,,,
367,2025-07,Auping,IN,Namur,TRUE,,,,,,
308,2025-07,Au Stock,IN,NEW,TRUE,,,,,,
319,2025-07,Multiwex,IN,,TRUE,,,,,,
309,2025-07,Au Stock,IN,NEW,TRUE,,,,,,
310,2025-07,Poils & Plumes Ciney,IN,,TRUE,,,,,,
311,2025-07,Chaussures Ballaux,IN,,TRUE,,,,,,
312,2025-07,Au Stock,IN,NEW,TRUE,,,,,,
313,2025-07,Poils & Plumes Dinant,IN,,TRUE,,,,,,
314,2025-07,Auping,IN,Namur,TRUE,,,,,,
315,2025-07,Poils & Plumes Dinant,IN,,TRUE,,,,,,
316,2025-07,,IN,,,,,,,,
317,2025-07,Au Stock,IN,NEW,TRUE,,Watt4U-notoriete,OK,,,
318,2025-07,Watt4U,IN,,TRUE,,Watt4U-notoriete,,,,
320,2025-07,Continentis,IN,,,,,,,,
321,2025-07,Q-outlet,IN,Pieds,TRUE,,,,,,
322,2025-07,BLOQUÉ,IN,BLOQUÉ,,,,,,,
323,2025-07,Watt4U,IN,,TRUE,,,,,,
324,2025-07,Auping,IN,Namur,TRUE,,,,,,
325,2025-07,Q-outlet,IN,Pieds,TRUE,,,,,,
326,2025-07,Q-outlet,IN,Pieds,TRUE,,,,,,
327,2025-07,Auping,IN,Namur,TRUE,,,,,,
328,2025-07,Green Robot,IN,,TRUE,,,,,,
329,2025-07,Graines de Vélo,IN,,TRUE,,,,,,
330,2025-07,Multiwex,IN,,TRUE,,,,,,
331,2025-07,Hanse Meubles,IN,,TRUE,,,BÂCHE REÇUE,,,
332,2025-07,Auping,IN,Namur,TRUE,,,,,,
333,2025-07,Auping,IN,Namur,TRUE,,,,,,
334,2025-07,Tonton tapis,IN,soldes,TRUE,,TontonTapis-Soldes,,,,
335,2025-07,Green Robot,IN,,TRUE,,,,,,
336,2025-07,DEMA,IN,soldes,TRUE,,,,,,
337,2025-07,Auping,IN,Namur,TRUE,,,,,,
338,2025-07,DEMA,IN,soldes,TRUE,,,,,,
339,2025-07,EASYHOME,IN,patron,TRUE,,,,,,
340,2025-07,Auping,IN,Namur,TRUE,,,,,,
341,2025-07,Au Stock,IN,NEW,TRUE,,,,,,
365,2025-07,DPS,IN,,,,,,,,
342,2025-07,Auping,IN,Namur,TRUE,,,,,,
343,2025-07,usico,IN,Pieds,TRUE,,,,,,
344,2025-07,Tonton tapis,IN,soldes,TRUE,,,,,,
363,2025-07,DEMA,IN,soldes,TRUE,,,,,,
345,2025-07,La Chinelle,IN,,TRUE,,La Chinelle-2025,BÂCHE COMMANDÉE,,,
346,2025-07,Spa Asia,IN,,TRUE,,,,,,
359,2025-07,La Chinelle,IN,,TRUE,,,,,,
360,2025-07,Grottes de Han,IN,,TRUE,,Grottes de Han-2024-été,OK,,,
361,2025-07,Grottes de Han,IN,,TRUE,,,,,,
,2025-07,,IN,,,,,,,,
347,2025-07,BP Martelange,IN,,TRUE,,BPmartelange-coca-1098,,,,
348,2025-07,Multiwex,IN,,TRUE,,,,,,
349,2025-07,DPS,IN,,,,,,,,
350,2025-07,Au Stock,IN,NEW,TRUE,,,,,,
351,2025-07,Chaussures Ballaux,IN,,TRUE,,,,,,
352,2025-07,Poils & Plumes Rochefort,IN,,TRUE,,,,,,
353,2025-07,Poils & Plumes Rochefort,IN,,TRUE,,,,,,
,2025-07,,IN,,,,,,,,
354,2025-07,Auping,IN,Gosselies,TRUE,,,FICHIER CLIENT,,,
355,2025-07,EASYHOME,IN,patron,TRUE,,,,,,
356,2025-07,Q-outlet,IN,Pieds,TRUE,,,,,,
357,2025-07,Multiwex,IN,,TRUE,,,,,,
,2025-07,,IN,,,,,,,,
,2025-07,,IN,,,,,,,,
,2025-07,,IN,,,,,,,,
,2025-07,,IN,,,,,,,,
,2025-07,,IN,,,,,,,,
401,2025-07,EASYHOME,IN,patron,TRUE,,,,,,
402,2025-07,EASYHOME,IN,patron,TRUE,,,,,,
403,2025-07,Hanse Meubles,IN,,TRUE,,,,,,
404,2025-07,Auping,IN,Gosselies,TRUE,,,,,,
405,2025-07,DEMA,IN,soldes,TRUE,,,,,,
406,2025-07,Continentis,IN,,,,,,,,
407,2025-07,Bike4Life,IN,,TRUE,,,,,,
408,2025-07,Auping,IN,Gosselies,TRUE,,,,,,
409,2025-07,DEMA,IN,soldes,TRUE,,,,,,
415,2025-07,Continentis,IN,,,,,,,,
,2025-07,,IN,,,,,,,,
,2025-07,,IN,,,,,,,,
,2025-07,,IN,,,,,,,,
,2025-07,,IN,,,,,,,,
,2025-07,,IN,,,,,,,,
,2025-07,,IN,,,,,,,,
,2025-07,,IN,,,,,,,,
,2025-07,,IN,,,,,,,,
,2025-07,,IN,,,,,,,,
501,2025-07,Continentis,IN,,,,,,,,
502,2025-07,DPS,IN,,,,,,,,
503,2025-07,Plopsa Coo,IN,,TRUE,,,,,,
504,2025-07,Naturpark Sur,IN,,TRUE,,Naturpark Sur-2025-bateau,,,,
505,2025-07,DPS,IN,,,,,,,,
506,2025-07,Grottes de Han,IN,,TRUE,,,,,,
507,2025-07,DPS,IN,,,,,FICHIER CLIENT,,,
508,2025-07,Plopsa Coo,IN,,TRUE,,,,,,
509,2025-07,Plopsa Coo,IN,,TRUE,,,,,,
,2025-07,DPS,IN,,,,,,,,
,2025-07,,IN,,,,,,,,
,2025-07,Plopsa Coo,IN,,TRUE,,,,,,
527,2025-07,Plopsa Coo,IN,,TRUE,,,,,,
512,2025-07,DPS,IN,,,,,,,,
513,2025-07,Knauf,IN,,,,,,,,
514,2025-07,Spa Asia,IN,,TRUE,,,,,,
515,2025-07,Plopsa Coo,IN,,TRUE,,,,,,
517,2025-07,Delhaize Lux,IN,,,,,,,,
518,2025-07,Plopsa Coo,IN,,TRUE,,,,,,
,2025-07,,IN,,,,,,,,
520,2025-07,Delhaize Lux,IN,,,,,,,,
521,2025-07,Grottes de Han,IN,,TRUE,,,,,,
525,2025-07,Grottes de Han,IN,,TRUE,,,,,,
530,2025-07,DPS,IN,,,,,,,,
,2025-07,,IN,,,,,,,,
,2025-07,,IN,,,,,,,,
,2025-07,,IN,,,,,,,,
,2025-07,,IN,,,,,,,,
,2025-07,,IN,,,,,,,,
,2025-07,,IN,,,,,,,,
,2025-07,,IN,,,,,,,,
,2025-07,,IN,,,,,,,,
,2025-07,,IN,,,,,,,,
,2025-07,,IN,,,,,,,,
,2025-07,,IN,,,,,,,,
,2025-07,,IN,,,,,,,,
,2025-07,,IN,,,,,,,,
,2025-07,,OUT,,,,,,,,
102,2025-07,Usico,OUT,,TRUE,,,,,,
,2025-07,,OUT,,,,,,,,
104,2025-07,Grottes de Han,OUT,,TRUE,,,,,,
105,2025-07,Continentis,OUT,,,,,,,,
106,2025-07,,OUT,,,,,,,,
107,2025-07,EASYHOME,OUT,,TRUE,,,,,,
108,2025-07,,OUT,,,,,,,,
109,2025-07,EASYHOME,OUT,,TRUE,,,,,,
110,2025-07,,OUT,,,,,,,,
111,2025-07,,OUT,,,,,,,,
112,2025-07,,OUT,,,,,,,,
113,2025-07,,OUT,,,,,,,,
114,2025-07,,OUT,,,,,,,,
,2025-07,,OUT,,,,,,,,
,2025-07,,OUT,,,,,,,,
,2025-07,,OUT,,,,,,,,
,2025-07,,OUT,,,,,,,,
,2025-07,,OUT,,,,,,,,
,2025-07,,OUT,,,,,,,,
,2025-07,,OUT,,,,,,,,
,2025-07,,OUT,,,,,,,,
,2025-07,,OUT,,,,,,,,
,2025-07,,OUT,,,,,,,,
201,2025-07,,OUT,,,,,,,,
202,2025-07,EASYHOME,OUT,,TRUE,,,,,,
203,2025-07,Plopsa Coo,OUT,,TRUE,,,,,,
204,2025-07,,OUT,,,,,,,,
205,2025-07,,OUT,,,,,,,,
206,2025-07,Plopsa Coo,OUT,,TRUE,,,,,,
207,2025-07,EASYHOME,OUT,,TRUE,,,,,,
208,2025-07,EASYHOME,OUT,,TRUE,,,,,,
209,2025-07,,OUT,,,,,,,,
210,2025-07,Plopsa Coo,OUT,,TRUE,,,,,,
211,2025-07,,OUT,,,,,,,,
212,2025-07,,OUT,,,,,,,,
213,2025-07,,OUT,,,,,,,,
214,2025-07,,OUT,,,,,,,,
215,2025-07,,OUT,,,,,,,,
216,2025-07,,OUT,,,,,,,,
227,2025-07,,OUT,,,,,,,,
217,2025-07,,OUT,,,,,,,,
218,2025-07,,OUT,,,,,,,,
,2025-07,,OUT,,,,,,,,
220,2025-07,,OUT,,,,,,,,
221,2025-07,,OUT,,,,,,,,
226,2025-07,,OUT,,,,,,,,
222,2025-07,Silicon Brain,OUT,,TRUE,,,,,,
224,2025-07,,OUT,,,,,,,,
225,2025-07,Grottes de Han,OUT,,TRUE,,,,,,
230,2025-07,Plopsa Coo,OUT,,TRUE,,,,,,
,2025-07,,OUT,,,,,,,,
,2025-07,,OUT,,,,,,,,
,2025-07,,OUT,,,,,,,,
,2025-07,,OUT,,,,,,,,
,2025-07,,OUT,,,,,,,,
,2025-07,,OUT,,,,,,,,
,2025-07,,OUT,,,,,,,,
,2025-07,,OUT,,,,,,,,
,2025-07,,OUT,,,,,,,,
,2025-07,,OUT,,,,,,,,
,2025-07,,OUT,,,,,,,,
,2025-07,,OUT,,,,,,,,
301,2025-07,EASYHOME,OUT,patron,TRUE,,,,,,
,2025-07,,OUT,,,,,,,,
303,2025-07,Bièrez-vous asbl,OUT,,FALSE,,,,,,
304,2025-07,Au Stock,OUT,NEW,TRUE,,,,,,
305,2025-07,,OUT,,,,,,,,
306,2025-07,Bièrez-vous asbl,OUT,,TRUE,,,,,,
307,2025-07,Au Stock,OUT,NEW,TRUE,,,,,,
367,2025-07,Bièrez-vous asbl,OUT,,TRUE,,,,,,
308,2025-07,Grottes de Han,OUT,,TRUE,,,,,,
319,2025-07,Au Stock,OUT,NEW,TRUE,,,,,,
309,2025-07,Poils & Plumes Ciney,OUT,,TRUE,,,,,,
310,2025-07,Hanse Meubles,OUT,new,TRUE,,,,,,
311,2025-07,Deville Assurances,OUT,,TRUE,,Deville Assurances-2025,,,,
312,2025-07,Condroz Motor,OUT,,TRUE,,Condroz Motor-2025-maintenant-dacia-renault,,,,
313,2025-07,Deville Assurances,OUT,,TRUE,,,,,,
314,2025-07,Grottes de Han,OUT,,TRUE,,,,,,
315,2025-07,Au Stock,OUT,NEW,TRUE,,,,,,
316,2025-07,,OUT,,,,,,,,
317,2025-07,Hanse Meubles,OUT,new,TRUE,,,,,,
318,2025-07,,OUT,,,,,,,,
320,2025-07,Tonton tapis,OUT,soldes,TRUE,,,,,,
321,2025-07,,OUT,,,,,,,,
322,2025-07,BLOQUÉ,OUT,BLOQUÉ,,,,,,,
323,2025-07,,OUT,,,,,,,,
324,2025-07,Continentis,OUT,,,,,,,,
325,2025-07,DEMA,OUT,soldes,TRUE,,,,,,
326,2025-07,Plopsa Coo,OUT,,TRUE,,,,,,
327,2025-07,Continentis,OUT,,,,,,,,
328,2025-07,EASYHOME,OUT,patron,TRUE,,,,,,
329,2025-07,CLL- langues,OUT,,TRUE,,CLL- langues-2025,,,,
330,2025-07,EASYHOME,OUT,patron,TRUE,,,,,,
331,2025-07,DEMA,OUT,soldes,TRUE,,,,,,
332,2025-07,Continentis,OUT,,,,,,,,
333,2025-07,Esperanzah,OUT,,TRUE,,Esperanzah-2025-52b881e8,,,,
334,2025-07,BLOQUÉ,OUT,BLOQUÉ,,,,,,,
335,2025-07,Silicon Brain,OUT,,TRUE,,,,,,
336,2025-07,EASYHOME,OUT,patron,TRUE,,,,,,
337,2025-07,EASYHOME,OUT,patron,TRUE,,,,,,
338,2025-07,Continentis,OUT,,,,,,,,
339,2025-07,Locadepot BOX,OUT,patron,,,,,,,
340,2025-07,Grottes de Han,OUT,,TRUE,,,,,,
341,2025-07,,OUT,,,,,,,,
365,2025-07,Bièrez-vous asbl,OUT,new,FALSE,,,,,,
342,2025-07,Concours Arville,OUT,,TRUE,,,AUTOCOLLANT COMMANDÉ,,,
343,2025-07,Concours Arville,OUT,,TRUE,,,,,,
344,2025-07,Hanse Meubles,OUT,,TRUE,,,,,,
363,2025-07,Silicon Brain,OUT,,TRUE,,,,,,
345,2025-07,Continentis,OUT,,,,,,,,
346,2025-07,Continentis,OUT,,,,,,,,
359,2025-07,,OUT,,,,,,,,
360,2025-07,La Chinelle,OUT,,TRUE,,,,,,
361,2025-07,La Chinelle,OUT,,TRUE,,,,,,
,2025-07,,OUT,,,,,,,,
347,2025-07,Grottes de Han,OUT,,TRUE,,,,,,
348,2025-07,Grottes de Han,OUT,,TRUE,,,,,,
349,2025-07,Silicon Brain,OUT,,TRUE,,,,,,
350,2025-07,DEMA,OUT,soldes,TRUE,,,,,,
351,2025-07,Bièrez-vous asbl,OUT,new,TRUE,,,,,,
352,2025-07,,OUT,,,,,,,,
353,2025-07,DEMA,OUT,soldes,TRUE,,,,,,
,2025-07,,OUT,,,,,,,,
354,2025-07,EASYHOME,OUT,patron,TRUE,,,,,,
355,2025-07,EASYHOME,OUT,patron,TRUE,,,,,,
356,2025-07,Auping,OUT,Gosselies,TRUE,,,,,,
357,2025-07,Au Stock,OUT,NEW,TRUE,,,,,,
,2025-07,,OUT,,,,,,,,
,2025-07,,OUT,,,,,,,,
,2025-07,,OUT,,,,,,,,
,2025-07,,OUT,,,,,,,,
,2025-07,,OUT,,,,,,,,
401,2025-07,,OUT,,,,,,,,
402,2025-07,,OUT,,,,,,,,
403,2025-07,Auping,OUT,Gosselies,TRUE,,,,,,
404,2025-07,Continentis,OUT,,,,,,,,
405,2025-07,Silicon Brain,OUT,,TRUE,,,,,,
406,2025-07,,OUT,,,,,,,,
407,2025-07,DEMA,OUT,soldes,TRUE,,Bike4Life-2025-rondpoint,BÂCHE COMMANDÉE,,,
408,2025-07,EASYHOME,OUT,patron,TRUE,,,,,,
409,2025-07,EASYHOME,OUT,patron,TRUE,,,,,,
415,2025-07,Du Rouge Aux Lèvres,OUT,new,TRUE,,Du rouge aux lévres-2025-rondpoint,FICHIER À CRÉER,,,
,2025-07,,OUT,,,,,,,,
,2025-07,,OUT,,,,,,,,
,2025-07,,OUT,,,,,,,,
,2025-07,,OUT,,,,,,,,
,2025-07,,OUT,,,,,,,,
,2025-07,,OUT,,,,,,,,
,2025-07,,OUT,,,,,,,,
,2025-07,,OUT,,,,,,,,
,2025-07,,OUT,,,,,,,,
501,2025-07,DPS,OUT,,,,,,,,
502,2025-07,Plopsa Coo,OUT,,TRUE,,,,,,
503,2025-07,Plopsa Coo,OUT,,TRUE,,,,,,
504,2025-07,Grottes de Han,OUT,,TRUE,,,,,,
505,2025-07,Plopsa Coo,OUT,,TRUE,,,,,,
506,2025-07,DPS,OUT,,,,,,,,
507,2025-07,Spa Asia,OUT,,TRUE,,,,,,
508,2025-07,DPS,OUT,,,,,,,,
509,2025-07,Plopsa Coo,OUT,,TRUE,,,,,,
,2025-07,Plopsa Coo,OUT,,TRUE,,,,,,
,2025-07,,OUT,,,,,,,,
,2025-07,EASYHOME,OUT,,TRUE,,,,,,
527,2025-07,Continentis,OUT,,,,,,,,
512,2025-07,EASYHOME,OUT,,TRUE,,,,,,
513,2025-07,Plopsa Coo,OUT,,TRUE,,,,,,
514,2025-07,Delhaize Lux,OUT,,,,,,,,
515,2025-07,Delhaize Lux,OUT,,,,,,,,
517,2025-07,knauf,OUT,,,,,,,,
518,2025-07,EASYHOME,OUT,,TRUE,,,,,,
,2025-07,,OUT,,,,,,,,
520,2025-07,Plopsa Coo,OUT,,TRUE,,,,,,
521,2025-07,Plopsa Coo,OUT,,TRUE,,,,,,
525,2025-07,Baijot ,OUT,Petit Han,TRUE,,Baijot-2025-PetitHan,,,,
530,2025-07,Grottes de Han,OUT,,TRUE,,,,,,
,2025-07,,OUT,,,,,,,,
,2025-07,,OUT,,,,,,,,
,2025-07,,OUT,,,,,,,,
,2025-07,,OUT,,,,,,,,
,2025-07,,OUT,,,,,,,,
,2025-07,,OUT,,,,,,,,
,2025-07,,OUT,,,,,,,,
,2025-07,,OUT,,,,,,,,
,2025-07,,OUT,,,,,,,,
,2025-07,,OUT,,,,,,,,
,2025-07,,OUT,,,,,,,,
,2025-07,,OUT,,,,,,,,
,2025-07,,OUT,,,,,,,,
,2025-08,,IN,,,,,,,,
102,2025-08,Promo sport,IN,,,,,OK,,,
,2025-08,,IN,,,,,,,,
104,2025-08,Grottes de Han,IN,,TRUE,,,OK,,,
105,2025-08,Promo sport,IN,,,,,,,,
106,2025-08,Promo sport,IN,,,,,,,,
107,2025-08,Promo sport,IN,,,,,,,,
108,2025-08,,IN,,,,,,,,
109,2025-08,Continentis,IN,,,,,OK,,,
110,2025-08,Continentis,IN,,,,,,,,
111,2025-08,,IN,,,,,,,,
112,2025-08,Graines de Vélo,IN,,TRUE,,,OK,,,
113,2025-08,Silicon Brain,IN,,,,,OK,,,
114,2025-08,,IN,,,,,,,,
,2025-08,,IN,,,,,,,,
,2025-08,,IN,,,,,,,,
,2025-08,,IN,,,,,,,,
,2025-08,,IN,,,,,,,,
,2025-08,,IN,,,,,,,,
,2025-08,,IN,,,,,,,,
,2025-08,,IN,,,,,,,,
,2025-08,,IN,,,,,,,,
,2025-08,,IN,,,,,,,,
,2025-08,,IN,,,,,,,,
201,2025-08,EASYHOME,IN,,,,,,,,
202,2025-08,Groupasol,IN,,,,Groupasol-2025-106euros,BÂCHE REÇUE,,,
203,2025-08,Plopsa Coo,IN,,,,,OK,,,
204,2025-08,Continentis,IN,,,,,,,,
205,2025-08,Silicon Brain,IN,,,,,,,,
206,2025-08,EASYHOME,IN,,,,,,,,
207,2025-08,Continentis,IN,,,,,,,,
208,2025-08,EASYHOME,IN,,,,,,,,
209,2025-08,Multiwex,IN,,TRUE,,,OK,,,
210,2025-08,EASYHOME,IN,,,,,,,,
211,2025-08,Continentis,IN,,,,,,,,
212,2025-08,,IN,,,,,,,,
213,2025-08,,IN,,,,,,,,
214,2025-08,,IN,,,,,,,,
215,2025-08,,IN,,,,,,,,
216,2025-08,Continentis,IN,,,,,,,,
227,2025-08,EASYHOME,IN,,,,,,,,
217,2025-08,,IN,,,,,,,,
218,2025-08,,IN,,,,,,,,
,2025-08,,IN,,,,,,,,
220,2025-08,Plopsa Coo,IN,,,,,,,,
221,2025-08,Plopsa Coo,IN,,,,,,,,
226,2025-08,Plopsa Coo,IN,,,,,,,,
222,2025-08,Silicon Brain,IN,,,,,,,,
224,2025-08,Plopsa Coo,IN,,,,,,,,
225,2025-08,Multiwex,IN,,TRUE,,,,,,
230,2025-08,Plopsa Coo,IN,,,,,,,,
,2025-08,,IN,,,,,,,,
,2025-08,,IN,,,,,,,,
,2025-08,,IN,,,,,,,,
,2025-08,,IN,,,,,,,,
,2025-08,,IN,,,,,,,,
,2025-08,,IN,,,,,,,,
,2025-08,,IN,,,,,,,,
,2025-08,,IN,,,,,,,,
,2025-08,,IN,,,,,,,,
,2025-08,,IN,,,,,,,,
,2025-08,,IN,,,,,,,,
,2025-08,,IN,,,,,,,,
301,2025-08,Plopsa Coo,IN,,,,,,,,
,2025-08,,IN,,,,,,,,
303,2025-08,Continentis,IN,,,,,,,,
304,2025-08,Au Stock,IN,,,,,OK,,,
305,2025-08,,IN,,,,,,,,
306,2025-08,Condroz Motor,IN,,,,,OK,,,
307,2025-08,Deville Assurances,IN,,,,,OK,,,
367,2025-08,Puissant&Co,IN,equipe,,,,,,,
308,2025-08,Puissant&Co,IN,equipe,,,,,,,
319,2025-08,Au Stock,IN,,,,,,,,
309,2025-08,deBRY,IN,,,,,OK,,,
310,2025-08,Poils & Plumes Ciney,IN,,,,,OK,,,
311,2025-08,Au Stock,IN,,,,,,,,
312,2025-08,Poils & Plumes Dinant,IN,,,,,OK,,,
313,2025-08,Condroz Motor,IN,,,,,,,,
314,2025-08,Grottes de Han,IN,,TRUE,,,,,,
315,2025-08,Au Stock,IN,,,,,,,,
316,2025-08,Poils & Plumes Dinant,IN,,,,,,,,
317,2025-08,Exam Services,IN,,,,,,,,
318,2025-08,,IN,,,,,,,,
320,2025-08,Locadepot BOX,IN,,,,,,,,
321,2025-08,Continentis,IN,,,,,,,,
322,2025-08,BLOQUÉ,IN,BLOQUÉ,,,,,,,
323,2025-08,Beauté en clés,IN,,,,,,,,
324,2025-08,Plopsa Coo,IN,,,,,,,,
325,2025-08,Green Robot,IN,,,,,OK,,,
326,2025-08,Beauté en clés,IN,,,,,,,,
327,2025-08,Graines de Vélo,IN,,TRUE,,,,,,
328,2025-08,Promo sport,IN,,,,,,,,
329,2025-08,Green Robot,IN,,,,,,,,
330,2025-08,EASYHOME,IN,patron,,,Watt4U-notoriete,OK,,,
331,2025-08,Watt4U,IN,,,,,OK,,,
332,2025-08,EASYHOME,IN,patron,,,,,,,
333,2025-08,Continentis,IN,,,,,,,,
334,2025-08,Watt4U,IN,,,,,,,,
335,2025-08,,IN,,,,,,,,
336,2025-08,EASYHOME,IN,patron,,,,,,,
337,2025-08,EASYHOME,IN,patron,,,,,,,
338,2025-08,Multiwex,IN,,TRUE,,,,,,
339,2025-08,EASYHOME,IN,patron,,,,,,,
340,2025-08,DPS,IN,,,,,,,,
341,2025-08,Au Stock,IN,,,,,,,,
365,2025-08,DPS,IN,,,,,OK,,,
342,2025-08,Concours Arville,IN,,,,,OK,,,
343,2025-08,Multiwex,IN,,TRUE,,,,,,
344,2025-08,Grottes de Han,IN,,TRUE,,,,,,
363,2025-08,,IN,,,,,,,,
345,2025-08,Bikers Festival,IN,,,,,OK,,,
346,2025-08,La Chinelle,IN,,,,,OK,,,
359,2025-08,La Chinelle,IN,,,,,,,,
360,2025-08,Grottes de Han,IN,,TRUE,,,,,,
361,2025-08,Grottes de Han,IN,,TRUE,,,,,,
,2025-08,,IN,,,,,,,,
347,2025-08,BP Martelange,IN,,,,,OK,,,
348,2025-08,Grottes de Han,IN,,TRUE,,,,,,
349,2025-08,DPS,IN,,,,,,,,
350,2025-08,Multiwex,IN,,TRUE,,,,,,
351,2025-08,Multiwex,IN,,TRUE,,,,,,
352,2025-08,EASYHOME,IN,patron,,,,,,,
353,2025-08,Plopsa Coo,IN,,,,,,,,
,2025-08,,IN,,,,,,,,
354,2025-08,,IN,,,,,,,,
355,2025-08,,IN,,,,,,,,
356,2025-08,,IN,,,,,,,,
357,2025-08,Au Stock,IN,,,,,,,,
,2025-08,,IN,,,,,,,,
,2025-08,,IN,,,,,,,,
,2025-08,,IN,,,,,,,,
,2025-08,,IN,,,,,,,,
,2025-08,,IN,,,,,,,,
401,2025-08,EASYHOME,IN,patron,,,,,,,
402,2025-08,EASYHOME,IN,patron,,,,,,,
403,2025-08,Promo sport,IN,,,,,,,,
404,2025-08,Promo sport,IN,,,,,,,,
405,2025-08,,IN,,,,,,,,
406,2025-08,Continentis,IN,,,,,,,,
407,2025-08,Continentis,IN,,,,,,,,
408,2025-08,,IN,,,,,,,,
409,2025-08,Continentis,IN,,,,,,,,
415,2025-08,,IN,,,,,,,,
,2025-08,,IN,,,,,,,,
,2025-08,,IN,,,,,,,,
,2025-08,,IN,,,,,,,,
,2025-08,,IN,,,,,,,,
,2025-08,,IN,,,,,,,,
,2025-08,,IN,,,,,,,,
,2025-08,,IN,,,,,,,,
,2025-08,,IN,,,,,,,,
,2025-08,,IN,,,,,,,,
501,2025-08,LMV,IN,Goffinet,,,,BÂCHE REÇUE,,,
502,2025-08,DPS,IN,,,,,,,,
503,2025-08,Plopsa Coo,IN,,,,,,,,
504,2025-08,Continentis,IN,,,,,,,,
505,2025-08,DPS,IN,Inst Marie ,,,,,,,
506,2025-08,Grottes de Han,IN,,TRUE,,,,,,
507,2025-08,DPS,IN,,,,,,,,
508,2025-08,Plopsa Coo,IN,,,,,,,,
509,2025-08,Plopsa Coo,IN,,,,,,,,
,2025-08,DPS,IN,,,,,,,,
,2025-08,,IN,,,,,,,,
,2025-08,Plopsa Coo,IN,,,,,,,,
527,2025-08,Plopsa Coo,IN,,,,,,,,
512,2025-08,DPS,IN,,,,,,,,
513,2025-08,Knauf,IN,,,,,OK,,,
514,2025-08,Plopsa Coo,IN,,,,,,,,
515,2025-08,EASYHOME,IN,,,,,,,,
517,2025-08,Delhaize Lux,IN,,,,,OK,,,
518,2025-08,Plopsa Coo,IN,,,,,,,,
,2025-08,,IN,,,,,,,,
520,2025-08,Delhaize Lux,IN,,,,,,,,
521,2025-08,Grottes de Han,IN,,TRUE,,,,,,
525,2025-08,Grottes de Han,IN,,TRUE,,,,,,
530,2025-08,DPS,IN,,,,,,,,
,2025-08,,IN,,,,,,,,
,2025-08,,IN,,,,,,,,
,2025-08,,IN,,,,,,,,
,2025-08,,IN,,,,,,,,
,2025-08,,IN,,,,,,,,
,2025-08,,IN,,,,,,,,
,2025-08,,IN,,,,,,,,
,2025-08,,IN,,,,,,,,
,2025-08,,IN,,,,,,,,
,2025-08,,IN,,,,,,,,
,2025-08,,IN,,,,,,,,
,2025-08,,IN,,,,,,,,
,2025-08,,IN,,,,,,,,
,2025-08,,OUT,,,,,,,,
102,2025-08,EASYHOME,OUT,,,,,,,,
,2025-08,,OUT,,,,,,,,
104,2025-08,Continentis,OUT,,,,,,,,
105,2025-08,Green Robot,OUT,,,,,,,,
106,2025-08,EASYHOME,OUT,,,,,,,,
107,2025-08,EASYHOME,OUT,,,,,,,,
108,2025-08,,OUT,,,,,,,,
109,2025-08,,OUT,,,,,,,,
110,2025-08,,OUT,,,,,,,,
111,2025-08,,OUT,,,,,,,,
112,2025-08,,OUT,,,,,,,,
113,2025-08,Continentis,OUT,,,,,,,,
114,2025-08,,OUT,,,,,,,,
,2025-08,,OUT,,,,,,,,
,2025-08,,OUT,,,,,,,,
,2025-08,,OUT,,,,,,,,
,2025-08,,OUT,,,,,,,,
,2025-08,,OUT,,,,,,,,
,2025-08,,OUT,,,,,,,,
,2025-08,,OUT,,,,,,,,
,2025-08,,OUT,,,,,,,,
,2025-08,,OUT,,,,,,,,
,2025-08,,OUT,,,,,,,,
201,2025-08,,OUT,,,,,,,,
202,2025-08,Silicon Brain,OUT,,,,,,,,
203,2025-08,EASYHOME,OUT,,,,,,,,
204,2025-08,,OUT,,,,,,,,
205,2025-08,EASYHOME,OUT,,,,,,,,
206,2025-08,,OUT,,,,,,,,
207,2025-08,,OUT,,,,,,,,
208,2025-08,,OUT,,,,,,,,
209,2025-08,deBRY,OUT,,,,,,,,
210,2025-08,Plopsa Coo,OUT,,,,,,,,
211,2025-08,,OUT,,,,,,,,
212,2025-08,,OUT,,,,,,,,
213,2025-08,,OUT,,,,,,,,
214,2025-08,,OUT,,,,,,,,
215,2025-08,,OUT,,,,,,,,
216,2025-08,,OUT,,,,,,,,
227,2025-08,,OUT,,,,,,,,
217,2025-08,,OUT,,,,,,,,
218,2025-08,,OUT,,,,,,,,
,2025-08,,OUT,,,,,,,,
220,2025-08,,OUT,,,,,,,,
221,2025-08,,OUT,,,,,,,,
226,2025-08,,OUT,,,,,,,,
222,2025-08,,OUT,,,,,,,,
224,2025-08,,OUT,,,,,,,,
225,2025-08,Grottes de Han,OUT,,TRUE,,,,,,
230,2025-08,Plopsa Coo,OUT,,,,,,,,
,2025-08,,OUT,,,,,,,,
,2025-08,,OUT,,,,,,,,
,2025-08,,OUT,,,,,,,,
,2025-08,,OUT,,,,,,,,
,2025-08,,OUT,,,,,,,,
,2025-08,,OUT,,,,,,,,
,2025-08,,OUT,,,,,,,,
,2025-08,,OUT,,,,,,,,
,2025-08,,OUT,,,,,,,,
,2025-08,,OUT,,,,,,,,
,2025-08,,OUT,,,,,,,,
,2025-08,,OUT,,,,,,,,
301,2025-08,EASYHOME,OUT,patron,,,,,,,
,2025-08,,OUT,,,,,,,,
303,2025-08,Lumarvel,OUT,,,,,,,,
304,2025-08,Puissant&Co,OUT,equipe,,,,,,,
305,2025-08,,OUT,,,,,,,,
306,2025-08,Locadepot,OUT,bureau ,,,,,,,
307,2025-08,Au Stock,OUT,,,,,,,,
367,2025-08,Continentis,OUT,,,,,,,,
308,2025-08,Au Stock,OUT,,,,,,,,
319,2025-08,Poils & Plumes Ciney,OUT,,,,,,,,
309,2025-08,EASYHOME,OUT,dinant,,,,,,,
310,2025-08,Deville Assurances,OUT,,,,,,,,
311,2025-08,La Chinelle,OUT,,,,,,,,
312,2025-08,Au Stock,OUT,,,,,,,,
313,2025-08,La Chinelle,OUT,,,,,,,,
314,2025-08,Plopsa Coo,OUT,,,,,,,,
315,2025-08,Grottes de Han,OUT,,TRUE,,,,,,
316,2025-08,Locadepot,OUT,bureau,,,,,,,
317,2025-08,Au Stock,OUT,,,,,,,,
318,2025-08,,OUT,,,,,,,,
320,2025-08,Jardin Confort,OUT,toiture,,,,OK,,,
321,2025-08,,OUT,,,,,,,,
322,2025-08,BLOQUÉ,OUT,BLOQUÉ,,,,,,,
323,2025-08,Jardin Confort,OUT,rénov ,,,,,,,
324,2025-08,Jardin Confort,OUT,rénov ,,,,,,,
325,2025-08,Jardin Confort,OUT,toiture,,,,,,,
326,2025-08,Jardin Confort,OUT,Rénov ,,,,,,,
327,2025-08,,OUT,,,,,,,,
328,2025-08,Jardin Confort,OUT,rénov,,,,,,,
329,2025-08,EASYHOME,OUT,patron,,,,,,,
330,2025-08,,OUT,,,,,,,,
331,2025-08,Silicon Brain,OUT,,,,,,,,
332,2025-08,,OUT,,,,,,,,
333,2025-08,,OUT,,,,,,,,
334,2025-08,BLOQUÉ,OUT,BLOQUÉ,,,,,,,
335,2025-08,,OUT,,,,,,,,
336,2025-08,Locadepot BOX,OUT,,,,,,,,
337,2025-08,,OUT,,,,,,,,
338,2025-08,,OUT,,,,,,,,
339,2025-08,,OUT,,,,,,,,
340,2025-08,EASYHOME,OUT,patron,,,,,,,
341,2025-08,,OUT,,,,,,,,
365,2025-08,,OUT,,,,,,,,
342,2025-08,Locadepot BOX,OUT,,TRUE,,,,,,
343,2025-08,Concours Arville,OUT,,,,,,,,
344,2025-08,Silicon Brain,OUT,,,,,,,,
363,2025-08,EASYHOME,OUT,patron,,,,,,,
345,2025-08,Exam Services,OUT,,,,,,,,
346,2025-08,,OUT,,,,,,,,
359,2025-08,,OUT,,,,,,,,
360,2025-08,La Chinelle,OUT,,,,,,,,
361,2025-08,La Chinelle,OUT,,,,,,,,
,2025-08,,OUT,,,,,,,,
347,2025-08,Grottes de Han,OUT,,TRUE,,,,,,
348,2025-08,Continentis,OUT,,TRUE,,,,,,
349,2025-08,Silicon Brain,OUT,,,,,,,,
350,2025-08,Au Stock,OUT,,,,,,,,
351,2025-08,Poils & Plumes Rochefort,OUT,,,,,OK,,,
352,2025-08,,OUT,,,,,,,,
353,2025-08,Poils & Plumes Rochefort,OUT,,,,,,,,
,2025-08,,OUT,,,,,,,,
354,2025-08,EASYHOME,OUT,patron,,,,,,,
355,2025-08,,OUT,,,,,,,,
356,2025-08,,OUT,,,,,,,,
357,2025-08,,OUT,,,,,,,,
,2025-08,,OUT,,,,,,,,
,2025-08,,OUT,,,,,,,,
,2025-08,,OUT,,,,,,,,
,2025-08,,OUT,,,,,,,,
,2025-08,,OUT,,,,,,,,
401,2025-08,,OUT,,,,,,,,
402,2025-08,,OUT,,,,,,,,
403,2025-08,,OUT,,,,,,,,
404,2025-08,Silicon Brain,OUT,,,,,,,,
405,2025-08,,OUT,,,,,,,,
406,2025-08,,OUT,,,,,,,,
407,2025-08,,OUT,,,,,,,,
408,2025-08,,OUT,,,,,,,,
409,2025-08,EASYHOME,OUT,patron,,,,,,,
415,2025-08,Du Rouge Aux Lèvres,OUT,,,,,OK,,,
,2025-08,,OUT,,,,,,,,
,2025-08,,OUT,,,,,,,,
,2025-08,,OUT,,,,,,,,
,2025-08,,OUT,,,,,,,,
,2025-08,,OUT,,,,,,,,
,2025-08,,OUT,,,,,,,,
,2025-08,,OUT,,,,,,,,
,2025-08,,OUT,,,,,,,,
,2025-08,,OUT,,,,,,,,
501,2025-08,DPS,OUT,,,,,,,,
502,2025-08,Plopsa Coo,OUT,,,,,,,,
503,2025-08,Plopsa Coo,OUT,,,,,,,,
504,2025-08,,OUT,,,,,,,,
505,2025-08,Plopsa Coo,OUT,,,,,,,,
506,2025-08,DPS,OUT,,,,,,,,
507,2025-08,Grottes de Han,OUT,,TRUE,,,,,,
508,2025-08,DPS,OUT,,,,,,,,
509,2025-08,,OUT,,,,,,,,
,2025-08,EASYHOME,OUT,,,,,,,,
,2025-08,,OUT,,,,,,,,
,2025-08,,OUT,,,,,OK,,,
527,2025-08,EASYHOME,OUT,,,,,,,,
512,2025-08,Plopsa Coo,OUT,,,,,,,,
513,2025-08,Plopsa Coo,OUT,,,,,,,,
514,2025-08,Delhaize Lux,OUT,,,,,,,,
515,2025-08,Delhaize Lux,OUT,,,,,,,,
517,2025-08,knauf,OUT,,,,,,,,
518,2025-08,Continentis,OUT,,,,,,,,
,2025-08,,OUT,,,,,,,,
520,2025-08,Plopsa Coo,OUT,,,,,,,,
521,2025-08,Plopsa Coo,OUT,,,,,,,,
525,2025-08,Continentis,OUT,,,,,,,,
530,2025-08,Grottes de Han,OUT,,TRUE,,,,,,
,2025-08,,OUT,,,,,,,,
,2025-08,,OUT,,,,,,,,
,2025-08,,OUT,,,,,,,,
,2025-08,,OUT,,,,,,,,
,2025-08,,OUT,,,,,,,,
,2025-08,,OUT,,,,,,,,
,2025-08,,OUT,,,,,,,,
,2025-08,,OUT,,,,,,,,
,2025-08,,OUT,,,,,,,,
,2025-08,,OUT,,,,,,,,
,2025-08,,OUT,,,,,,,,
,2025-08,,OUT,,,,,,,,
,2025-08,,OUT,,,,,,,,
,2025-09,,IN,,,,,,,,
102,2025-09,Clôtures Leblanc,IN,,TRUE,,Clôtures Leblanc-2025,OK,,,
,2025-09,,IN,,,,,,,,
104,2025-09,Continentis,IN,,TRUE,,Continentis-2024,OK,,,
105,2025-09,Q-outlet,IN,Terrasse,TRUE,,,OK,terrasse,,
106,2025-09,Silicon Brain,IN,,TRUE,,Silicon Brain-2025,OK,,,
107,2025-09,Promimo,IN,,TRUE,,,OK,,,
108,2025-09,,IN,,,,,,,,
109,2025-09,Continentis,IN,,TRUE,,,,,,
110,2025-09,GGILGPRO,IN,,TRUE,,GGILGPRO-dunes-2025,OK,,,
111,2025-09,Continentis,IN,,TRUE,,,,,,
112,2025-09,GGILGPRO,IN,,TRUE,,,,,,
113,2025-09,Silicon Brain,IN,,TRUE,,,,,,
114,2025-09,,IN,,,,,,,,
,2025-09,,IN,,,,,,,,
,2025-09,,IN,,,,,,,,
,2025-09,,IN,,,,,,,,
,2025-09,,IN,,,,,,,,
,2025-09,,IN,,,,,,,,
,2025-09,,IN,,,,,,,,
,2025-09,,IN,,,,,,,,
,2025-09,,IN,,,,,,,,
,2025-09,,IN,,,,,,,,
,2025-09,,IN,,,,,,,,
201,2025-09,Hannosset,IN,,TRUE,,,BÂCHE CLIENT RELANCE,,,
202,2025-09,Silicon Brain,IN,,TRUE,,,,,,
203,2025-09,Fintro Huy,IN,,TRUE,,Fintro Huy Jaumain-2023,OK,,,
204,2025-09,Hannosset,IN,new,TRUE,,,,,,
205,2025-09,Hannosset,IN,new,TRUE,,,,,,
206,2025-09,GGILGPRO,IN,,TRUE,,,,,,
207,2025-09,Fintro Huy,IN,,TRUE,,,,,,
208,2025-09,,IN,,,,,,,,
209,2025-09,,IN,,,,,,,,
210,2025-09,Silicon Brain,IN,,TRUE,,,,,,
211,2025-09,,IN,,,,,,,,
212,2025-09,,IN,,,,,,,,
213,2025-09,,IN,,,,,,,,
214,2025-09,,IN,,,,,,,,
215,2025-09,,IN,,,,,,,,
216,2025-09,Immo Cube,IN,,TRUE,,Immo Cube-2025-nouvelle-adresse,OK,,,
227,2025-09,EASYHOME,IN,,TRUE,,Easyhome2024,OK,,,
217,2025-09,,IN,,,,,,,,
218,2025-09,,IN,,,,,,,,
,2025-09,,IN,,,,,,,,
220,2025-09,Continentis,IN,,TRUE,,,,,,
221,2025-09,,IN,,,,,,,,
226,2025-09,,IN,,,,,,,,
222,2025-09,Silicon Brain,IN,,TRUE,,,,,,
224,2025-09,,IN,,,,,,,,
225,2025-09,DEMA,IN,new,TRUE,,DEMA-2025-etudiant,BÂCHE COMMANDÉE,New CC,,
230,2025-09,,IN,,,,,,,,
,2025-09,,IN,,,,,,,,
,2025-09,,IN,,,,,,,,
,2025-09,,IN,,,,,,,,
,2025-09,,IN,,,,,,,,
,2025-09,,IN,,,,,,,,
,2025-09,,IN,,,,,,,,
,2025-09,,IN,,,,,,,,
,2025-09,,IN,,,,,,,,
,2025-09,,IN,,,,,,,,
,2025-09,,IN,,,,,,,,
,2025-09,,IN,,,,,,,,
,2025-09,,IN,,,,,,,,
301,2025-09,Fermalux,IN,,TRUE,,,BÂCHE COMMANDÉE,New CC,,
,2025-09,,IN,,,,,,,,
303,2025-09,EASYHOME,IN,patron,TRUE,,,,,,
304,2025-09,Au Stock,IN,,TRUE,,Au Stock-2025-atelier,OK,,,
305,2025-09,Fintro Huy,IN,,TRUE,,,,,,
306,2025-09,Locadepot BOX,IN,Bureau ,TRUE,,,,,,
307,2025-09,Au gre des saisons,IN,,TRUE,,,,,,
367,2025-09,Lemineur,IN,,TRUE,,,BÂCHE CLIENT,,,
308,2025-09,Au Stock,IN,,TRUE,,,,,,
319,2025-09,GGILGPRO,IN,,TRUE,,,,,,
309,2025-09,Puissant&Co,IN,equipe,TRUE,,,OK,équipe,,
310,2025-09,Poils & Plumes Ciney,IN,,TRUE,,,OK,,,
311,2025-09,deBRY,IN,,,,deBRY-robot-toondeuse-2025,OK,,,
312,2025-09,Puissant&Co,IN,equipe,TRUE,,,,,,
313,2025-09,Poils & Plumes Dinant,IN,,TRUE,,,OK,,,
314,2025-09,Condroz Motor,IN,,TRUE,,Condroz Motor-2025-maintenant-dacia-renault,OK,,,
315,2025-09,Clôtures Leblanc,IN,,TRUE,,,,,,
316,2025-09,Condroz Motor,IN,,TRUE,,,,,,
317,2025-09,Exam Services,IN,,TRUE,,Exam Services-2025-location,OK,,,
318,2025-09,Continentis,IN,,TRUE,,,,,,
320,2025-09,Continentis,IN,,TRUE,,,,,,
321,2025-09,Green Robot,IN,,TRUE,,,OK,,,
322,2025-09,BLOQUÉ,IN,BLOQUÉ,,,,,,,
323,2025-09,Green Robot,IN,,TRUE,,,,,,
324,2025-09,Graines de Vélo,IN,,TRUE,,Graines de Vélo-notoriété,OK,,,
325,2025-09,Graines de Vélo,IN,,TRUE,,,,,,
326,2025-09,Clôtures Leblanc,IN,,TRUE,,,,,,
327,2025-09,GGILGPRO,IN,,TRUE,,,,,,
328,2025-09,Kids and us Gembloux,IN,,TRUE,,,OK,,,
329,2025-09,DEMA,IN,new,TRUE,,,,,,
330,2025-09,Fermalux,IN,,TRUE,,,,,,
331,2025-09,Fermalux,IN,,TRUE,,,,,,
332,2025-09,Silicon Brain,IN,,TRUE,,,,,,
333,2025-09,Continentis,IN,,TRUE,,,,,,
334,2025-09,Q-outlet,IN,Terrasse,TRUE,,,,,,
335,2025-09,GGILGPRO,IN,,TRUE,,,,,,
336,2025-09,Fermalux,IN,,TRUE,,,,,,
337,2025-09,Locadepot BOX,IN,,TRUE,,,,,,
338,2025-09,Pessleux,IN,,TRUE,,,OK,,,
339,2025-09,GGILGPRO,IN,,TRUE,,,,,,
340,2025-09,Exam Services,IN,,TRUE,,,,,,
341,2025-09,Au Stock,IN,,TRUE,,,,,,
365,2025-09,DPS,IN,Coca,TRUE,,,OK,,,
342,2025-09,Clôtures Leblanc,IN,,TRUE,,,,,,
343,2025-09,Q-outlet,IN,Terrasse,TRUE,,,,,,
344,2025-09,Exam Services,IN,,TRUE,,,,,,
363,2025-09,DEMA,IN,new,TRUE,,,,,,
345,2025-09,Exam Services,IN,,TRUE,,,,,,
346,2025-09,Continentis,IN,,TRUE,,,,,,
359,2025-09,Chinelle retourné,IN,,TRUE,,,,,,
360,2025-09,DEMA,IN,new,TRUE,,,,,,
361,2025-09,Grotte de Han retourné,IN,,,,,,,,
,2025-09,,IN,,,,,,,,
347,2025-09,BP Martelange,IN,,TRUE,,BP Martelange-2025-pepsi,OK,,,
348,2025-09,Groupasol,IN,,TRUE,,Groupasol-2025-106euros,OK,,,
349,2025-09,DEMA,IN,,TRUE,,,,,,
350,2025-09,DEMA,IN,,TRUE,,,,,,
351,2025-09,LMV,IN,,TRUE,,Watt4U-notoriete,OK,,,
352,2025-09,Watt4U,IN,,TRUE,,Watt4U-notoriete,OK,,,
353,2025-09,LMV,IN,,TRUE,,,,,,
,2025-09,,IN,,,,,,,,
354,2025-09,EASYHOME,IN,,TRUE,,,,,,
355,2025-09,Watt4U,IN,,TRUE,,,,,,
356,2025-09,Clôtures Leblanc,IN,,TRUE,,,,,,
357,2025-09,Exam Services,IN,,TRUE,,,,,,
,2025-09,,IN,,,,,,,,
,2025-09,,IN,,,,,,,,
,2025-09,,IN,,,,,,,,
,2025-09,,IN,,,,,,,,
,2025-09,,IN,,,,,,,,
401,2025-09,,IN,,,,,,,,
402,2025-09,Continentis,IN,,TRUE,,,,,,
403,2025-09,Clôtures Leblanc,IN,,TRUE,,,,,,
404,2025-09,Continentis,IN,,TRUE,,,,,,
405,2025-09,,IN,,,,Full Services-2025-combustible,OK,combustible,,
406,2025-09,,IN,,,,,,,,
407,2025-09,EASYHOME,IN,patron,TRUE,,,,,,
408,2025-09,,IN,,,,,,,,
409,2025-09,DEMA,IN,new,TRUE,,,,,,
415,2025-09,Continentis,IN,,TRUE,,,,,,
,2025-09,,IN,,,,,,,,
,2025-09,,IN,,,,,,,,
,2025-09,,IN,,,,,,,,
,2025-09,,IN,,,,,,,,
,2025-09,,IN,,,,,,,,
,2025-09,,IN,,,,,,,,
,2025-09,,IN,,,,,,,,
,2025-09,,IN,,,,,,,,
,2025-09,,IN,,,,,,,,
501,2025-09,LMV,IN,Goffinet,FALSE,,,,,,
502,2025-09,DPS,IN,,,,,,,,
503,2025-09,,IN,,,,,,,,
504,2025-09,Continentis,IN,,TRUE,,,,,,
505,2025-09,DPS,IN,,,,,,,,
506,2025-09,Continentis,IN,,TRUE,,,,,,
507,2025-09,DPS,IN,,,,,,,,
508,2025-09,Continentis,IN,,TRUE,,,,,,
509,2025-09,,IN,,,,,,,,
,2025-09,DPS,IN,,,,,,,,
,2025-09,,IN,,,,,,,,
,2025-09,Impermo,IN,new,FALSE,,Impermo-2025-16showroom,BÂCHE COMMANDÉE,NewCC,,
527,2025-09,EASYHOME,IN,,TRUE,,,,,,
512,2025-09,DPS,IN,,,,,,,,
513,2025-09,Knauf,IN,,TRUE,,,OK,,,
514,2025-09,EASYHOME,IN,,TRUE,,,,,,
515,2025-09,,IN,,,,,,,,
517,2025-09,Delhaize Lux,IN,,,,Delhaize Lux-2025-fleche-pommerloch,OK,,,
518,2025-09,EASYHOME,IN,,TRUE,,,,,,
,2025-09,,IN,,,,,,,,
520,2025-09,Delhaize Lux,IN,,,,,,,,
521,2025-09,,IN,,,,,,,,
525,2025-09,deBRY,IN,,,,,,,,
530,2025-09,DPS,IN,,,,,,,,
,2025-09,,IN,,,,,,,,
,2025-09,,IN,,,,,,,,
,2025-09,,IN,,,,,,,,
,2025-09,,IN,,,,,,,,
,2025-09,,IN,,,,,,,,
,2025-09,,IN,,,,,,,,
,2025-09,,IN,,,,,,,,
,2025-09,,IN,,,,,,,,
,2025-09,,IN,,,,,,,,
,2025-09,,IN,,,,,,,,
,2025-09,,IN,,,,,,,,
,2025-09,,IN,,,,,,,,
,2025-09,,IN,,,,,,,,
,2025-09,,OUT,,,,,,,,
102,2025-09,EASYHOME,OUT,,TRUE,,,,,,
,2025-09,,OUT,,,,,,,,
104,2025-09,,OUT,,,,,,,,
105,2025-09,Beauté en clés,OUT,,TRUE,,Beauté en clés-2025-c1ad31ad,OK,,,
106,2025-09,EASYHOME,OUT,,TRUE,,,,,,
107,2025-09,EASYHOME,OUT,,TRUE,,,,,,
108,2025-09,,OUT,,,,,,,,
109,2025-09,,OUT,,,,,,,,
110,2025-09,Continentis,OUT,,TRUE,,,,,,
111,2025-09,,OUT,,,,,,,,
112,2025-09,,OUT,,,,,,,,
113,2025-09,,OUT,,,,,,,,
114,2025-09,,OUT,,,,,,,,
,2025-09,,OUT,,,,,,,,
,2025-09,,OUT,,,,,,,,
,2025-09,,OUT,,,,,,,,
,2025-09,,OUT,,,,,,,,
,2025-09,,OUT,,,,,,,,
,2025-09,,OUT,,,,,,,,
,2025-09,,OUT,,,,,,,,
,2025-09,,OUT,,,,,,,,
,2025-09,,OUT,,,,,,,,
,2025-09,,OUT,,,,,,,,
201,2025-09,Thomas et Piron,OUT,,TRUE,,,BÂCHE COMMANDÉE,New CC,,
202,2025-09,EASYHOME,OUT,,TRUE,,,,,,
203,2025-09,EASYHOME,OUT,,TRUE,,,,,,
204,2025-09,Continentis,OUT,,TRUE,,,,,,
205,2025-09,Fintro Huy,OUT,,TRUE,,,,,,
206,2025-09,Fintro Huy,OUT,,TRUE,,,,,,
207,2025-09,Continentis,OUT,,TRUE,,,,,,
208,2025-09,,OUT,,,,,,,,
209,2025-09,,OUT,,,,,,,,
210,2025-09,EASYHOME,OUT,,TRUE,,,,,,
211,2025-09,,OUT,,,,,,,,
212,2025-09,,OUT,,,,,,,,
213,2025-09,,OUT,,,,,,,,
214,2025-09,,OUT,,,,,,,,
215,2025-09,Hannosset,OUT,new,TRUE,,,,,,
216,2025-09,Hannosset,OUT,new,TRUE,,,,,,
227,2025-09,,OUT,,,,,,,,
217,2025-09,,OUT,,,,,,,,
218,2025-09,,OUT,,,,,,,,
,2025-09,,OUT,,,,,,,,
220,2025-09,,OUT,,,,,,,,
221,2025-09,,OUT,,,,,,,,
226,2025-09,,OUT,,,,,,,,
222,2025-09,,OUT,,,,,,,,
224,2025-09,,OUT,,,,,,,,
225,2025-09,GGILGPRO,OUT,,TRUE,,,,,,
230,2025-09,,OUT,,,,,,,,
,2025-09,,OUT,,,,,,,,
,2025-09,,OUT,,,,,,,,
,2025-09,,OUT,,,,,,,,
,2025-09,,OUT,,,,,,,,
,2025-09,,OUT,,,,,,,,
,2025-09,,OUT,,,,,,,,
,2025-09,,OUT,,,,,,,,
,2025-09,,OUT,,,,,,,,
,2025-09,,OUT,,,,,,,,
,2025-09,,OUT,,,,,,,,
,2025-09,,OUT,,,,,,,,
,2025-09,,OUT,,,,,,,,
301,2025-09,Fintro Huy,OUT,,TRUE,,,,,,
,2025-09,,OUT,,,,,,,,
303,2025-09,,OUT,,,,,,,,
304,2025-09,Deville Assurances,OUT,,TRUE,,Deville Assurances-2025,OK,,,
305,2025-09,Lumarvel,OUT,,TRUE,,Lumarvel-2020-notoriété,OK,,,
306,2025-09,Continentis,OUT,,TRUE,,,,,,
307,2025-09,Au Stock,OUT,,TRUE,,,OK,New Dépot,,
367,2025-09,Locadepot,OUT,Bureau ,FALSE,,,OK,,,
308,2025-09,LMV,OUT,,TRUE,,,,,,
319,2025-09,Poils & Plumes Ciney,OUT,,TRUE,,,,,,
309,2025-09,Au Stock,OUT,,TRUE,,,,,,
310,2025-09,LMV,OUT,,TRUE,,,,,,
311,2025-09,EASYHOME,OUT,dinant,TRUE,,,,,,
312,2025-09,Au Stock,OUT,,TRUE,,,,,,
313,2025-09,Deville Assurances,OUT,,TRUE,,,,,,
314,2025-09,Locadepot,OUT,Bureau ,TRUE,,,,,,
315,2025-09,Au Stock,OUT,,TRUE,,,,,,
316,2025-09,Poils & Plumes Dinant,OUT,,TRUE,,,,,,
317,2025-09,Au Stock,OUT,,TRUE,,,,,,
318,2025-09,,OUT,,,,,,,,
320,2025-09,,OUT,,,,,,,,
321,2025-09,Jardin Confort,OUT,toiture,TRUE,,Jardin Confort-2025-toiture,OK,,,
322,2025-09,BLOQUÉ,OUT,BLOQUÉ,,,,,,,
323,2025-09,Rénovéranda,OUT,Rénov ,TRUE,,Rénovéranda-2025,OK,,,
324,2025-09,Rénovéranda,OUT,Rénov ,TRUE,,,,,,
325,2025-09,Q-outlet,OUT,Terrasse,TRUE,,,,,,
326,2025-09,Rénovéranda,OUT,Rénov ,TRUE,,,,,,
327,2025-09,Q-outlet,OUT,Terrasse,TRUE,,,,,,
328,2025-09,Rénovéranda,OUT,Rénov ,TRUE,,,,,,
329,2025-09,Jardin Confort,OUT,toiture,TRUE,,,,,,
330,2025-09,DEMA,OUT,new,TRUE,,,,,,
331,2025-09,DEMA,OUT,new,TRUE,,,,,,
332,2025-09,GGILGPRO,OUT,,TRUE,,,,,,
333,2025-09,EASYHOME,OUT,patron,TRUE,,,,,,
334,2025-09,BLOQUÉ,OUT,BLOQUÉ,,,,,,,
335,2025-09,Beauté en clés,OUT,,TRUE,,,,,,
336,2025-09,EASYHOME,OUT,patron,TRUE,,,,,,
337,2025-09,EASYHOME,OUT,patron,TRUE,,,,,,
338,2025-09,Matexi,OUT,Floreffe,TRUE,,Matexi-2025-floreffe,OK,,,
339,2025-09,EASYHOME,OUT,patron,TRUE,,,,,,
340,2025-09,EASYHOME,OUT,patron,TRUE,,,,,,
341,2025-09,Fermalux,OUT,,TRUE,,,,,,
365,2025-09,Exam Services,OUT,,TRUE,,,,,,
342,2025-09,DPS,OUT,Coca,TRUE,,,,,,
343,2025-09,GGILGPRO,OUT,,TRUE,,,,,,
344,2025-09,Silicon Brain,OUT,,TRUE,,,,,,
363,2025-09,Exam Services,OUT,,TRUE,,,,,,
345,2025-09,Bikers festival retourné,OUT,,,,,,,,
346,2025-09,,OUT,,,,,,,,
359,2025-09,,OUT,,,,,,,,
360,2025-09,Chinelle retourné,OUT,,TRUE,,,,,,
361,2025-09,Chinelle retourné,OUT,,TRUE,,,,,,
,2025-09,,OUT,,,,,,,,
347,2025-09,Au Stock,OUT,,TRUE,,,,,,
348,2025-09,DPS,OUT,Coca,TRUE,,,,,,
349,2025-09,Poils & Plumes Rochefort,OUT,,TRUE,,,OK,,,
350,2025-09,Silicon Brain,OUT,,TRUE,,,,,,
351,2025-09,EASYHOME,OUT,Marche,TRUE,,,,,,
352,2025-09,Poils & Plumes Rochefort,OUT,,TRUE,,,,,,
353,2025-09,EASYHOME,OUT,Marche,TRUE,,,,,,
,2025-09,,OUT,,,,,,,,
354,2025-09,,OUT,,,,,,,,
355,2025-09,,OUT,,,,,,,,
356,2025-09,,OUT,,,,,,,,
357,2025-09,Au Stock,OUT,,TRUE,,,,,,
,2025-09,,OUT,,,,,,,,
,2025-09,,OUT,,,,,,,,
,2025-09,,OUT,,,,,,,,
,2025-09,,OUT,,,,,,,,
,2025-09,,OUT,,,,,,,,
401,2025-09,,OUT,,,,,,,,
402,2025-09,,OUT,,,,,,,,
403,2025-09,,OUT,,,,,,,,
404,2025-09,,OUT,,,,,,,,
405,2025-09,,OUT,,,,,,,,
406,2025-09,,OUT,,,,,,,,
407,2025-09,,OUT,,,,,,,,
408,2025-09,,OUT,,,,,,,,
409,2025-09,EASYHOME,OUT,patron,TRUE,,,,,,
415,2025-09,Du Rouge Aux Lèvres,OUT,,TRUE,,Du rouge aux lévres-2025-rondpoint,OK,,,
,2025-09,,OUT,,,,,,,,
,2025-09,,OUT,,,,,,,,
,2025-09,,OUT,,,,,,,,
,2025-09,,OUT,,,,,,,,
,2025-09,,OUT,,,,,,,,
,2025-09,,OUT,,,,,,,,
,2025-09,,OUT,,,,,,,,
,2025-09,,OUT,,,,,,,,
,2025-09,,OUT,,,,,,,,
501,2025-09,DPS,OUT,,,,,,,,
502,2025-09,,OUT,,,,,,,,
503,2025-09,,OUT,,,,,,,,
504,2025-09,,OUT,,,,,,,,
505,2025-09,,OUT,,,,,,,,
506,2025-09,DPS,OUT,,,,,,,,
507,2025-09,,OUT,,,,,,,,
508,2025-09,DPS,OUT,,,,,,,,
509,2025-09,,OUT,,,,,,,,
,2025-09,,OUT,,,,,,,,
,2025-09,,OUT,,,,,,,,
,2025-09,,OUT,,,,,,,,
527,2025-09,,OUT,,,,,,,,
512,2025-09,LMV,OUT,,FALSE,,,,,,
513,2025-09,,OUT,,,,,,,,
514,2025-09,Delhaize Lux,OUT,,,,,,,,
515,2025-09,Delhaize Lux,OUT,,,,,,,,
517,2025-09,Knauf,OUT,,TRUE,,,,,,
518,2025-09,,OUT,,,,,,,,
,2025-09,,OUT,,,,,,,,
520,2025-09,,OUT,,,,,,,,
521,2025-09,,OUT,,,,,,,,
525,2025-09,EASYHOME,OUT,patron,TRUE,,,,,,
530,2025-09,,OUT,,,,,,,,
,2025-09,,OUT,,,,,,,,
,2025-09,,OUT,,,,,,,,
,2025-09,,OUT,,,,,,,,
,2025-09,,OUT,,,,,,,,
,2025-09,,OUT,,,,,,,,
,2025-09,,OUT,,,,,,,,
,2025-09,,OUT,,,,,,,,
,2025-09,,OUT,,,,,,,,
,2025-09,,OUT,,,,,,,,
,2025-09,,OUT,,,,,,,,
,2025-09,,OUT,,,,,,,,
,2025-09,,OUT,,,,,,,,
,2025-09,,OUT,,,,,,,,
,2025-10,,IN,,,,,,,,
102,2025-10,Quadrus,IN,,TRUE,,Quadrus-3+1,OK,Autocollant octobre,,
,2025-10,,IN,,,,,,,,
104,2025-10,Quadrus,IN,,TRUE,,,,,,
105,2025-10,Quadrus,IN,,TRUE,,,,,,
106,2025-10,Q-outlet,IN,XXL,TRUE,,Q-outlet-2025-XXL,OK,,,
107,2025-10,Quadrus,IN,,TRUE,,,,,,
108,2025-10,EASYHOME,IN,,TRUE,,,,,,
109,2025-10,Quadrus,IN,,TRUE,,,,,,
110,2025-10,Q-outlet,IN,XXL,TRUE,,,,,,
111,2025-10,Continentis,IN,,TRUE,,Continentis-2024,OK,,,
112,2025-10,Quadrus,IN,,TRUE,,,,,,
113,2025-10,Silicon Brain,IN,,FALSE,,Silicon Brain-2025,OK,,,
114,2025-10,Crelan Maxel,IN,,TRUE,,,,,,
,2025-10,,IN,,,,,,,,
,2025-10,,IN,,,,,,,,
,2025-10,,IN,,,,,,,,
,2025-10,,IN,,,,,,,,
,2025-10,,IN,,,,,,,,
,2025-10,,IN,,,,,,,,
,2025-10,,IN,,,,,,,,
,2025-10,,IN,,,,,,,,
,2025-10,,IN,,,,,,,,
,2025-10,,IN,,,,,,,,
201,2025-10,Q-outlet,IN,XXL,TRUE,,,,,,
202,2025-10,Silicon Brain,IN,,TRUE,,,,,,
203,2025-10,Plopsa Coo,IN,,,,Plopsa Coo-2025-Halloween,BÂCHE REÇUE,Halloween schtroumpf,,
204,2025-10,Groupasol,IN,,TRUE,,Groupasol-2025-106euros,OK,,,
205,2025-10,Silicon Brain,IN,,TRUE,,,,,,
206,2025-10,Fintro Huy,IN,,TRUE,,Fintro Huy Jaumain-2023,OK,,,
207,2025-10,Plopsa Coo,IN,,,,,,,,
208,2025-10,Fintro Huy,IN,,TRUE,,,,,,
209,2025-10,Fintro Huy,IN,,FALSE,,,,,,
210,2025-10,Plopsa Coo,IN,,,,,,,,
211,2025-10,pas accesible travaux,IN,,,,,,,,
212,2025-10,,IN,,,,,,,,
213,2025-10,,IN,,,,,,,,
214,2025-10,Continentis,IN,,TRUE,,,,,,
215,2025-10,,IN,,,,,,,,
216,2025-10,Immo Cube,IN,,TRUE,,,OK,,,
227,2025-10,Continentis,IN,,TRUE,,,,,,
217,2025-10,,IN,,,,,,,,
218,2025-10,,IN,,,,,,,,
,2025-10,,IN,,,,,,,,
220,2025-10,Plopsa Coo,IN,,,,,,,,
221,2025-10,Plopsa Coo,IN,,,,,,,,
226,2025-10,Plopsa Coo,IN,,,,,,,,
222,2025-10,Silicon Brain,IN,,TRUE,,,,,,
224,2025-10,Plopsa Coo,IN,,,,,,,,
225,2025-10,Mobalpa Marche,IN,,TRUE,,Mobalpa Marche-2025,OK,,,
230,2025-10,DEMA,IN,Luminaires,TRUE,,DEMA-2023-luminaires,OK,,,
,2025-10,,IN,,,,,,,,
,2025-10,,IN,,,,,,,,
,2025-10,,IN,,,,,,,,
,2025-10,,IN,,,,,,,,
,2025-10,,IN,,,,,,,,
,2025-10,,IN,,,,,,,,
,2025-10,,IN,,,,,,,,
,2025-10,,IN,,,,,,,,
,2025-10,,IN,,,,,,,,
,2025-10,,IN,,,,,,,,
,2025-10,,IN,,,,,,,,
,2025-10,,IN,,,,,,,,
301,2025-10,Fermalux,IN,chassis,TRUE,,Fermalux-2025-chassis,BÂCHE REÇUE,,,
,2025-10,,IN,,,,,,,,
303,2025-10,LMoi New,IN,,TRUE,,Wondery Park-2025-ac0b9737,OK,,,
304,2025-10,Condroz Gibier,IN,,TRUE,,Condroz Gibier-Comptoir ouvert,OK,,,
305,2025-10,Fermalux,IN,chassis,TRUE,,,,,,
306,2025-10,Wondery Park,IN,,TRUE,,,,,,
307,2025-10,Au Stock,IN,,TRUE,,Au Stock-2025-atelier,OK,,,
367,2025-10,Parallèle,IN,,TRUE,,Ciney Expo-eefc0131,AUTOCOLLANT COMMANDÉ,autocollant date 2025,,
308,2025-10,Au Stock,IN,,TRUE,,,,,,
319,2025-10,Deville Assurances,IN,,TRUE,,Deville Assurances-2025,OK,,,
309,2025-10,Au Stock,IN,,TRUE,,,,,,
310,2025-10,Mobalpa Marche,IN,,TRUE,,,,,,
311,2025-10,Au Stock,IN,,TRUE,,,,,,
312,2025-10,Poils & Plumes Dinant,IN,,TRUE,,Poils & Plumes Ciney-Dinant-Rochefort Notoriété,OK,,,
313,2025-10,Parallèle,IN,,TRUE,,,,,,
314,2025-10,Condroz Gibier,IN,,TRUE,,,,,,
315,2025-10,Au Stock,IN,,TRUE,,,,,,
316,2025-10,Poils & Plumes Dinant,IN,,TRUE,,,,,,
317,2025-10,Hanse Meubles,IN,,TRUE,,Hanse Meubles-2025-Remise50,OK,,,
318,2025-10,Continentis,IN,,TRUE,,,,,,
320,2025-10,D ici,IN,new,TRUE,,Dici-2025-NouveauChampion,BÂCHE REÇUE,,,
321,2025-10,Fermalux,IN,chassis,FALSE,,,FICHIER RELANCE,,,
322,2025-10,BLOQUÉ,IN,BLOQUÉ,,,,,,,
323,2025-10,Clôtures Leblanc,IN,,TRUE,,Clôtures Leblanc-2025,OK,,,
324,2025-10,Q-outlet,IN,XXL,TRUE,,,,,,
325,2025-10,Jardin Confort,IN,toiture,TRUE,,Jardin Confort-2025-toiture,OK,,,
326,2025-10,Q-outlet,IN,XXL,TRUE,,,,,,
327,2025-10,EASYHOME,IN,,TRUE,,Easyhome2024,OK,,,
328,2025-10,Clôtures Leblanc,IN,,TRUE,,,,,,
329,2025-10,Graines de Vélo,IN,,TRUE,,Graines de Vélo-notoriété,OK,,,
330,2025-10,Silicon Brain,IN,,TRUE,,,,,,
331,2025-10,Hanse Meubles,IN,,TRUE,,,,,,
332,2025-10,EASYHOME,IN,,TRUE,,,FICHIER RELANCE,,,
333,2025-10,Clôtures Leblanc,IN,,TRUE,,,,,,
334,2025-10,Q-outlet,IN,XXL,TRUE,,,,,,
335,2025-10,Tonton tapis,IN,,TRUE,,Tonton tapis-2020-notoriété,OK,,,
336,2025-10,Clôtures Leblanc,IN,,TRUE,,,,,,
337,2025-10,Fire Solution ,IN,LMoi New,,,,,,,
338,2025-10,Matexi,IN,,TRUE,,Matexi-2025-floreffe,OK,,,
339,2025-10,Pessleux,IN,,TRUE,,Pessleux-serres,OK,,,
340,2025-10,Silicon Brain,IN,,TRUE,,,,,,
341,2025-10,Parallèle,IN,,TRUE,,,,,,
365,2025-10,Au Stock,IN,,TRUE,,,,,,
342,2025-10,DPS,IN,,TRUE,,DPS-coca-7-19,OK,,,
343,2025-10,Optic & vous,IN,,TRUE,,Optic & vous-2024,OK,,,
344,2025-10,Exam Services,IN,,TRUE,,Exam Services-2025-location,OK,,,
363,2025-10,Grottes de Han,IN,,TRUE,,Grottes de Han-2025-Hanloween,BÂCHE REÇUE,,,
345,2025-10,Exam Services,IN,,TRUE,,,,,,
346,2025-10,La Bergerette,IN,,TRUE,,La Bergerette-2025,BÂCHE COMMANDÉE,,,
359,2025-10,Continentis,IN,,TRUE,,,,,,
360,2025-10,Grottes de Han,IN,,TRUE,,,,,,
361,2025-10,Grottes de Han,IN,,TRUE,,,,,,
,2025-10,,IN,,,,,,,,
347,2025-10,BP Martelange,IN,,TRUE,,BPmartelange-coca-1098,OK,,,
348,2025-10,Parallèle,IN,,TRUE,,,,,,
349,2025-10,Grottes de Han,IN,,TRUE,,,,,,
350,2025-10,Exam Services,IN,,TRUE,,,,,,
351,2025-10,Mobalpa Marche,IN,,TRUE,,,,,,
352,2025-10,Wondery Park,IN,,TRUE,,,,,,
353,2025-10,Poils & Plumes Rochefort,IN,,TRUE,,Poils & Plumes Ciney-Dinant-Rochefort Notoriété,OK,,,
,2025-10,,IN,,,,,,,,
354,2025-10,Clôtures Leblanc,IN,,TRUE,,,,,,
355,2025-10,Continentis,IN,,TRUE,,,,,,
356,2025-10,Q-outlet,IN,Rapport - Q-P,TRUE,,,,,,
357,2025-10,Au Stock,IN,,TRUE,,,,,,
,2025-10,,IN,,,,,,,,
,2025-10,,IN,,,,,,,,
,2025-10,,IN,,,,,,,,
,2025-10,,IN,,,,,,,,
,2025-10,,IN,,,,,,,,
401,2025-10,,IN,,,,,,,,
402,2025-10,Continentis,IN,,TRUE,,,,,,
403,2025-10,Hanse Meubles,IN,,TRUE,,,,,,
404,2025-10,Silicon Brain,IN,,TRUE,,,,,,
405,2025-10,La Bergerette,IN,,TRUE,,,,,,
406,2025-10,Continentis,IN,,TRUE,,,,,,
407,2025-10,Continentis,IN,,TRUE,,,,,,
408,2025-10,DEMA,IN,Luminaires,TRUE,,,,,,
409,2025-10,EASYHOME,IN,,TRUE,,,,,,
415,2025-10,,IN,,,,,,,,
,2025-10,,IN,,,,,,,,
,2025-10,,IN,,,,,,,,
,2025-10,,IN,,,,,,,,
,2025-10,,IN,,,,,,,,
,2025-10,,IN,,,,,,,,
,2025-10,,IN,,,,,,,,
,2025-10,,IN,,,,,,,,
,2025-10,,IN,,,,,,,,
,2025-10,,IN,,,,,,,,
501,2025-10,LMV,IN,Goffinet,TRUE,,LMV-notoriété-2024,OK,,,
502,2025-10,DPS,IN,,TRUE,,,,,,
503,2025-10,Plopsa Coo,IN,,,,,,,,
504,2025-10,Plopsa Coo,IN,,,,,,,,
505,2025-10,DPS,IN,,TRUE,,,,,,
506,2025-10,Grottes de Han,IN,,TRUE,,,,,,
507,2025-10,DPS,IN,,TRUE,,,,,,
508,2025-10,Servipools,IN,salon lux,TRUE,,Servipools-2025-HomeExpo,BÂCHE COMMANDÉE,New home Expo,,
509,2025-10,Servipools,IN,salon lux,TRUE,,,,,,
,2025-10,DPS,IN,,TRUE,,,,,,
,2025-10,,IN,,,,,,,,
,2025-10,Impermo,IN,,TRUE,,Watt4U-notoriete,OK,,,
527,2025-10,Servipools,IN,salon lux,TRUE,,,,,,
512,2025-10,DPS,IN,,TRUE,,,,,,
513,2025-10,Knauf,IN,,,,,OK,,,
514,2025-10,Plopsa Coo,IN,,,,,,,,
515,2025-10,Servipools,IN,salon lux,TRUE,,,,,,
517,2025-10,Delhaize Lux,IN,,TRUE,,Delhaize Lux-2025-fleche-pommerloch,OK,,,
518,2025-10,Servipools,IN,salon lux,TRUE,,,,,,
,2025-10,,IN,,,,,,,,
520,2025-10,Delhaize Lux,IN,,TRUE,,,,,,
521,2025-10,Grottes de Han,IN,,TRUE,,,,,,
525,2025-10,Grottes de Han,IN,,TRUE,,,,,,
530,2025-10,DPS,IN,,TRUE,,,,,,
,2025-10,,IN,,,,,,,,
,2025-10,,IN,,,,,,,,
,2025-10,,IN,,,,,,,,
,2025-10,,IN,,,,,,,,
,2025-10,,IN,,,,,,,,
,2025-10,,IN,,,,,,,,
,2025-10,,IN,,,,,,,,
,2025-10,,IN,,,,,,,,
,2025-10,,IN,,,,,,,,
,2025-10,,IN,,,,,,,,
,2025-10,,IN,,,,,,,,
,2025-10,,IN,,,,,,,,
,2025-10,,IN,,,,,,,,
,2025-10,,OUT,,,,,,,,
102,2025-10,DEMA,OUT,luminaires,TRUE,,,,,,
,2025-10,,OUT,,,,,,,,
104,2025-10,Continentis,OUT,,TRUE,,,,,,
105,2025-10,Grottes de Han,OUT,Hanloween,TRUE,,,,,,
106,2025-10,Silicon Brain,OUT,,TRUE,,,,,,
107,2025-10,EASYHOME,OUT,,TRUE,,,,,,
108,2025-10,EASYHOME,OUT,,TRUE,,,,,,
109,2025-10,Continentis,OUT,,TRUE,,,,,,
110,2025-10,EASYHOME,OUT,,TRUE,,,,,,
111,2025-10,EASYHOME,OUT,,TRUE,,,,,,
112,2025-10,,OUT,,,,,,,,
113,2025-10,,OUT,,,,,,,,
114,2025-10,EASYHOME,OUT,,TRUE,,,,,,
,2025-10,,OUT,,,,,,,,
,2025-10,,OUT,,,,,,,,
,2025-10,,OUT,,,,,,,,
,2025-10,,OUT,,,,,,,,
,2025-10,,OUT,,,,,,,,
,2025-10,,OUT,,,,,,,,
,2025-10,,OUT,,,,,,,,
,2025-10,,OUT,,,,,,,,
,2025-10,,OUT,,,,,,,,
,2025-10,,OUT,,,,,,,,
201,2025-10,Thomas et Piron,OUT,,TRUE,,Thomas et Piron-Projet Verte Voie-Hannut2024,OK,,,
202,2025-10,Fintro Huy,OUT,,TRUE,,,,,,
203,2025-10,Plopsa Coo,OUT,,,,,,,,
204,2025-10,La Bergerette,OUT,,TRUE,,,,,,
205,2025-10,Plopsa Coo,OUT,,,,,,,,
206,2025-10,Plopsa Coo,OUT,,,,,,,,
207,2025-10,La Bergerette,OUT,,TRUE,,,,,,
208,2025-10,Continentis,OUT,,TRUE,,,,,,
209,2025-10,Plopsa Coo,OUT,,,,,,,,
210,2025-10,Plopsa Coo,OUT,,,,,,,,
211,2025-10,pas accesible travaux,OUT,,,,,,,,
212,2025-10,,OUT,,,,,,,,
213,2025-10,,OUT,,,,,,,,
214,2025-10,,OUT,,,,,,,,
215,2025-10,,OUT,,,,,,,,
216,2025-10,,OUT,,,,,,,,
227,2025-10,EASYHOME,OUT,,TRUE,,,,,,
217,2025-10,Immo Cube,OUT,,TRUE,,,,,,
218,2025-10,,OUT,,,,,,,,
,2025-10,,OUT,,,,,,,,
220,2025-10,Continentis,OUT,,TRUE,,,,,,
221,2025-10,,OUT,,,,,,,,
226,2025-10,EASYHOME,OUT,,TRUE,,,,,,
222,2025-10,Plopsa Coo,OUT,,,,,,,,
224,2025-10,,OUT,,,,,,,,
225,2025-10,Grottes de Han,OUT,,TRUE,,,,,,
230,2025-10,Plopsa Coo,OUT,,,,,,,,
,2025-10,,OUT,,,,,,,,
,2025-10,,OUT,,,,,,,,
,2025-10,,OUT,,,,,,,,
,2025-10,,OUT,,,,,,,,
,2025-10,,OUT,,,,,,,,
,2025-10,,OUT,,,,,,,,
,2025-10,,OUT,,,,,,,,
,2025-10,,OUT,,,,,,,,
,2025-10,,OUT,,,,,,,,
,2025-10,,OUT,,,,,,,,
,2025-10,,OUT,,,,,,,,
,2025-10,,OUT,,,,,,,,
301,2025-10,Plopsa Coo,OUT,,,,,,,,
,2025-10,,OUT,,,,,,,,
303,2025-10,Fintro Huy,OUT,,FALSE,,,,,,
304,2025-10,Au Stock,OUT,,TRUE,,,,,,
305,2025-10,EASYHOME,OUT,,TRUE,,,,,,
306,2025-10,Condroz Motor,OUT,,TRUE,,Condroz Motor-2025-maintenant-dacia-renault,OK,,,
307,2025-10,Poils & Plumes Ciney,OUT,,TRUE,,Poils & Plumes Ciney-Dinant-Rochefort Notoriété,OK,,,
367,2025-10,Deville Assurances,OUT,,TRUE,,,,,,
308,2025-10,EASYHOME,OUT,Dinant,TRUE,,,,,,
319,2025-10,deBRY,OUT,,TRUE,,deBRY-robot-toondeuse-2025,OK,,,
309,2025-10,Poils & Plumes Ciney,OUT,,TRUE,,,,,,
310,2025-10,Exam Services,OUT,,TRUE,,,,,,
311,2025-10,Wondery Park,OUT,,TRUE,,,,,,
312,2025-10,Au Stock,OUT,,TRUE,,,,,,
313,2025-10,Condroz Motor,OUT,,TRUE,,,,,,
314,2025-10,EASYHOME,OUT,Dinant,TRUE,,,OK,,,
315,2025-10,Grottes de Han,OUT,Halloween,TRUE,,,,,,
316,2025-10,Grottes de Han,OUT,Halloween,TRUE,,,,,,
317,2025-10,Au Stock,OUT,,TRUE,,,,,,
318,2025-10,EASYHOME,OUT,,TRUE,,,,,,
320,2025-10,Jardin Confort,OUT,Toiture,TRUE,,,,,,
321,2025-10,Plopsa Coo,OUT,Halloween,,,,,,,
322,2025-10,BLOQUÉ,OUT,BLOQUÉ,,,,,,,
323,2025-10,Jardin Confort,OUT,Rénov,TRUE,,,,,,
324,2025-10,Jardin Confort,OUT,Rénov,TRUE,,,,,,
325,2025-10,DEMA,OUT,Luminaire,TRUE,,,,,,
326,2025-10,Jardin Confort,OUT,Toit Couli,TRUE,,,,,,
327,2025-10,La Bergerette,OUT,,TRUE,,,,,,
328,2025-10,Hanse Meubles,OUT,,TRUE,,,,,,
329,2025-10,Jardin Confort,OUT,Toit Couli,TRUE,,,,,,
330,2025-10,Parallèle,OUT,,TRUE,,,,,,
331,2025-10,DEMA,OUT,Luminaires,TRUE,,,,,,
332,2025-10,EASYHOME,OUT,,TRUE,,,,,,
333,2025-10,DEMA,OUT,Luminaires,TRUE,,,,,,
334,2025-10,BLOQUÉ,OUT,BLOQUÉ,,,,,,,
335,2025-10,Fermalux,OUT,chassis,TRUE,,,,,,
336,2025-10,EASYHOME,OUT,,TRUE,,,,,,
337,2025-10,Fermalux,OUT,chassis,TRUE,,,,,,
338,2025-10,La Bergerette,OUT,,TRUE,,,,,,
339,2025-10,EASYHOME,OUT,,TRUE,,,,,,
340,2025-10,Exam Services,OUT,,TRUE,,,,,,
341,2025-10,EASYHOME,OUT,,TRUE,,,,,,
365,2025-10,Exam Services,OUT,,TRUE,,,,,,
342,2025-10,La Bergerette,OUT,,TRUE,,,,,,
343,2025-10,Hanse Meubles,OUT,,TRUE,,,,,,
344,2025-10,Urbaine,OUT,,TRUE,,Urbaine-automne 2024,,,,
363,2025-10,Exam Services,OUT,,TRUE,,,,,,
345,2025-10,Continentis,OUT,,TRUE,,,,,,
346,2025-10,LMoi New,OUT,,,,,,,,
359,2025-10,,OUT,,,,,,,,
360,2025-10,,OUT,,,,,,,,
361,2025-10,,OUT,,,,,,,,
,2025-10,,OUT,,,,,,,,
347,2025-10,Wondery Park,OUT,,TRUE,,,,,,
348,2025-10,DPS,OUT,,TRUE,,,,,,
349,2025-10,Parallèle,OUT,,TRUE,,,,,,
350,2025-10,Wondery Park,OUT,,TRUE,,,,,,
351,2025-10,Poils & Plumes Rochefort,OUT,,TRUE,,,,,,
352,2025-10,Grottes de Han,OUT,,TRUE,,,,,,
353,2025-10,DEMA,OUT,luminaires,TRUE,,,,,,
,2025-10,,OUT,,,,,,,,
354,2025-10,EASYHOME,OUT,,TRUE,,,,,,
355,2025-10,La Bergerette,OUT,,TRUE,,,,,,
356,2025-10,EASYHOME,OUT,,TRUE,,,,,,
357,2025-10,Mobalpa Marche,OUT,,TRUE,,,,,,
,2025-10,,OUT,,,,,,,,
,2025-10,,OUT,,,,,,,,
,2025-10,,OUT,,,,,,,,
,2025-10,,OUT,,,,,,,,
,2025-10,,OUT,,,,,,,,
401,2025-10,,OUT,,,,,,,,
402,2025-10,,OUT,,,,,,,,
403,2025-10,La Bergerette,OUT,,,,,,,,
404,2025-10,Clôtures Leblanc,OUT,,TRUE,,,,,,
405,2025-10,,OUT,,,,,,,,
406,2025-10,,OUT,,,,,,,,
407,2025-10,,OUT,,,,,,,,
408,2025-10,La Bergerette,OUT,,TRUE,,,,,,
409,2025-10,EASYHOME,OUT,,TRUE,,,,,,
415,2025-10,Du Rouge Aux Lèvres,OUT,,TRUE,,Du rouge aux lévres-2025-rondpoint,OK,,,
,2025-10,,OUT,,,,,,,,
,2025-10,,OUT,,,,,,,,
,2025-10,,OUT,,,,,,,,
,2025-10,,OUT,,,,,,,,
,2025-10,,OUT,,,,,,,,
,2025-10,,OUT,,,,,,,,
,2025-10,,OUT,,,,,,,,
,2025-10,,OUT,,,,,,,,
,2025-10,,OUT,,,,,,,,
501,2025-10,DPS,OUT,,TRUE,,,,,,
502,2025-10,Watt4U,OUT,,TRUE,,Watt4U-notoriete,OK,,,
503,2025-10,Plopsa Coo,OUT,,,,,,,,
504,2025-10,Servipools,OUT,,TRUE,,,,,,
505,2025-10,Servipools,OUT,salon lux,TRUE,,,,,,
506,2025-10,DPS,OUT,,TRUE,,,,,,
507,2025-10,Grottes de Han,OUT,,TRUE,,,,,,
508,2025-10,DPS,OUT,,TRUE,,,,,,
509,2025-10,Plopsa Coo,OUT,,,,,,,,
,2025-10,Watt4U,OUT,,TRUE,,,,,,
,2025-10,,OUT,,,,,,,,
,2025-10,Plopsa Coo,OUT,,,,,,,,
527,2025-10,Plopsa Coo,OUT,,,,,,,,
512,2025-10,Plopsa Coo,OUT,,,,,,,,
513,2025-10,Servipools,OUT,salon lux,TRUE,,,,,,
514,2025-10,Delhaize Lux,OUT,,TRUE,,,,,,
515,2025-10,Delhaize Lux,OUT,,TRUE,,,,,,
517,2025-10,Knauf,OUT,,,,,,,,
518,2025-10,Plopsa Coo,OUT,,,,,,,,
,2025-10,,OUT,,,,,,,,
520,2025-10,Plopsa Coo,OUT,,,,,,,,
521,2025-10,Plopsa Coo,OUT,,,,,,,,
525,2025-10,DEMA,OUT,luminaires,TRUE,,,,,,
530,2025-10,Grottes de Han,OUT,,TRUE,,,,,,
,2025-10,,OUT,,,,,,,,
,2025-10,,OUT,,,,,,,,
,2025-10,,OUT,,,,,,,,
,2025-10,,OUT,,,,,,,,
,2025-10,,OUT,,,,,,,,
,2025-10,,OUT,,,,,,,,
,2025-10,,OUT,,,,,,,,
,2025-10,,OUT,,,,,,,,
,2025-10,,OUT,,,,,,,,
,2025-10,,OUT,,,,,,,,
,2025-10,,OUT,,,,,,,,
,2025-10,,OUT,,,,,,,,
,2025-10,,OUT,,,,,,,,
,2025-11,,IN,,,,,,,,
102,2025-11,EASYHOME,IN,,,,Easyhome2024,OK,,,
,2025-11,,IN,,,,,,,,
104,2025-11,Continentis,IN,,TRUE,,Continentis-2024,OK,,,
105,2025-11,Q-outlet,IN,Pieds,TRUE,,Q-outlet-2025_toute-l-annee,OK,Pieds,,
106,2025-11,,IN,,,,,,,,
107,2025-11,Silicon Brain,IN,,TRUE,,Silicon Brain-2025,OK,,,
108,2025-11,EASYHOME,IN,,,,,,,,
109,2025-11,Continentis,IN,,TRUE,,,,,,
110,2025-11,Continentis,IN,,TRUE,,,,,,
111,2025-11,EASYHOME,IN,,,,,,,,
112,2025-11,Silicon Brain,IN,,TRUE,,,,,,
113,2025-11,,IN,,,,,,,,
114,2025-11,Crelan Maxel,IN,,TRUE,,Crelan Maxel-2025,OK,,,
,2025-11,,IN,,,,,,,,
,2025-11,,IN,,,,,,,,
,2025-11,,IN,,,,,,,,
,2025-11,,IN,,,,,,,,
,2025-11,,IN,,,,,,,,
,2025-11,,IN,,,,,,,,
,2025-11,,IN,,,,,,,,
,2025-11,,IN,,,,,,,,
,2025-11,,IN,,,,,,,,
,2025-11,,IN,,,,,,,,
201,2025-11,Hannosset,IN,,TRUE,,Hannosset-2025-80ans,AUTOCOLLANT COMMANDÉ,Autocollant CC 80ans,,
202,2025-11,Silicon Brain,IN,,TRUE,,,,,,
203,2025-11,DG Sport,IN,,TRUE,,DG Sport-2025-sparally,BÂCHE COMMANDÉE,CC,,
204,2025-11,Auto 5 Tihange,IN,,TRUE,,Auto 5 Tihange-afc95f38,OK,,,
205,2025-11,Hannosset,IN,,TRUE,,,,,,
206,2025-11,Auto 5 Tihange,IN,,TRUE,,,,,,
207,2025-11,Auto 5 Tihange,IN,,TRUE,,,,,,
208,2025-11,Auto 5 Tihange,IN,,TRUE,,,,,,
209,2025-11,Continentis,IN,,TRUE,,,,,,
210,2025-11,Servipools,IN,salon Liège,TRUE,,Servipools-2025-habitat,BÂCHE COMMANDÉE,CC,,
211,2025-11,Servipools,IN,salon Liège,TRUE,,,,,,
212,2025-11,,IN,,,,,,,,
213,2025-11,Servipools,IN,salon Liège,TRUE,,,,,,
214,2025-11,Continentis,IN,,TRUE,,,,,,
215,2025-11,Servipools,IN,salon Liège,TRUE,,,,,,
216,2025-11,Hannosset,IN,,TRUE,,,,,,
227,2025-11,Servipools,IN,salon Liège,TRUE,,,,,,
217,2025-11,Servipools,IN,salon Liège,TRUE,,,,,,
218,2025-11,Servipools,IN,salon Liège,TRUE,,,,,,
,2025-11,,IN,,,,,,,,
220,2025-11,EASYHOME,IN,,,,,,,,
221,2025-11,Servipools,IN,salon Liège,TRUE,,,,,,
226,2025-11,Continentis,IN,,TRUE,,,,,,
222,2025-11,DG Sport,IN,,TRUE,,,,,,
224,2025-11,Servipools,IN,salon Liège,TRUE,,,,,,
225,2025-11,DEMA,IN,,TRUE,,DEMA-2023-luminaires,OK,,,
230,2025-11,DEMA,IN,,TRUE,,,,,,
,2025-11,,IN,,,,,,,,
,2025-11,,IN,,,,,,,,
,2025-11,,IN,,,,,,,,
,2025-11,,IN,,,,,,,,
,2025-11,,IN,,,,,,,,
,2025-11,,IN,,,,,,,,
,2025-11,,IN,,,,,,,,
,2025-11,,IN,,,,,,,,
,2025-11,,IN,,,,,,,,
,2025-11,,IN,,,,,,,,
,2025-11,,IN,,,,,,,,
,2025-11,,IN,,,,,,,,
301,2025-11,EASYHOME,IN,,,,,,,,
,2025-11,,IN,,,,,,,,
303,2025-11,Continentis,IN,,TRUE,,,,,,
304,2025-11,Au Stock,IN,,TRUE,,Au Stock-2025-atelier,OK,,,
305,2025-11,Lumarvel,IN,,TRUE,,Lumarvel-2020-notoriété,OK,,,
306,2025-11,Le refuge du Pont,IN,,TRUE,,Le Refuge Du Pont-2025,BÂCHE COMMANDÉE,CC,,
307,2025-11,Au Stock,IN,,TRUE,,,,,,
367,2025-11,Parallèle,IN,,TRUE,,Ciney Expo-eefc0131,OK,idem octobre,,
308,2025-11,Poils & Plumes Ciney,IN,,TRUE,,Poils & Plumes Ciney-Dinant-Rochefort Notoriété,OK,,,
319,2025-11,Continentis,IN,,TRUE,,,,,,
309,2025-11,Condroz Gibier,IN,,TRUE,,Condroz Gibier-Comptoir ouvert,OK,,,
310,2025-11,LMV,IN,,TRUE,,LMV-notoriété-2024,OK,,,
311,2025-11,deBRY,IN,,TRUE,,deBRY-robot-toondeuse-2025,OK,,,
312,2025-11,Poils & Plumes Dinant,IN,,TRUE,,Poils & Plumes Ciney-Dinant-Rochefort Notoriété,OK,,,
313,2025-11,Watt4U,IN,,TRUE,,Watt4U-notoriete,OK,,,
314,2025-11,Condroz Motor,IN,,TRUE,,Condroz Motor-2025-maintenant-dacia-renault,OK,,,
315,2025-11,Poils & Plumes Dinant,IN,,TRUE,,,,,,
316,2025-11,Condroz Motor,IN,,TRUE,,,,,,
317,2025-11,Exam Services,IN,,TRUE,,Exam Services-2025-location,OK,,,
318,2025-11,Continentis,IN,,TRUE,,,,,,
320,2025-11,La Bergerette,IN,,TRUE,,,,,,
321,2025-11,Q-outlet,IN,Pieds,TRUE,,,,,,
322,2025-11,BLOQUÉ,IN,BLOQUÉ,,,,,,,
323,2025-11,EASYHOME,IN,,,,,,,,
324,2025-11,Continentis,IN,,TRUE,,,,,,
325,2025-11,Q-outlet,IN,Pieds,TRUE,,,,,,
326,2025-11,EASYHOME,IN,,,,,,,,
327,2025-11,Continentis,IN,,TRUE,,,,,,
328,2025-11,EASYHOME,IN,,,,,,,,
329,2025-11,DEMA,IN,,TRUE,,,,,,
330,2025-11,Parallèle,IN,,TRUE,,,BÂCHE REÇUE,,,
331,2025-11,Silicon Brain,IN,,TRUE,,,,,,
332,2025-11,EASYHOME,IN,,,,,,,,
333,2025-11,Watt4U,IN,,TRUE,,,,,,
334,2025-11,Q-outlet,IN,Pieds,TRUE,,,,,,
335,2025-11,,IN,,,,,,,,
336,2025-11,La Bergerette,IN,,TRUE,,,,,,
337,2025-11,Tonton tapis,IN,,TRUE,,Tonton tapis-2020-notoriété,OK,,,
338,2025-11,LMoi New,IN,,,,,,,,
339,2025-11,,IN,,,,,,,,
340,2025-11,Parallèle,IN,,TRUE,,,,,,
341,2025-11,Fermalux,IN,,TRUE,,Fermalux-2025-chassis,OK,,,
365,2025-11,DPS,IN,,,,DPS-coca-7-19,OK,,,
342,2025-11,Silicon Brain,IN,,TRUE,,,,,,
343,2025-11,Urbaine,IN,,TRUE,,Urbaine-automne 2024,OK,,,
344,2025-11,Fermalux,IN,,TRUE,,,,,,
363,2025-11,DEMA,IN,,TRUE,,,,,,
345,2025-11,Pessleux,IN,,TRUE,,Pessleux-serres,OK,,,
346,2025-11,,IN,,,,,,,,
359,2025-11,La Bergerette,IN,,TRUE,,,,,,
360,2025-11,BD Media,IN,,TRUE,,,,,,
361,2025-11,,IN,,,,,,,,
,2025-11,,IN,,,,,,,,
347,2025-11,BP Martelange,IN,,TRUE,,BP Martelange-2025-pepsi,OK,,,
348,2025-11,Parallèle,IN,,TRUE,,,,,,
349,2025-11,DEMA,IN,,TRUE,,,,,,
350,2025-11,DEMA,IN,,TRUE,,,,,,
351,2025-11,Parallèle,IN,,TRUE,,,,,,
352,2025-11,Poils & Plumes Rochefort,IN,,TRUE,,Poils & Plumes Ciney-Dinant-Rochefort Notoriété,OK,,,
353,2025-11,Poils & Plumes Rochefort,IN,,TRUE,,,,,,
,2025-11,,IN,,,,,,,,
354,2025-11,EASYHOME,IN,,,,,,,,
355,2025-11,Delhaize falisolle,IN,,TRUE,,delhaize falisolle-2025-fetes,BÂCHE COMMANDÉE,,,
356,2025-11,,IN,,,,,,,,
357,2025-11,Au Stock,IN,,TRUE,,,,,,
,2025-11,,IN,,,,,,,,
,2025-11,,IN,,,,,,,,
,2025-11,,IN,,,,,,,,
,2025-11,,IN,,,,,,,,
,2025-11,,IN,,,,,,,,
401,2025-11,,IN,,,,,,,,
402,2025-11,EASYHOME,IN,,,,,,,,
403,2025-11,Continentis,IN,,TRUE,,,,,,
404,2025-11,EASYHOME,IN,,,,,,,,
405,2025-11,DEMA,IN,,TRUE,,,,,,
406,2025-11,,IN,,,,,,,,
407,2025-11,DEMA,IN,,TRUE,,,,,,
408,2025-11,Continentis,IN,,TRUE,,,,,,
409,2025-11,DEMA,IN,,TRUE,,,,,,
415,2025-11,,IN,,,,,,,,
,2025-11,,IN,,,,,,,,
,2025-11,,IN,,,,,,,,
,2025-11,,IN,,,,,,,,
,2025-11,,IN,,,,,,,,
,2025-11,,IN,,,,,,,,
,2025-11,,IN,,,,,,,,
,2025-11,,IN,,,,,,,,
,2025-11,,IN,,,,,,,,
,2025-11,,IN,,,,,,,,
501,2025-11,LMV,IN,Goffinet,FALSE,,,,,,
502,2025-11,DPS,IN,,,,,,,,
503,2025-11,Continentis,IN,,TRUE,,,,,,
504,2025-11,,IN,,,,,,,,
505,2025-11,DPS,IN,,,,,,,,
506,2025-11,Continentis,IN,,TRUE,,,,,,
507,2025-11,DPS,IN,,,,,,,,
508,2025-11,Continentis,IN,,TRUE,,,,,,
509,2025-11,,IN,,,,,,,,
,2025-11,,IN,,,,,,,,
,2025-11,,IN,,,,,,,,
,2025-11,,IN,,,,,,,,
527,2025-11,,IN,,,,,,,,
512,2025-11,EASYHOME,IN,,,,,,,,
513,2025-11,Knauf,IN,new,,,Knauf-2025-0b2bce7d,BÂCHE COMMANDÉE,CC,,
514,2025-11,DG Sport,IN,,FALSE,,,,,,
515,2025-11,,IN,,,,,,,,
517,2025-11,Delhaize Lux,IN,new,TRUE,,Delhaize Lux-2025-fleche-pommerloch,OK,,,
518,2025-11,LMV,IN,,FALSE,,,,,,
,2025-11,,IN,,,,,,,,
520,2025-11,Delhaize Lux,IN,,TRUE,,,,,,
521,2025-11,Continentis,IN,,TRUE,,,,,,
525,2025-11,deBRY,IN,,TRUE,,,,,,
530,2025-11,DPS,IN,,,,,,,,
,2025-11,,IN,,,,,,,,
,2025-11,,IN,,,,,,,,
,2025-11,,IN,,,,,,,,
,2025-11,,IN,,,,,,,,
,2025-11,,IN,,,,,,,,
,2025-11,,IN,,,,,,,,
,2025-11,,IN,,,,,,,,
,2025-11,,IN,,,,,,,,
,2025-11,,IN,,,,,,,,
,2025-11,,IN,,,,,,,,
,2025-11,,IN,,,,,,,,
,2025-11,,IN,,,,,,,,
,2025-11,,IN,,,,,,,,
,2025-11,,OUT,,,,,,,,
102,2025-11,,OUT,,,,,,,,
,2025-11,,OUT,,,,,,,,
104,2025-11,,OUT,,,,,,,,
105,2025-11,Lara Ceram,OUT,,TRUE,,Lara Ceram-flèche gauche,OK,,,
106,2025-11,,OUT,,,,,,,,
107,2025-11,,OUT,,,,,,,,
108,2025-11,EASYHOME,OUT,,,,,,,,
109,2025-11,,OUT,,,,,,,,
110,2025-11,,OUT,,,,,,,,
111,2025-11,,OUT,,,,,,,,
112,2025-11,,OUT,,,,,,,,
113,2025-11,,OUT,,,,,,,,
114,2025-11,EASYHOME,OUT,,,,,,,,
,2025-11,,OUT,,,,,,,,
,2025-11,,OUT,,,,,,,,
,2025-11,,OUT,,,,,,,,
,2025-11,,OUT,,,,,,,,
,2025-11,,OUT,,,,,,,,
,2025-11,,OUT,,,,,,,,
,2025-11,,OUT,,,,,,,,
,2025-11,,OUT,,,,,,,,
,2025-11,,OUT,,,,,,,,
,2025-11,,OUT,,,,,,,,
201,2025-11,Thomas et Piron,OUT,,TRUE,,Thomas et Piron-2025-ciplet-braives,OK,CC - commandé mercredi soir,,
202,2025-11,,OUT,,,,,,,,
203,2025-11,Auto 5 Tihange,OUT,,TRUE,,,,,,
204,2025-11,Hannosset,OUT,,TRUE,,,,,,
205,2025-11,Silicon Brain,OUT,,TRUE,,,,,,
206,2025-11,Servipools,OUT,salon Liège,TRUE,,,,,,
207,2025-11,,OUT,,,,,,,,
208,2025-11,La Bergerette,OUT,,TRUE,,,,,,
209,2025-11,La Bergerette,OUT,,TRUE,,,,,,
210,2025-11,,OUT,,,,,,,,
211,2025-11,EASYHOME,OUT,,,,,,,,
212,2025-11,,OUT,,,,,,,,
213,2025-11,,OUT,,,,,,,,
214,2025-11,,OUT,,,,,,,,
215,2025-11,Hannosset,OUT,,TRUE,,,,,,
216,2025-11,EASYHOME,OUT,,,,,,,,
227,2025-11,Rugamba,OUT,,TRUE,,Rugamba-2025-79d6ad48,BÂCHE COMMANDÉE,CC,,
217,2025-11,,OUT,,,,,,,,
218,2025-11,,OUT,,,,,,,,
,2025-11,,OUT,,,,,,,,
220,2025-11,,OUT,,,,,,,,
221,2025-11,,OUT,,,,,,,,
226,2025-11,,OUT,,,,,,,,
222,2025-11,Silicon Brain,OUT,,TRUE,,,,,,
224,2025-11,,OUT,,,,,,,,
225,2025-11,Au Stock,OUT,,TRUE,,,,,,
230,2025-11,,OUT,,,,,,,,
,2025-11,,OUT,,,,,,,,
,2025-11,,OUT,,,,,,,,
,2025-11,,OUT,,,,,,,,
,2025-11,,OUT,,,,,,,,
,2025-11,,OUT,,,,,,,,
,2025-11,,OUT,,,,,,,,
,2025-11,,OUT,,,,,,,,
,2025-11,,OUT,,,,,,,,
,2025-11,,OUT,,,,,,,,
,2025-11,,OUT,,,,,,,,
,2025-11,,OUT,,,,,,,,
,2025-11,,OUT,,,,,,,,
301,2025-11,La Bergerette,OUT,,TRUE,,,,,,
,2025-11,,OUT,,,,,,,,
303,2025-11,EASYHOME,OUT,,,,,,,,
304,2025-11,,OUT,,,,,,,,
305,2025-11,EASYHOME,OUT,,,,,,,,
306,2025-11,Le refuge du Pont,OUT,,TRUE,,,,,,
307,2025-11,Poils & Plumes Ciney,OUT,,TRUE,,,,,,
367,2025-11,EASYHOME,OUT,Dinant,,,,,,,
308,2025-11,EASYHOME,OUT,Dinant,,,,,,,
319,2025-11,EASYHOME,OUT,Dinant,,,,,,,
309,2025-11,LMV,OUT,,TRUE,,,,,,
310,2025-11,Deville Assurances,OUT,,TRUE,,Deville Assurances-2025,OK,,,
311,2025-11,Locadepot,OUT,,TRUE,,Locadepot BOX-2025,OK,,,
312,2025-11,Deville Assurances,OUT,,TRUE,,,,,,
313,2025-11,Parallèle,OUT,,TRUE,,,,,,
314,2025-11,Condroz Gibier,OUT,,TRUE,,,,,,
315,2025-11,Locadepot,OUT,,TRUE,,,,,,
316,2025-11,Locadepot,OUT,,TRUE,,,,,,
317,2025-11,Locadepot,OUT,,TRUE,,,,,,
318,2025-11,EASYHOME,OUT,,,,,,,,
320,2025-11,,OUT,,,,,,,,
321,2025-11,,OUT,,,,,,,,
322,2025-11,BLOQUÉ,OUT,BLOQUÉ,,,,,,,
323,2025-11,,OUT,,,,,,,,
324,2025-11,La Bergerette,OUT,,TRUE,,,,,,
325,2025-11,,OUT,,,,,,,,
326,2025-11,,OUT,,,,,,,,
327,2025-11,Q-outlet,OUT,Pieds,TRUE,,,,,,
328,2025-11,La Bergerette,OUT,,TRUE,,,,,,
329,2025-11,EASYHOME,OUT,,,,,,,,
330,2025-11,D ici,OUT,new,TRUE,,D ici-2025-fleches,BÂCHE COMMANDÉE,Attention 2 new visuels avec fleches,,
331,2025-11,D ici,OUT,new,TRUE,,,,,,
332,2025-11,La Bergerette,OUT,,TRUE,,,,,,
333,2025-11,EASYHOME,OUT,,,,,,,,
334,2025-11,BLOQUÉ,OUT,BLOQUÉ,,,,,,,
335,2025-11,BD Media,OUT,,TRUE,,,BÂCHE COMMANDÉE,en attente du client,,
336,2025-11,,OUT,,,,,,,,
337,2025-11,LMoi New,OUT,,,,,,,,
338,2025-11,,OUT,,,,,,,,
339,2025-11,,OUT,,,,,,,,
340,2025-11,La Bergerette,OUT,,TRUE,,,,,,
341,2025-11,,OUT,,,,,,,,
365,2025-11,,OUT,,,,,,,,
342,2025-11,,OUT,,,,,,,,
343,2025-11,Q-outlet,OUT,Pieds,TRUE,,,,,,
344,2025-11,Optic & vous,OUT,,TRUE,,Optic & vous-2024,OK,,,
363,2025-11,DPS,OUT,,,,,,,,
345,2025-11,Exam Services,OUT,,TRUE,,,,,,
346,2025-11,LMoi New,OUT,,,,,,,,
359,2025-11,,OUT,,,,,,,,
360,2025-11,,OUT,,,,,,,,
361,2025-11,,OUT,,,,,,,,
,2025-11,,OUT,,,,,,,,
347,2025-11,EASYHOME,OUT,Marche,,,,,,,
348,2025-11,DPS,OUT,,,,,,,,
349,2025-11,Silicon Brain,OUT,,TRUE,,,,,,
350,2025-11,EASYHOME,OUT,Marche,,,,,,,
351,2025-11,EASYHOME,OUT,Marche,,,,,,,
352,2025-11,LMV,OUT,,TRUE,,,,,,
353,2025-11,EASYHOME,OUT,Marche,,,,,,,
,2025-11,,OUT,,,,,,,,
354,2025-11,,OUT,,,,,,,,
355,2025-11,,OUT,,,,,,,,
356,2025-11,,OUT,,,,,,,,
357,2025-11,EASYHOME,OUT,,,,,,,,
,2025-11,,OUT,,,,,,,,
,2025-11,,OUT,,,,,,,,
,2025-11,,OUT,,,,,,,,
,2025-11,,OUT,,,,,,,,
,2025-11,,OUT,,,,,,,,
401,2025-11,,OUT,,,,,,,,
402,2025-11,,OUT,,,,,,,,
403,2025-11,,OUT,,,,,,,,
404,2025-11,,OUT,,,,,,,,
405,2025-11,,OUT,,,,,,,,
406,2025-11,,OUT,,,,,,,,
407,2025-11,,OUT,,,,,,,,
408,2025-11,,OUT,,,,,,,,
409,2025-11,EASYHOME,OUT,,,,,,,,
415,2025-11,Du Rouge Aux Lèvres,OUT,,,,Du rouge aux lévres-2025-rondpoint,OK,,,
,2025-11,,OUT,,,,,,,,
,2025-11,,OUT,,,,,,,,
,2025-11,,OUT,,,,,,,,
,2025-11,,OUT,,,,,,,,
,2025-11,,OUT,,,,,,,,
,2025-11,,OUT,,,,,,,,
,2025-11,,OUT,,,,,,,,
,2025-11,,OUT,,,,,,,,
,2025-11,,OUT,,,,,,,,
501,2025-11,DPS,OUT,,,,,,,,
502,2025-11,,OUT,,,,,,,,
503,2025-11,,OUT,,,,,,,,
504,2025-11,,OUT,,,,,,,,
505,2025-11,,OUT,,,,,,,,
506,2025-11,DPS,OUT,,,,,,,,
507,2025-11,,OUT,,,,,,,,
508,2025-11,DPS,OUT,,,,,,,,
509,2025-11,,OUT,,,,,,,,
,2025-11,,OUT,,,,,,,,
,2025-11,,OUT,,,,,,,,
,2025-11,,OUT,,,,,,,,
527,2025-11,,OUT,,,,,,,,
512,2025-11,,OUT,,,,,,,,
513,2025-11,,OUT,,,,,,,,
514,2025-11,Delhaize Lux,OUT,,TRUE,,,,,,
515,2025-11,Delhaize Lux,OUT,,TRUE,,,,,,
517,2025-11,Knauf,OUT,new,,,,,,,
518,2025-11,EASYHOME,OUT,,,,,,,,
,2025-11,,OUT,,,,,,,,
520,2025-11,LMV,OUT,,FALSE,,,,,,
521,2025-11,EASYHOME,OUT,,,,,,,,
525,2025-11,DEMA,OUT,,TRUE,,,,,,
530,2025-11,EASYHOME,OUT,,,,,,,,
,2025-11,,OUT,,,,,,,,
,2025-11,,OUT,,,,,,,,
,2025-11,,OUT,,,,,,,,
,2025-11,,OUT,,,,,,,,
,2025-11,,OUT,,,,,,,,
,2025-11,,OUT,,,,,,,,
,2025-11,,OUT,,,,,,,,
,2025-11,,OUT,,,,,,,,
,2025-11,,OUT,,,,,,,,
,2025-11,,OUT,,,,,,,,
,2025-11,,OUT,,,,,,,,
,2025-11,,OUT,,,,,,,,
,2025-11,,OUT,,,,,,,,
,2025-12,,IN,,,,,,,,
102,2025-12,DEMA,IN,Noel,TRUE,,DEMA-noel-2025,BÂCHE COMMANDÉE,,,
,2025-12,,IN,,,,,,,,
104,2025-12,Continentis,IN,,TRUE,,Continentis-2024,OK,,,
105,2025-12,DEMA,IN,Noel,TRUE,,,,,,
106,2025-12,Continentis,IN,,TRUE,,,,,,
107,2025-12,Silicon Brain,IN,,TRUE,,Silicon Brain-2025,OK,,,
108,2025-12,EASYHOME,IN,,TRUE,,Easyhome2024,,,,
109,2025-12,Continentis,IN,,TRUE,,,,,,
110,2025-12,Watt4U,IN,,TRUE,,Watt4U-notoriete,BÂCHE REÇUE,,,
111,2025-12,EASYHOME,IN,,TRUE,,,,,,
112,2025-12,Silicon Brain,IN,,TRUE,,,,,,
113,2025-12,,IN,,,,,,,,
114,2025-12,Crelan Maxel,IN,,TRUE,,Crelan Maxel-2025,OK,,,
,2025-12,,IN,,,,,,,,
,2025-12,,IN,,,,,,,,
,2025-12,,IN,,,,,,,,
,2025-12,,IN,,,,,,,,
,2025-12,,IN,,,,,,,,
,2025-12,,IN,,,,,,,,
,2025-12,,IN,,,,,,,,
,2025-12,,IN,,,,,,,,
,2025-12,,IN,,,,,,,,
,2025-12,,IN,,,,,,,,
201,2025-12,Thomas et Piron,IN,,TRUE,,,OK,,,
202,2025-12,Silicon Brain,IN,,TRUE,,,,,,
203,2025-12,Auto 5 Tihange,IN,,TRUE,,,OK,,,
204,2025-12,Auto 5 Tihange,IN,,TRUE,,,,,,
205,2025-12,Silicon Brain,IN,,TRUE,,,,,,
206,2025-12,Auto 5 Tihange,IN,,TRUE,,,,,,
207,2025-12,Auto 5 Tihange,IN,,TRUE,,,,,,
208,2025-12,Auto 5 Tihange,IN,,TRUE,,,,,,
209,2025-12,,IN,,,,,,,,
210,2025-12,EASYHOME,IN,,TRUE,,,,,,
211,2025-12,Continentis,IN,,TRUE,,,,,,
212,2025-12,,IN,,,,,,,,
213,2025-12,,IN,,,,,,,,
214,2025-12,Continentis,IN,,TRUE,,,,,,
215,2025-12,EASYHOME,IN,,TRUE,,,,,,
216,2025-12,,IN,,,,,,,,
227,2025-12,,IN,,,,,,,,
217,2025-12,,IN,,,,,,,,
218,2025-12,EASYHOME,IN,,TRUE,,,,,,
,2025-12,,IN,,,,,,,,
220,2025-12,PLM,IN,,TRUE,,,,,,
221,2025-12,Silicon Brain,IN,,TRUE,,,,,,
226,2025-12,Continentis,IN,,TRUE,,,,,,
222,2025-12,,IN,,,,,,,,
224,2025-12,,IN,,,,,,,,
225,2025-12,DEMA,IN,Noel,TRUE,,,,,,
230,2025-12,DEMA,IN,Noel,TRUE,,,,,,
,2025-12,,IN,,,,,,,,
,2025-12,,IN,,,,,,,,
,2025-12,,IN,,,,,,,,
,2025-12,,IN,,,,,,,,
,2025-12,,IN,,,,,,,,
,2025-12,,IN,,,,,,,,
,2025-12,,IN,,,,,,,,
,2025-12,,IN,,,,,,,,
,2025-12,,IN,,,,,,,,
,2025-12,,IN,,,,,,,,
,2025-12,,IN,,,,,,,,
,2025-12,,IN,,,,,,,,
301,2025-12,La Bergerette,IN,,TRUE,,,AUTOCOLLANT COMMANDÉ,,,
,2025-12,,IN,,,,,,,,
303,2025-12,Condroz Gibier,IN,,TRUE,,Condroz Gibier-Comptoir ouvert,OK,,,
304,2025-12,Deville Assurances,IN,,TRUE,,Deville Assurances-2025,,,,
305,2025-12,Piragri,IN,,TRUE,,Piragri-2025,,,,
306,2025-12,Le refuge du Pont,IN,,TRUE,,Le Refuge Du Pont-2025,OK,,,
307,2025-12,Watt4U,IN,,TRUE,,Watt4U-notoriete,OK,,,
367,2025-12,deBRY,IN,,TRUE,,,OK,,,
308,2025-12,deBRY,IN,,TRUE,,,,,,
319,2025-12,Poils & Plumes Ciney,IN,,TRUE,,,,,,
309,2025-12,Fintro Ciney,IN,,TRUE,,Fintro Ciney-Noel2024,OK,,,
310,2025-12,Condroz Gibier,IN,,TRUE,,,,,,
311,2025-12,La Bergerette,IN,,TRUE,,,,,,
312,2025-12,Fintro Ciney,IN,,TRUE,,,,,,
313,2025-12,Locadepot,IN,,TRUE,,,OK,,,
314,2025-12,EASYHOME,IN,,TRUE,,,,,,
315,2025-12,Locadepot,IN,,TRUE,,,,,,
316,2025-12,Condroz Motor,IN,,TRUE,,Condroz Motor-2025-maintenant-dacia-renault,OK,,,
317,2025-12,Exam Services,IN,,TRUE,,Exam Services-2025-location,OK,,,
318,2025-12,EASYHOME,IN,,TRUE,,,,,,
320,2025-12,BD Media,IN,,TRUE,,,OK,,,
321,2025-12,Q-outlet,IN,Pieds,TRUE,,Q-outlet-2025_toute-l-annee,,,,
322,2025-12,BLOQUÉ,IN,BLOQUÉ,,,,,,,
323,2025-12,,IN,,,,,,,,
324,2025-12,EASYHOME,IN,,TRUE,,,,,,
325,2025-12,Q-outlet,IN,Pieds,TRUE,,,,,,
326,2025-12,EASYHOME,IN,,TRUE,,,,,,
327,2025-12,Watt4U,IN,,TRUE,,,,,,
328,2025-12,Continentis,IN,,TRUE,,,,,,
329,2025-12,DEMA,IN,Noel,TRUE,,,,,,
330,2025-12,Continentis,IN,,TRUE,,,,,,
331,2025-12,Silicon Brain,IN,,TRUE,,,,,,
332,2025-12,EASYHOME,IN,,TRUE,,,,,,
333,2025-12,La Bergerette,IN,,TRUE,,,,,,
334,2025-12,D ici,IN,Naninne/Wépion/Champion,TRUE,,,BÂCHE COMMANDÉE,,,
335,2025-12,La Bergerette,IN,,TRUE,,,,,,
336,2025-12,Q-outlet,IN,Pieds,TRUE,,,,,,
337,2025-12,Tonton tapis,IN,,TRUE,,,,,,
338,2025-12,,IN,,,,,,,,
339,2025-12,,IN,,,,,,,,
340,2025-12,La Bergerette,IN,,TRUE,,,,,,
341,2025-12,Fermalux,IN,,TRUE,,,,,,
365,2025-12,DPS,IN,Champagne,TRUE,,,OK,,,
342,2025-12,,IN,,,,,,,,
343,2025-12,Silicon Brain,IN,,TRUE,,,,,,
344,2025-12,Locadepot,IN,,TRUE,,,,,,
363,2025-12,DEMA,IN,Noel,TRUE,,,,,,
345,2025-12,Exam Services,IN,,TRUE,,,,,,
346,2025-12,Pessleux,IN,,TRUE,,Pessleux-serres,OK,,,
359,2025-12,Continentis,IN,,TRUE,,,,,,
360,2025-12,DEMA,IN,Noel,TRUE,,,,,,
361,2025-12,BD Media,IN,,TRUE,,,,,,
,2025-12,,IN,,,,,,,,
347,2025-12,BP Martelange,IN,,TRUE,,,OK,,,
348,2025-12,EASYHOME,IN,Marche,TRUE,,,,,,
349,2025-12,DEMA,IN,Noel,TRUE,,,,,,
350,2025-12,DEMA,IN,Noel,TRUE,,,,,,
351,2025-12,EASYHOME,IN,Marche,TRUE,,,,,,
352,2025-12,Watt4U,IN,,TRUE,,,,,,
353,2025-12,EASYHOME,IN,Marche,TRUE,,,,,,
,2025-12,,IN,,,,,,,,
354,2025-12,EASYHOME,IN,,TRUE,,,,,,
355,2025-12,Delhaize falisolle,IN,,TRUE,,delhaize falisolle-2025-fetes,OK,,,
356,2025-12,EASYHOME,IN,,TRUE,,,,,,
357,2025-12,DEMA,IN,Noel,TRUE,,,,,,
,2025-12,,IN,,,,,,,,
,2025-12,,IN,,,,,,,,
,2025-12,,IN,,,,,,,,
,2025-12,,IN,,,,,,,,
,2025-12,,IN,,,,,,,,
401,2025-12,,IN,,,,,,,,
402,2025-12,EASYHOME,IN,,TRUE,,,,,,
403,2025-12,La Bergerette,IN,,TRUE,,,,,,
404,2025-12,Silicon Brain,IN,,TRUE,,,,,,
405,2025-12,DEMA,IN,Noel,TRUE,,,,,,
406,2025-12,La Bergerette,IN,,TRUE,,,,,,
407,2025-12,Continentis,IN,,TRUE,,,,,,
408,2025-12,,IN,,,,,,,,
409,2025-12,Continentis,IN,,TRUE,,,,,,
415,2025-12,EASYHOME,IN,,TRUE,,,,,,
,2025-12,,IN,,TRUE,,,,,,
,2025-12,,IN,,,,,,,,
,2025-12,,IN,,,,,,,,
,2025-12,,IN,,,,,,,,
,2025-12,,IN,,,,,,,,
,2025-12,,IN,,TRUE,,,,,,
,2025-12,,IN,,,,,,,,
,2025-12,,IN,,,,,,,,
,2025-12,,IN,,,,,,,,
501,2025-12,LMV,IN,Goffinet,,,LMV-notoriété-2024,,,,
502,2025-12,DPS,IN,,TRUE,,,,,,
503,2025-12,Continentis,IN,,TRUE,,,,,,
504,2025-12,,IN,,,,,,,,
505,2025-12,DPS,IN,,TRUE,,,,,,
506,2025-12,,IN,,,,,,,,
507,2025-12,DPS,IN,,TRUE,,,,,,
508,2025-12,,IN,,,,,,,,
509,2025-12,Continentis,IN,,TRUE,,,,,,
,2025-12,,IN,,,,,,,,
,2025-12,,IN,,,,,,,,
,2025-12,,IN,,,,,,,,
527,2025-12,Continentis,IN,,TRUE,,,,,,
512,2025-12,,IN,,,,,,,,
513,2025-12,Knauf,IN,,TRUE,,,OK,,,
514,2025-12,,IN,,,,,,,,
515,2025-12,EASYHOME,IN,,TRUE,,,,,,
517,2025-12,Delhaize Lux,IN,,TRUE,,,OK,,,
518,2025-12,Continentis,IN,,TRUE,,,,,,
,2025-12,,IN,,,,,,,,
520,2025-12,Delhaize Lux,IN,,TRUE,,,,,,
521,2025-12,,IN,,,,,,,,
525,2025-12,EASYHOME,IN,,TRUE,,,,,,
530,2025-12,DPS,IN,,TRUE,,,,,,
,2025-12,,IN,,,,,,,,
,2025-12,,IN,,,,,,,,
,2025-12,,IN,,,,,,,,
,2025-12,,IN,,,,,,,,
,2025-12,,IN,,,,,,,,
,2025-12,,IN,,,,,,,,
,2025-12,,IN,,,,,,,,
,2025-12,,IN,,,,,,,,
,2025-12,,IN,,,,,,,,
,2025-12,,IN,,,,,,,,
,2025-12,,IN,,,,,,,,
,2025-12,,IN,,,,,,,,
,2025-12,,IN,,,,,,,,
,2025-12,,OUT,,,,,,,,
102,2025-12,EASYHOME,OUT,,TRUE,,,,,,
,2025-12,,OUT,,,,,,,,
104,2025-12,,OUT,,,,,,,,
105,2025-12,Lara Ceram,OUT,,TRUE,,Lara Ceram-flèche gauche,,,,
106,2025-12,,OUT,,,,,,,,
107,2025-12,,OUT,,,,,,,,
108,2025-12,EASYHOME,OUT,,TRUE,,,,,,
109,2025-12,,OUT,,,,,,,,
110,2025-12,,OUT,,,,,,,,
111,2025-12,,OUT,,,,,,,,
112,2025-12,,OUT,,,,,,,,
113,2025-12,,OUT,,,,,,,,
114,2025-12,EASYHOME,OUT,,TRUE,,,,,,
,2025-12,,OUT,,,,,,,,
,2025-12,,OUT,,,,,,,,
,2025-12,,OUT,,,,,,,,
,2025-12,,OUT,,,,,,,,
,2025-12,,OUT,,,,,,,,
,2025-12,,OUT,,,,,,,,
,2025-12,,OUT,,,,,,,,
,2025-12,,OUT,,,,,,,,
,2025-12,,OUT,,,,,,,,
,2025-12,,OUT,,,,,,,,
201,2025-12,,OUT,,,,,,,,
202,2025-12,Continentis,OUT,,TRUE,,,,,,
203,2025-12,PML,OUT,,TRUE,,,,,,
204,2025-12,,OUT,,,,,,,,
205,2025-12,Auto 5 Tihange,OUT,????,TRUE,,,,,,
206,2025-12,La Bergerette,OUT,,TRUE,,,,,,
207,2025-12,La Bergerette,OUT,,TRUE,,,,,,
208,2025-12,,OUT,,,,,,,,
209,2025-12,Continentis,OUT,,TRUE,,,,,,
210,2025-12,,OUT,,,,,,,,
211,2025-12,,OUT,,,,,,,,
212,2025-12,,OUT,,,,,,,,
213,2025-12,,OUT,,,,,,,,
214,2025-12,,OUT,,,,,,,,
215,2025-12,,OUT,,,,,,,,
216,2025-12,,OUT,,,,,,,,
227,2025-12,,OUT,,,,,,,,
217,2025-12,,OUT,,,,,,,,
218,2025-12,,OUT,,,,,,,,
,2025-12,,OUT,,,,,,,,
220,2025-12,,OUT,,,,,,,,
221,2025-12,,OUT,,,,,,,,
226,2025-12,,OUT,,,,,,,,
222,2025-12,PLM,OUT,,,,,,,,
224,2025-12,,OUT,,,,,,,,
225,2025-12,Au Stock,OUT,,TRUE,,,,,,
230,2025-12,,OUT,,,,,,,,
,2025-12,,OUT,,,,,,,,
,2025-12,,OUT,,,,,,,,
,2025-12,,OUT,,,,,,,,
,2025-12,,OUT,,,,,,,,
,2025-12,,OUT,,,,,,,,
,2025-12,,OUT,,,,,,,,
,2025-12,,OUT,,,,,,,,
,2025-12,,OUT,,,,,,,,
,2025-12,,OUT,,,,,,,,
,2025-12,,OUT,,,,,,,,
,2025-12,,OUT,,,,,,,,
,2025-12,,OUT,,,,,,,,
301,2025-12,Continentis,OUT,,TRUE,,,,,,
,2025-12,,OUT,,,,,,,,
303,2025-12,EASYHOME,OUT,,TRUE,,,,,,
304,2025-12,Au Stock,OUT,,TRUE,,Au Stock-2025-atelier,,,,
305,2025-12,EASYHOME,OUT,,TRUE,,,,,,
306,2025-12,Le refuge du Pont,OUT,,TRUE,,,,,,
307,2025-12,Au Stock,OUT,,TRUE,,,,,,
367,2025-12,Au stock gratuit,OUT,Gratuit,TRUE,,,,,,
308,2025-12,EASYHOME,OUT,,TRUE,,,,,,
319,2025-12,Deville Assurances,OUT,,TRUE,,,,,,
309,2025-12,EASYHOME,OUT,,TRUE,,,,,,
310,2025-12,La Bergerette,OUT,,TRUE,,,,,,
311,2025-12,Locadepot,OUT,,TRUE,,,,,,
312,2025-12,Condroz Motor,OUT,,TRUE,,,,,,
313,2025-12,Piragri,OUT,,TRUE,,,,,,
314,2025-12,,OUT,,,,,,,,
315,2025-12,Poils & Plumes Dinant,OUT,,TRUE,,,,,,
316,2025-12,Locadepot,OUT,,TRUE,,,,,,
317,2025-12,Locadepot,OUT,,TRUE,,,,,,
318,2025-12,Fermalux gratuit,OUT,,TRUE,,,,,,
320,2025-12,,OUT,,,,,,,,
321,2025-12,,OUT,,,,,,,,
322,2025-12,BLOQUÉ,OUT,BLOQUÉ,,,,,,,
323,2025-12,,OUT,,,,,,,,
324,2025-12,,OUT,,,,,,,,
325,2025-12,DEMA,OUT,Noel,TRUE,,,,,,
326,2025-12,,OUT,,,,,,,,
327,2025-12,Q-outlet,OUT,Pieds,TRUE,,,,,,
328,2025-12,Quadrus gratuit,OUT,Gratuit,TRUE,,,,,,
329,2025-12,,OUT,,,,,,,,
330,2025-12,EASYHOME,OUT,,TRUE,,,,,,
331,2025-12,DEMA,OUT,Noel,TRUE,,,,,,
332,2025-12,EASYHOME,OUT,,TRUE,,,,,,
333,2025-12,DEMA,OUT,Noel,TRUE,,,,,,
334,2025-12,BLOQUÉ,OUT,BLOQUÉ,,,,,,,
335,2025-12,,OUT,,,,,,,,
336,2025-12,,OUT,,,,,,,,
337,2025-12,,OUT,,,,,,,,
338,2025-12,,OUT,,,,,,,,
339,2025-12,,OUT,,,,,,,,
340,2025-12,Optique et vous gratuit,OUT,,TRUE,,,,,,
341,2025-12,Continentis,OUT,,TRUE,,,,,,
365,2025-12,Locadepot,OUT,,TRUE,,,,,,
342,2025-12,DPS,OUT,Champagne,,,,,,,
343,2025-12,D ici,OUT,Naninne,TRUE,,,,,,
344,2025-12,Continentis,OUT,,TRUE,,,,,,
363,2025-12,Gratuit Fermalux,OUT,,TRUE,,,,,,
345,2025-12,Locadepot,OUT,,TRUE,,,,,,
346,2025-12,,OUT,,,,,,,,
359,2025-12,,OUT,,,,,,,,
360,2025-12,,OUT,,,,,,,,
361,2025-12,,OUT,,,,,,,,
,2025-12,,OUT,,,,,,,,
347,2025-12,Piragri,OUT,,TRUE,,,,,,
348,2025-12,DPS,OUT,Champagne,TRUE,,,,,,
349,2025-12,EASYHOME,OUT,Marche,TRUE,,,,,,
350,2025-12,,OUT,,,,,,,,
351,2025-12,,OUT,,,,,,,,
352,2025-12,Poils & Plumes Rochefort,OUT,,TRUE,,,,,,
353,2025-12,Poils plumes free,OUT,,TRUE,,,,,,
,2025-12,,OUT,,,,,,,,
354,2025-12,,OUT,,,,,,,,
355,2025-12,,OUT,,,,,,,,
356,2025-12,,OUT,,,,,,,,
357,2025-12,Au Stock,OUT,,TRUE,,,,,,
,2025-12,,OUT,,,,,,,,
,2025-12,,OUT,,,,,,,,
,2025-12,,OUT,,,,,,,,
,2025-12,,OUT,,,,,,,,
,2025-12,,OUT,,,,,,,,
401,2025-12,,OUT,,,,,,,,
402,2025-12,,OUT,,,,,,,,
403,2025-12,EASYHOME,OUT,,TRUE,,,,,,
404,2025-12,EASYHOME,OUT,,TRUE,,,,,,
405,2025-12,EASYHOME,OUT,,TRUE,,,,,,
406,2025-12,,OUT,,,,,,,,
407,2025-12,,OUT,,,,,,,,
408,2025-12,,OUT,,,,,,,,
409,2025-12,,OUT,,,,,,,,
415,2025-12,Du Rouge Aux Lèvres,OUT,,TRUE,,Du rouge aux lévres-2025-rondpoint,OK,,,
,2025-12,,OUT,,,,,,,,
,2025-12,,OUT,,,,,,,,
,2025-12,,OUT,,,,,,,,
,2025-12,,OUT,,,,,,,,
,2025-12,,OUT,,,,,,,,
,2025-12,,OUT,,,,,,,,
,2025-12,,OUT,,,,,,,,
,2025-12,,OUT,,,,,,,,
,2025-12,,OUT,,,,,,,,
501,2025-12,DPS,OUT,,TRUE,,,,,,
502,2025-12,,OUT,,,,,,,,
503,2025-12,,OUT,,,,,,,,
504,2025-12,,OUT,,,,,,,,
505,2025-12,,OUT,,,,,,,,
506,2025-12,DPS,OUT,,,,,,,,
507,2025-12,,OUT,,,,,,,,
508,2025-12,DPS,OUT,,,,,,,,
509,2025-12,,OUT,,,,,,,,
,2025-12,,OUT,,,,,,,,
,2025-12,,OUT,,,,,,,,
,2025-12,,OUT,,,,,,,,
527,2025-12,EASYHOME,OUT,,TRUE,,,,,,
512,2025-12,,OUT,,,,,,,,
513,2025-12,,OUT,,,,,,,,
514,2025-12,Delhaize Lux,OUT,,TRUE,,,,,,
515,2025-12,Delhaize Lux,OUT,,TRUE,,,,,,
517,2025-12,knauf,OUT,,TRUE,,,,,,
518,2025-12,,OUT,,,,,,,,
,2025-12,,OUT,,,,,,,,
520,2025-12,LMV,OUT,,TRUE,,,,,,
521,2025-12,,OUT,,,,,,,,
525,2025-12,DEMA,OUT,Noel,TRUE,,,,,,
530,2025-12,EASYHOME,OUT,,TRUE,,,,,,
,2025-12,,OUT,,,,,,,,
,2025-12,,OUT,,,,,,,,
,2025-12,,OUT,,,,,,,,
,2025-12,,OUT,,,,,,,,
,2025-12,,OUT,,,,,,,,
,2025-12,,OUT,,,,,,,,
,2025-12,,OUT,,,,,,,,
,2025-12,,OUT,,,,,,,,
,2025-12,,OUT,,,,,,,,
,2025-12,,OUT,,,,,,,,
,2025-12,,OUT,,,,,,,,
,2025-12,,OUT,,,,,,,,
,2025-12,,OUT,,,,,,,,
,2026-01,,IN,,,,,,,,
102,2026-01,DEMA,IN,Soldes,TRUE,,DEMA-soldes-2023,BÂCHE REÇUE,,,
,2026-01,,IN,,TRUE,,,,,,
104,2026-01,Continentis,IN,,TRUE,,,,,,
105,2026-01,DEMA,IN,Soldes,TRUE,,,,,,
106,2026-01,EASYHOME,IN,,,,Q-outlet-2025_toute-l-annee,,pied,,
107,2026-01,Henin,IN,Soldes,,,Henin-2025-soldes,BÂCHE COMMANDÉE,,,
108,2026-01,Continentis,IN,,,,,,,,
109,2026-01,Continentis,IN,,,,,,,,
110,2026-01,Q-outlet,IN,Pied,,,,,,,
111,2026-01,Henin,IN,Pied,,,,,,,
112,2026-01,Henin,IN,Pied,,,,,,,
113,2026-01,Henin,IN,Soldes,,,,,,,
114,2026-01,Crelan Maxel,IN,,,,Crelan Maxel-2025,,,,
,2026-01,,IN,,,,,,,,
,2026-01,,IN,,,,,,,,
,2026-01,,IN,,,,,,,,
,2026-01,,IN,,,,,,,,
,2026-01,,IN,,,,,,,,
,2026-01,,IN,,,,,,,,
,2026-01,,IN,,,,,,,,
,2026-01,,IN,,,,,,,,
,2026-01,,IN,,,,,,,,
,2026-01,,IN,,,,,,,,
201,2026-01,EASYHOME,IN,,,,,,,,
202,2026-01,Henin,IN,Soldes,,,,,,,
203,2026-01,,IN,,,,,,,,
204,2026-01,Henin,IN,Soldes,,,,,,,
205,2026-01,,IN,,,,,,,,
206,2026-01,,IN,,,,,,,,
207,2026-01,Continentis,IN,,,,,,,,
208,2026-01,,IN,,,,,,,,
209,2026-01,La Bergerette,IN,autocollant,,,,,,,
210,2026-01,Continentis,IN,,,,,,,,
211,2026-01,,IN,,,,,,,,
212,2026-01,,IN,,,,,,,,
213,2026-01,EASYHOME,IN,,,,,,,,
214,2026-01,Continentis,IN,,,,,,,,
215,2026-01,,IN,,,,,,,,
216,2026-01,Rugamba,IN,,,,Rugamba-2026-jan,,,,
227,2026-01,Immo Cube,IN,,,,Immo Cube-2025,BÂCHE REÇUE,,,
217,2026-01,EASYHOME,IN,,,,,,,,
218,2026-01,Continentis,IN,,,,,,,,
,2026-01,,IN,,,,,,,,
220,2026-01,,IN,,,,,,,,
221,2026-01,,IN,,,,,,,,
226,2026-01,,IN,,,,,,,,
222,2026-01,Henin,IN,Soldes,,,,,,,
224,2026-01,,IN,,,,,,,,
230,2026-01,,IN,,,,Impermo-225-Marche20,,Attention 4 differents,,
223,2026-01,,IN,,,,,,,,
225,2026-01,Impermo,IN,225,,,,,,,
231,2026-01,,IN,,,,,,,,
,2026-01,,IN,,,,,,,,
,2026-01,,IN,,,,,,,,
,2026-01,,IN,,,,,,,,
,2026-01,,IN,,,,,,,,
,2026-01,,IN,,,,,,,,
,2026-01,,IN,,,,,,,,
,2026-01,,IN,,,,,,,,
,2026-01,,IN,,,,,,,,
,2026-01,,IN,,,,,,,,
,2026-01,,IN,,,,,,,,
301,2026-01,Hanse Meubles,IN,Soldes,,,Hanse Meubles-2025-Remise50,,,,
,2026-01,,IN,,,,,,,,
303,2026-01,ESPA,IN,new,,,,,,,
304,2026-01,ESPA,IN,new,,,,,,,
305,2026-01,Piragri,IN,,,,Piragri-2025,,,,
306,2026-01,Poils & Plumes Rochefort,IN,Soldes,,,,,,,
307,2026-01,Piragri,IN,,,,,,,,
367,2026-01,deBRY,IN,,,,,,,,
308,2026-01,Chaussures Ballaux,IN,NEW,,,Chaussures Ballaux25-Soldes,,,,
319,2026-01,deBRY,IN,,,,,,,,
309,2026-01,Piragri,IN,,,,,,,,
310,2026-01,Piragri,IN,,,,,,,,
311,2026-01,,IN,batimoi,,,,,,,
312,2026-01,Condroz Motor,IN,,,,Condroz Motor-2025-maintenant-dacia-renault,,,,
313,2026-01,Piragri,IN,,,,,,,,
314,2026-01,Batimoi,IN,,,,Batimoi-2025,BÂCHE COMMANDÉE,,,
315,2026-01,Poils & Plumes Ciney,IN,Soldes,,,PoilsPlumesCDR-Soldes,BÂCHE COMMANDÉE,,,
316,2026-01,Poils & Plumes Ciney,IN,Soldes,,,,,,,
317,2026-01,Hanse Meubles,IN,Soldes,,,,,,,
318,2026-01,Continentis,IN,,,,,,,,
320,2026-01,Henin,IN,Soldes,,,,,,,
321,2026-01,Q-outlet,IN,Pied,,,,,,,
,2026-01,,IN,,,,,,,,
323,2026-01,Continentis,IN,,,,,,,,
324,2026-01,,IN,,,,,,,,
325,2026-01,Impermo 325,IN,Bâche manquante,,,,,,,
326,2026-01,EASYHOME,IN,,,,,,,,
327,2026-01,Henin,IN,Soldes,,,,,,,
328,2026-01,Hanse Meubles,IN,Soldes,,,,,,,
329,2026-01,DEMA,IN,Soldes,,,,,,,
330,2026-01,Continentis,IN,,,,,,,,
331,2026-01,DEMA,IN,Soldes,,,,,,,
332,2026-01,La Bergerette,IN,,,,,,,,
333,2026-01,Watt4U,IN,,,,Watt4U-notoriete,BÂCHE COMMANDÉE,,,
334,2026-01,Henin,IN,Soldes,,,,,,,
335,2026-01,DEMA,IN,Soldes,,,,,,,
336,2026-01,La Bergerette,IN,,,,,,,,
337,2026-01,EASYHOME,IN,,,,,,,,
338,2026-01,Continentis,IN,,,,,,,,
339,2026-01,Henin,IN,Soldes,,,,,,,
340,2026-01,DPS,IN,coca,,,,,,,
341,2026-01,DPS,IN,coca,,,,,,,
365,2026-01,La Bergerette,IN,,,,,,,,
342,2026-01,Batimoi,IN,,,,,,,,
343,2026-01,Tonton tapis,IN,,,,TontonTapis-Soldes,,,,
344,2026-01,Q-outlet,IN,Pied,,,,,,,
363,2026-01,Batimoi,IN,,,,,,,,
345,2026-01,,IN,,TRUE,,,,,,
346,2026-01,Henin,IN,Soldes,,,,,,,
359,2026-01,,IN,,,,,,,,
360,2026-01,,IN,,,,,,,,
361,2026-01,,IN,,,,,,,,
,2026-01,,IN,,,,,,,,
347,2026-01,BP Martelange,IN,,,,BP Martelange-2025-pepsi,,,,
348,2026-01,,IN,batimoi,,,,,,,
349,2026-01,DPS,IN,coca,,,,,,,
350,2026-01,,IN,batimoi,,,,,,,
351,2026-01,DEMA,IN,soldes,,,,,,,
352,2026-01,,IN,batimoi,,,,,,,
353,2026-01,Impermo,IN,353,,,,,,,
,2026-01,,IN,,,,,,,,
354,2026-01,Henin,IN,Soldes,,,,,,,
355,2026-01,Watt4U,IN,,,,,,,,
356,2026-01,,IN,,,,,,,,
357,2026-01,DEMA,IN,soldes,,,,,,,
,2026-01,,IN,,,,,,,,
,2026-01,,IN,,,,,,,,
,2026-01,,IN,,,,,,,,
,2026-01,,IN,,,,,,,,
,2026-01,,IN,,,,,,,,
401,2026-01,Q-outlet,IN,Pied,,,,,,,
402,2026-01,Continentis,IN,,,,,,,,
403,2026-01,Hanse Meubles,IN,Soldes,,,,,,,
404,2026-01,Henin,IN,Soldes,,,,,,,
405,2026-01,DEMA,IN,soldes,,,,,,,
406,2026-01,,IN,,,,,,,,
407,2026-01,Continentis,IN,,,,,,,,
408,2026-01,,IN,,,,,,,,
409,2026-01,Continentis,IN,,,,,,,,
415,2026-01,EASYHOME,IN,,,,,,,,
,2026-01,,IN,,,,,,,,
,2026-01,,IN,,,,,,,,
,2026-01,,IN,,,,,,,,
,2026-01,,IN,,,,,,,,
,2026-01,,IN,,,,,,,,
,2026-01,,IN,,,,,,,,
,2026-01,,IN,,,,,,,,
,2026-01,,IN,,,,,,,,
,2026-01,,IN,,,,,,,,
501,2026-01,,IN,,,,,,,,
502,2026-01,DPS,IN,,,,,,,,
,2026-01,Continentis,IN,,,,,,,,
,2026-01,,IN,,,,,,,,
505,2026-01,DPS,IN,,,,,,,,
506,2026-01,Continentis,IN,,,,,,,,
507,2026-01,DPS,IN,,,,,,,,
508,2026-01,,IN,,,,,,,,
509,2026-01,EASYHOME,IN,,,,,,,,
510,2026-01,DPS,IN,,,,,,,,
,2026-01,,IN,,,,,,,,
,2026-01,,IN,,,,,,,,
527,2026-01,Continentis,IN,,,,,,,,
512,2026-01,DPS,IN,,,,,,,,
513,2026-01,,IN,,,,,,,,
514,2026-01,,IN,,,,,,,,
515,2026-01,EASYHOME,IN,,,,,,,,
517,2026-01,Delhaize Lux,IN,,,,,,,,
518,2026-01,,IN,,,,,,,,
,2026-01,,IN,,,,,,,,
520,2026-01,Delhaize Lux,IN,,,,,,,,
521,2026-01,,IN,batimoi,,,,,,,
525,2026-01,Debry,IN,batimoi,,,,,,,
530,2026-01,DPS,IN,,,,,,,,
,2026-01,,IN,,TRUE,,,,,,
,2026-01,,IN,,TRUE,,,,,,
,2026-01,,IN,,,,,,,,
,2026-01,,IN,,,,,,,,
,2026-01,,IN,,,,,,,,
,2026-01,,IN,,,,,,,,
,2026-01,,IN,,,,,,,,
,2026-01,,IN,,,,,,,,
,2026-01,,IN,,,,,,,,
,2026-01,,IN,,,,,,,,
,2026-01,,IN,,,,,,,,
,2026-01,,IN,,,,,,,,
,2026-01,,IN,,,,,,,,
,2026-01,,OUT,,,,,,,,
102,2026-01,Usico,OUT,Decorex,,,Usico-Soldes,,,,
,2026-01,,OUT,,,,,,,,
104,2026-01,EASYHOME,OUT,,,,,,,,
105,2026-01,,OUT,,,,,,,,
106,2026-01,,OUT,,,,,,,,
107,2026-01,,OUT,,,,,,,,
108,2026-01,EASYHOME,OUT,,,,,,,,
109,2026-01,,OUT,,,,,,,,
110,2026-01,,OUT,,,,,,,,
111,2026-01,,OUT,,,,,,,,
112,2026-01,EASYHOME,OUT,,,,,,,,
113,2026-01,,OUT,,,,,,,,
114,2026-01,EASYHOME,OUT,,,,,,,,
,2026-01,,OUT,,,,,,,,
,2026-01,,OUT,,,,,,,,
,2026-01,,OUT,,,,,,,,
,2026-01,,OUT,,,,,,,,
,2026-01,,OUT,,,,,,,,
,2026-01,,OUT,,,,,,,,
,2026-01,,OUT,,,,,,,,
,2026-01,,OUT,,,,,,,,
,2026-01,,OUT,,,,,,,,
,2026-01,,OUT,,,,,,,,
201,2026-01,,OUT,,,,,,,,
202,2026-01,Continentis,OUT,,,,,,,,
203,2026-01,PLM,OUT,,,,,,,,
204,2026-01,La Bergerette,OUT,autocollant,,,,,,,
205,2026-01,,OUT,,,,,,,,
206,2026-01,,OUT,,,,,,,,
207,2026-01,La Bergerette,OUT,autocollant,,,,,,,
208,2026-01,,OUT,,,,,,,,
209,2026-01,,OUT,,,,,,,,
210,2026-01,Batimoi,OUT,new,,,,,,,
211,2026-01,,OUT,,,,,,,,
212,2026-01,,OUT,,,,,,,,
213,2026-01,,OUT,,,,,,,,
214,2026-01,,OUT,,,,,,,,
215,2026-01,,OUT,,,,,,,,
216,2026-01,Immo Cube,OUT,,,,,,,,
227,2026-01,Henin,OUT,Soldes,,,,,,,
217,2026-01,,OUT,,,,,,,,
218,2026-01,,OUT,,,,,,,,
,2026-01,,OUT,,,,,,,,
220,2026-01,,OUT,,,,,,,,
221,2026-01,,OUT,,,,,,,,
226,2026-01,,OUT,,,,,,,,
222,2026-01,PLM,OUT,,,,,,,,
224,2026-01,,OUT,,,,,,,,
230,2026-01,,OUT,,,,,,,,
223,2026-01,,OUT,,,,,,,,
225,2026-01,Henin,OUT,Soldes,,,,,,,
231,2026-01,,OUT,,,,,,,,
,2026-01,,OUT,,,,,,,,
,2026-01,,OUT,,,,,,,,
,2026-01,,OUT,,,,,,,,
,2026-01,,OUT,,,,,,,,
,2026-01,,OUT,,,,,,,,
,2026-01,,OUT,,,,,,,,
,2026-01,,OUT,,,,,,,,
,2026-01,,OUT,,,,,,,,
,2026-01,,OUT,,,,,,,,
,2026-01,,OUT,,,,,,,,
301,2026-01,Tonton tapis,OUT,,,,,,,,
,2026-01,,OUT,,,,,,,,
303,2026-01,La Bergerette,OUT,sponsors,,,,,,,
304,2026-01,EASYHOME,OUT,,,,,,,,
305,2026-01,ESPA,OUT,new,,,,,,,
306,2026-01,Piragri,OUT,,TRUE,,,,,,
307,2026-01,Poils & Plumes Ciney,OUT,Soldes,TRUE,,,,,,
367,2026-01,Locadepot,OUT,,TRUE,,,,,,
308,2026-01,Poils & Plumes Rochefort,OUT,Soldes,TRUE,,,,,,
319,2026-01,Poils & Plumes Ciney,OUT,Soldes,,,,,,,
309,2026-01,La Bergerette,OUT,,,,,,,,
310,2026-01,Poils & Plumes Ciney,OUT,Soldes,,,,,,,
311,2026-01,EASYHOME,OUT,,,,,,,,
312,2026-01,Poils & Plumes Ciney,OUT,Soldes,,,,,,,
313,2026-01,Locadepot,OUT,,,,,,,,
314,2026-01,EASYHOME,OUT,,,,,,,,
315,2026-01,Locadepot,OUT,,,,,,,,
316,2026-01,Condroz Motor,OUT,,,,,,,,
317,2026-01,,OUT,,,,,,,,
318,2026-01,La Bergerette,OUT,,,,,,,,
320,2026-01,,OUT,,,,,,,,
321,2026-01,,OUT,,,,,,,,
,2026-01,,OUT,,,,,,,,
323,2026-01,EASYHOME,OUT,,,,,,,,
324,2026-01,,OUT,,,,,,,,
325,2026-01,DEMA,OUT,Soldes,,,,,,,
326,2026-01,,OUT,,,,,,,,
327,2026-01,,OUT,,,,,,,,
328,2026-01,,OUT,,,,,,,,
329,2026-01,Q-outlet,OUT,Pied,,,,,,,
330,2026-01,DEMA,OUT,Soldes,,,,,,,
331,2026-01,Tonton tapis,OUT,,,,,,,,
332,2026-01,EASYHOME,OUT,,,,,,,,
333,2026-01,DEMA,OUT,Soldes,,,,,,,
334,2026-01,,OUT,,,,,,,,
335,2026-01,,OUT,,,,,,,,
336,2026-01,EASYHOME,OUT,,,,,,,,
337,2026-01,EASYHOME,OUT,,,,,,,,
338,2026-01,,OUT,,,,,,,,
339,2026-01,,OUT,,,,,,,,
340,2026-01,La Bergerette,OUT,,,,,,,,
341,2026-01,Locadepot,OUT,,,,,,,,
365,2026-01,,OUT,,,,,,,,
342,2026-01,EASYHOME,OUT,,,,,,,,
343,2026-01,Hanse Meubles,OUT,Soldes,,,,,,,
344,2026-01,Usico,OUT,,,,,,,,
363,2026-01,EASYHOME,OUT,,,,,,,,
345,2026-01,,OUT,,,,,,,,
346,2026-01,,OUT,,,,,,,,
359,2026-01,,OUT,,,,,,,,
360,2026-01,,OUT,,,,,,,,
361,2026-01,,OUT,,,,,,,,
,2026-01,,OUT,,,,,,,,
347,2026-01,,OUT,batimoi,,,,,,,
348,2026-01,Chaussures Ballaux,OUT,NEW,,,,,,,
349,2026-01,DEMA,OUT,Soldes,,,,,,,
350,2026-01,DEMA,OUT,Soldes,,,,,,,
351,2026-01,Impermo,OUT,351,,,,,,,
352,2026-01,Poils & Plumes Rochefort,OUT,Soldes,,,,,,,
353,2026-01,,OUT,batimoi,,,,,,,
,2026-01,,OUT,,,,,,,,
354,2026-01,,OUT,,,,,,,,
355,2026-01,EASYHOME,OUT,,,,,,,,
356,2026-01,,OUT,,,,,,,,
357,2026-01,EASYHOME,OUT,,,,,,,,
,2026-01,,OUT,,,,,,,,
,2026-01,,OUT,,,,,,,,
,2026-01,,OUT,,,,,,,,
,2026-01,,OUT,,,,,,,,
,2026-01,,OUT,,,,,,,,
401,2026-01,EASYHOME,OUT,,,,,,,,
402,2026-01,,OUT,,,,,,,,
403,2026-01,Henin,OUT,Soldes,,,,,,,
404,2026-01,,OUT,,,,,,,,
405,2026-01,,OUT,,,,,,,,
406,2026-01,,OUT,,,,,,,,
407,2026-01,,OUT,,,,,,,,
408,2026-01,,OUT,,,,,,,,
409,2026-01,,OUT,,,,,,,,
415,2026-01,Du Rouge Aux Lèvres,OUT,,,,Du rouge aux lévres-2025-rondpoint,,,,
,2026-01,,OUT,,,,,,,,
,2026-01,,OUT,,,,,,,,
,2026-01,,OUT,,,,,,,,
,2026-01,,OUT,,,,,,,,
,2026-01,,OUT,,,,,,,,
,2026-01,,OUT,,,,,,,,
,2026-01,,OUT,,,,,,,,
,2026-01,,OUT,,,,,,,,
,2026-01,,OUT,,,,,,,,
501,2026-01,DPS,OUT,,,,,,,,
502,2026-01,,OUT,,,,,,,,
,2026-01,,OUT,,,,,,,,
,2026-01,,OUT,,,,,,,,
505,2026-01,,OUT,,,,,,,,
506,2026-01,DPS,OUT,,,,,,,,
507,2026-01,,OUT,batimoi,,,,,,,
508,2026-01,DPS,OUT,,,,,,,,
509,2026-01,,OUT,,,,,,,,
510,2026-01,Impermo,OUT,510,,,,,,,
,2026-01,,OUT,,,,,,,,
,2026-01,,OUT,,,,,,,,
527,2026-01,EASYHOME,OUT,,,,,,,,
512,2026-01,,OUT,batimoi,,,,,,,
513,2026-01,,OUT,,,,,,,,
514,2026-01,Delhaize Lux,OUT,,,,,,,,
515,2026-01,Delhaize Lux,OUT,,,,,,,,
517,2026-01,Knauf,OUT,,,,,,,,
518,2026-01,,OUT,,,,,,,,
,2026-01,,OUT,,,,,,,,
520,2026-01,,OUT,,,,,,,,
521,2026-01,,OUT,,,,,,,,
525,2026-01,DEMA,OUT,soldes,,,,,,,
530,2026-01,EASYHOME,OUT,,,,,,,,
,2026-01,,OUT,,,,,,,,
,2026-01,,OUT,,,,,,,,
,2026-01,,OUT,,,,,,,,
,2026-01,,OUT,,,,,,,,
,2026-01,,OUT,,,,,,,,
,2026-01,,OUT,,,,,,,,
,2026-01,,OUT,,,,,,,,
,2026-01,,OUT,,,,,,,,
,2026-01,,OUT,,,,,,,,
,2026-01,,OUT,,,,,,,,
,2026-01,,OUT,,,,,,,,
,2026-01,,OUT,,,,,,,,
,2026-01,,OUT,,,,,,,,
,2026-02,,IN,,,,,,,,
102,2026-02,Promo sport,IN,,TRUE,,,,,,
,2026-02,,IN,,,,,,,,
104,2026-02,Byha,IN,,TRUE,,Byha-2026,BÂCHE COMMANDÉE,new CC,,
105,2026-02,Promo sport,IN,,TRUE,,,,,,
106,2026-02,Déco Jardin,IN,,TRUE,,Déco Jardin-2026,BÂCHE COMMANDÉE,2 new / 6 autocollant,,
107,2026-02,Promo sport,IN,,TRUE,,,,,,
108,2026-02,EASYHOME,IN,,TRUE,,Easyhome2024,,,,
109,2026-02,Continentis,IN,,,,Continentis-2024,,,,
110,2026-02,,IN,,,,,,,,
111,2026-02,EASYHOME,IN,,TRUE,,,,,,
112,2026-02,Déco Jardin,IN,,TRUE,,,,,,
113,2026-02,Déco Jardin,IN,,TRUE,,,,,,
114,2026-02,,IN,,,,,,,,
,2026-02,,IN,,,,,,,,
,2026-02,,IN,,,,,,,,
,2026-02,,IN,,,,,,,,
,2026-02,,IN,,,,,,,,
,2026-02,,IN,,,,,,,,
,2026-02,,IN,,,,,,,,
,2026-02,,IN,,,,,,,,
,2026-02,,IN,,,,,,,,
,2026-02,,IN,,,,,,,,
,2026-02,,IN,,,,,,,,
201,2026-02,Chassis Lemmens,IN,,TRUE,,Chassis Lemmens-2024,,,,
202,2026-02,EASYHOME,IN,,TRUE,,,,,,
203,2026-02,,IN,,,,,,,,
204,2026-02,Hannosset,IN,,TRUE,,Hannosset-2026,OK,NEW CC,,
205,2026-02,Hannosset,IN,,TRUE,,,,,,
206,2026-02,Continentis,IN,,TRUE,,,,,,
207,2026-02,,IN,,,,,,,,
208,2026-02,,IN,,,,,,,,
209,2026-02,Mobalpa Marche,IN,,TRUE,,Mobalpa Marche-2025,BÂCHE COMMANDÉE,,,
210,2026-02,,IN,,,,,,,,
211,2026-02,Déco Jardin,IN,,TRUE,,,,,,
212,2026-02,,IN,,,,,,,,
213,2026-02,EASYHOME,IN,,FALSE,,,,,,
214,2026-02,Continentis,IN,,FALSE,,,,,,
215,2026-02,,IN,,,,,,,,
216,2026-02,Hannosset,IN,,TRUE,,,,,,
227,2026-02,Continentis,IN,,TRUE,,,,,,
217,2026-02,Chassis Lemmens,IN,,TRUE,,,,,,
218,2026-02,,IN,,,,,,,,
,2026-02,,IN,,,,,,,,
220,2026-02,,IN,,,,,,,,
221,2026-02,,IN,,,,,,,,
226,2026-02,,IN,,,,,,,,
222,2026-02,,IN,,,,,,,,
224,2026-02,,IN,,,,,,,,
230,2026-02,,IN,,TRUE,,Impermo-351-Marche10,,,,
223,2026-02,,IN,,,,,,,,
225,2026-02,Impermo,IN,,,,,,,,
231,2026-02,,IN,,,,,,,,
,2026-02,,IN,,,,,,,,
,2026-02,,IN,,,,,,,,
,2026-02,,IN,,,,,,,,
,2026-02,,IN,,,,,,,,
,2026-02,,IN,,,,,,,,
,2026-02,,IN,,,,,,,,
,2026-02,,IN,,,,,,,,
,2026-02,,IN,,,,,,,,
,2026-02,,IN,,,,,,,,
,2026-02,,IN,,,,,,,,
301,2026-02,ESPA,IN,NEW,TRUE,,ESPA-2026,,,,
,2026-02,,IN,,,,,,,,
303,2026-02,Piragri,IN,,TRUE,,Piragri-2025,OK,,,
304,2026-02,ESPA,IN,NEW,TRUE,,,,,,
305,2026-02,ESPA,IN,NEW,TRUE,,,,,,
306,2026-02,Condroz Motor,IN,,TRUE,,Condroz Motor-2025-maintenant-dacia-renault,,,,
307,2026-02,EASYHOME,IN,,TRUE,,,,,,
367,2026-02,Poils & Plumes Ciney,IN,,TRUE,,Poils & Plumes Ciney-Dinant-Rochefort Notoriété,,,,
308,2026-02,EASYHOME,IN,,TRUE,,,,,,
319,2026-02,EASYHOME,IN,,TRUE,,,,,,
309,2026-02,deBRY,IN,,TRUE,,,,,,
310,2026-02,Mobalpa Marche,IN,,TRUE,,,,,,
311,2026-02,FIRR,IN,Bâche retournée,TRUE,,,,NEW CC,,
312,2026-02,Déco Jardin,IN,,TRUE,,,,,,
313,2026-02,Condroz Motor,IN,,,,,,,,
314,2026-02,Poils & Plumes Dinant,IN,,TRUE,,Poils & Plumes Ciney-Dinant-Rochefort Notoriété,,,,
315,2026-02,Locadepot,IN,,TRUE,,,,,,
316,2026-02,EASYHOME,IN,,TRUE,,,,,,
317,2026-02,Locadepot,IN,,TRUE,,,,,,
318,2026-02,Continentis,IN,,TRUE,,,,,,
320,2026-02,Continentis,IN,,FALSE,,,,,,
321,2026-02,Déco Jardin,IN,,TRUE,,,,,,
,2026-02,,IN,,,,,,,,
323,2026-02,,IN,,,,,,,,
324,2026-02,,IN,,,,,,,,
325,2026-02,,IN,,,,,,,,
326,2026-02,,IN,,,,,,,,
327,2026-02,,IN,,,,,,,,
328,2026-02,Promo sport,IN,,TRUE,,,,,,
329,2026-02,,IN,,,,,,,,
330,2026-02,EASYHOME,IN,,TRUE,,,,,,
331,2026-02,Déco Jardin,IN,,TRUE,,,,,,
332,2026-02,La Bergerette,IN,,TRUE,,,,,,
333,2026-02,,IN,,,,,,,,
334,2026-02,Continentis,IN,,TRUE,,,,,,
335,2026-02,EASYHOME,IN,,TRUE,,,,,,
336,2026-02,La Bergerette,IN,,TRUE,,,,,,
337,2026-02,EASYHOME,IN,,FALSE,,,,,,
338,2026-02,EASYHOME,IN,,TRUE,,,,,,
339,2026-02,,IN,,,,,,,,
340,2026-02,Promo sport,IN,,TRUE,,,,,,
341,2026-02,Déco Jardin,IN,,TRUE,,,,,,
365,2026-02,La Bergerette,IN,,TRUE,,,,,,
342,2026-02,Tonton tapis,IN,,TRUE,,Tonton tapis-2020-notoriété,,,,
343,2026-02,Déco Jardin,IN,,TRUE,,,,,,
344,2026-02,EASYHOME,IN,,TRUE,,,,,,
363,2026-02,Continentis,IN,,TRUE,,,,,,
345,2026-02,,IN,,,,,,,,
346,2026-02,Bâche retournée,IN,,,,,,,,
359,2026-02,,IN,,,,,,,,
360,2026-02,,IN,,,,,,,,
361,2026-02,,IN,,,,,,,,
,2026-02,,IN,,,,,,,,
347,2026-02,BP Martelange,IN,,TRUE,,BP Martelange-2025-pepsi,,,,
348,2026-02,EVA,IN,,TRUE,,EVA-2026,OK,NEW CC,,
349,2026-02,EVA,IN,,TRUE,,,,,,
350,2026-02,Déco Jardin,IN,,TRUE,,,,,,
351,2026-02,Impermo,IN,,TRUE,,,,,,
352,2026-02,Poils & Plumes Rochefort,IN,,TRUE,,Poils & Plumes Ciney-Dinant-Rochefort Notoriété,,,,
353,2026-02,Impermo,IN,,TRUE,,,,,,
,2026-02,,IN,,,,,,,,
354,2026-02,Majois,IN,Pas reçue bâche retournée,TRUE,,Majois-2024,,,,
355,2026-02,EASYHOME,IN,,TRUE,,,,,,
356,2026-02,,IN,,,,,,,,
357,2026-02,deBRY,IN,,TRUE,,,,,,
,2026-02,,IN,,,,,,,,
,2026-02,,IN,,,,,,,,
,2026-02,,IN,,,,,,,,
,2026-02,,IN,,,,,,,,
,2026-02,,IN,,,,,,,,
401,2026-02,Majois,IN,Pas reçue,TRUE,,,,,,
402,2026-02,EASYHOME,IN,,TRUE,,,,,,
403,2026-02,Promo sport,IN,,TRUE,,,,,,
404,2026-02,Continentis,IN,,TRUE,,,,,,
405,2026-02,,IN,,,,,,,,
406,2026-02,Continentis,IN,,TRUE,,,,,,
407,2026-02,,IN,,,,,,,,
408,2026-02,Continentis,IN,,FALSE,,,,,,
409,2026-02,Bâche retournée,IN,,,,,,,,
415,2026-02,,IN,,,,,,,,
,2026-02,,IN,,,,,,,,
,2026-02,,IN,,,,,,,,
,2026-02,,IN,,,,,,,,
,2026-02,,IN,,,,,,,,
,2026-02,,IN,,,,,,,,
,2026-02,,IN,,,,,,,,
,2026-02,,IN,,,,,,,,
,2026-02,,IN,,,,,,,,
,2026-02,,IN,,,,,,,,
501,2026-02,,IN,,,,,,,,
502,2026-02,DPS,IN,,,,,,,,
,2026-02,,IN,,,,,,,,
,2026-02,,IN,,,,,,,,
505,2026-02,DPS,IN,,,,,,,,
506,2026-02,,IN,,,,,,,,
507,2026-02,DPS,IN,,,,,,,,
508,2026-02,,IN,,,,,,,,
509,2026-02,Continentis,IN,,FALSE,,,,,,
510,2026-02,DPS,IN,,,,,,,,
,2026-02,,IN,,,,,,,,
,2026-02,,IN,,,,,,,,
527,2026-02,EASYHOME,IN,,,,,,,,
512,2026-02,DPS,IN,,,,,,,,
513,2026-02,,IN,,,,,,,,
514,2026-02,,IN,,,,,,,,
515,2026-02,EASYHOME,IN,,TRUE,,,,,,
517,2026-02,Delhaize Lux,IN,,,,,,,,
518,2026-02,,IN,,,,,,,,
,2026-02,,IN,,,,,,,,
520,2026-02,Delhaize Lux,IN,,,,,,,,
521,2026-02,Continentis,IN,,FALSE,,,,,,
525,2026-02,EVA,IN,,TRUE,,,,,,
530,2026-02,DPS,IN,,,,,,,,
,2026-02,,IN,,,,,,,,
,2026-02,,IN,,,,,,,,
,2026-02,,IN,,,,,,,,
,2026-02,,IN,,,,,,,,
,2026-02,,IN,,,,,,,,
,2026-02,,IN,,,,,,,,
,2026-02,,IN,,,,,,,,
,2026-02,,IN,,,,,,,,
,2026-02,,IN,,,,,,,,
,2026-02,,IN,,,,,,,,
,2026-02,,IN,,,,,,,,
,2026-02,,IN,,,,,,,,
,2026-02,,IN,,,,,,,,
,2026-02,,OUT,,,,,,,,
102,2026-02,Majois,OUT,,TRUE,,,,,,
,2026-02,,OUT,,,,,,,,
104,2026-02,EASYHOME,OUT,,TRUE,,,,,,
105,2026-02,Byha,OUT,,TRUE,,,,,,
106,2026-02,EASYHOME,OUT,,TRUE,,,,,,
107,2026-02,Continentis,OUT,,TRUE,,,,,,
108,2026-02,EASYHOME,OUT,,TRUE,,,,,,
109,2026-02,,OUT,,,,,,,,
110,2026-02,Continentis,OUT,,TRUE,,,,,,
111,2026-02,Continentis,OUT,,TRUE,,,,,,
112,2026-02,EASYHOME,OUT,,TRUE,,,,,,
113,2026-02,,OUT,,,,,,,,
114,2026-02,EASYHOME,OUT,,TRUE,,,,,,
,2026-02,,OUT,,,,,,,,
,2026-02,,OUT,,,,,,,,
,2026-02,,OUT,,,,,,,,
,2026-02,,OUT,,,,,,,,
,2026-02,,OUT,,,,,,,,
,2026-02,,OUT,,,,,,,,
,2026-02,,OUT,,,,,,,,
,2026-02,,OUT,,,,,,,,
,2026-02,,OUT,,,,,,,,
,2026-02,,OUT,,,,,,,,
201,2026-02,Hannosset,OUT,,TRUE,,,,,,
202,2026-02,Continentis,OUT,,TRUE,,,,,,
203,2026-02,,OUT,,,,,,,,
204,2026-02,La Bergerette,OUT,,TRUE,,,,,,
205,2026-02,,OUT,,,,,,,,
206,2026-02,,OUT,,,,,,,,
207,2026-02,La Bergerette,OUT,,TRUE,,,,,,
208,2026-02,,OUT,,,,,,,,
209,2026-02,Continentis,OUT,,TRUE,,,,,,
210,2026-02,,OUT,,,,,,,,
211,2026-02,,OUT,,,,,,,,
212,2026-02,,OUT,,,,,,,,
213,2026-02,,OUT,,,,,,,,
214,2026-02,,OUT,,,,,,,,
215,2026-02,Hannosset,OUT,,TRUE,,,,,,
216,2026-02,,OUT,,,,,,,,
227,2026-02,,OUT,,,,,,,,
217,2026-02,EASYHOME,OUT,,TRUE,,,,,,
218,2026-02,,OUT,,,,,,,,
,2026-02,,OUT,,,,,,,,
220,2026-02,,OUT,,,,,,,,
221,2026-02,,OUT,,,,,,,,
226,2026-02,,OUT,,,,,,,,
222,2026-02,,OUT,,,,,,,,
224,2026-02,,OUT,,,,,,,,
230,2026-02,,OUT,,,,,,,,
223,2026-02,,OUT,,,,,,,,
225,2026-02,,OUT,,,,,,,,
231,2026-02,,OUT,,,,,,,,
,2026-02,,OUT,,,,,,,,
,2026-02,,OUT,,,,,,,,
,2026-02,,OUT,,,,,,,,
,2026-02,,OUT,,,,,,,,
,2026-02,,OUT,,,,,,,,
,2026-02,,OUT,,,,,,,,
,2026-02,,OUT,,,,,,,,
,2026-02,,OUT,,,,,,,,
,2026-02,,OUT,,,,,,,,
,2026-02,,OUT,,,,,,,,
301,2026-02,EASYHOME,OUT,,TRUE,,,,,,
,2026-02,,OUT,,,,,,,,
303,2026-02,La Bergerette,OUT,,TRUE,,Piragri-2025,,,,
304,2026-02,EASYHOME,OUT,,TRUE,,,,,,
305,2026-02,,OUT,,,,,,,,
306,2026-02,Piragri,OUT,,TRUE,,,,,,
307,2026-02,Piragri,OUT,,TRUE,,,,,,
367,2026-02,Lemineur,OUT,,TRUE,,Lemineur-CondSalon-2026,,NEW condition salon,,
308,2026-02,Piragri,OUT,,TRUE,,,,,,
319,2026-02,Continentis,OUT,,TRUE,,,,,,
309,2026-02,Lemineur,OUT,,TRUE,,,,,,
310,2026-02,LMV,OUT,,TRUE,,,,,,
311,2026-02,Locadepot,OUT,,TRUE,,,,,,
312,2026-02,Locadepot,OUT,,TRUE,,,,,,
313,2026-02,EASYHOME,OUT,,FALSE,,,,,,
314,2026-02,Pessleux,OUT,,TRUE,,,,,,
315,2026-02,EASYHOME,OUT,,TRUE,,,,,,
316,2026-02,Continentis,OUT,,TRUE,,,,,,
317,2026-02,,OUT,,,,,,,,
318,2026-02,,OUT,,,,,,,,
320,2026-02,La Bergerette,OUT,,TRUE,,,,,,
321,2026-02,,OUT,,,,,,,,
,2026-02,,OUT,,,,,,,,
323,2026-02,EASYHOME,OUT,,FALSE,,,,,,
324,2026-02,,OUT,,,,,,,,
325,2026-02,,OUT,,,,,,,,
326,2026-02,,OUT,,,,,,,,
327,2026-02,,OUT,,,,,,,,
328,2026-02,,OUT,,,,,,,,
329,2026-02,,OUT,,,,,,,,
330,2026-02,,OUT,,,,,,,,
331,2026-02,Tonton tapis,OUT,,TRUE,,,,,,
332,2026-02,EASYHOME,OUT,,FALSE,,,,,,
333,2026-02,,OUT,,,,,,,,
334,2026-02,,OUT,,,,,,,,
335,2026-02,,OUT,,,,,,,,
336,2026-02,,OUT,,,,,,,,
337,2026-02,EASYHOME,OUT,,FALSE,,,,,,
338,2026-02,,OUT,,,,,,,,
339,2026-02,,OUT,,,,,,,,
340,2026-02,La Bergerette,OUT,,TRUE,,,,,,
341,2026-02,,OUT,,,,,,,,
365,2026-02,EASYHOME,OUT,,TRUE,,,,,,
342,2026-02,EASYHOME,OUT,,TRUE,,,,,,
343,2026-02,DPS,OUT,,TRUE,,,,,,
344,2026-02,,OUT,,,,,,,,
363,2026-02,DPS,OUT,,TRUE,,,,,,
345,2026-02,,OUT,,,,,,,,
346,2026-02,,OUT,,,,,,,,
359,2026-02,,OUT,,,,,,,,
360,2026-02,,OUT,,,,,,,,
361,2026-02,,OUT,,,,,,,,
,2026-02,,OUT,,,,,,,,
347,2026-02,EVA,OUT,,TRUE,,,,,,
348,2026-02,DPS,OUT,,TRUE,,,,,,
349,2026-02,Mobalpa Marche,OUT,,TRUE,,,,,,
350,2026-02,LMV,OUT,,TRUE,,,,,,
351,2026-02,FIRR,OUT,Debry retournée,TRUE,,,,,,
352,2026-02,Locadepot,OUT,,TRUE,,,,,,
353,2026-02,FIRR,OUT,Easyhome,TRUE,,,,,,
,2026-02,,OUT,,,,,,,,
354,2026-02,,OUT,,,,,,,,
355,2026-02,Bâche retournée,OUT,,,,,,,,
356,2026-02,,OUT,,,,,,,,
357,2026-02,EASYHOME,OUT,,TRUE,,,,,,
,2026-02,,OUT,,,,,,,,
,2026-02,,OUT,,,,,,,,
,2026-02,,OUT,,,,,,,,
,2026-02,,OUT,,,,,,,,
,2026-02,,OUT,,,,,,,,
401,2026-02,rien,OUT,,,,,,,,
402,2026-02,,OUT,,,,,,,,
403,2026-02,Bâche retournée,OUT,,,,,,,,
404,2026-02,,OUT,,,,,,,,
405,2026-02,,OUT,,,,,,,,
406,2026-02,,OUT,,,,,,,,
407,2026-02,,OUT,,,,,,,,
408,2026-02,,OUT,,,,,,,,
409,2026-02,,OUT,,,,,,,,
415,2026-02,Du Rouge Aux Lèvres,OUT,,,,Du rouge aux lévres-2025-rondpoint,,,,
,2026-02,,OUT,,,,,,,,
,2026-02,,OUT,,,,,,,,
,2026-02,,OUT,,,,,,,,
,2026-02,,OUT,,,,,,,,
,2026-02,,OUT,,,,,,,,
,2026-02,,OUT,,,,,,,,
,2026-02,,OUT,,,,,,,,
,2026-02,,OUT,,,,,,,,
,2026-02,,OUT,,,,,,,,
501,2026-02,DPS,OUT,,,,,,,,
502,2026-02,,OUT,,,,,,,,
,2026-02,,OUT,,,,,,,,
,2026-02,,OUT,,,,,,,,
505,2026-02,,OUT,,,,,,,,
506,2026-02,DPS,OUT,,,,,,,,
507,2026-02,Continentis,OUT,,FALSE,,,,,,
508,2026-02,DPS,OUT,,,,,,,,
509,2026-02,,OUT,,,,,,,,
510,2026-02,Impermo,OUT,510,,,,,,,
,2026-02,,OUT,,,,,,,,
,2026-02,,OUT,,,,,,,,
527,2026-02,Continentis,OUT,,FALSE,,,,,,
512,2026-02,Mobalpa Marche,OUT,,TRUE,,,,,,
513,2026-02,,OUT,,,,,,,,
514,2026-02,Delhaize Lux,OUT,,,,,,,,
515,2026-02,Delhaize Lux,OUT,,,,,,,,
517,2026-02,Knauf,OUT,,,,,,,,
518,2026-02,,OUT,,,,,,,,
,2026-02,,OUT,,,,,,,,
520,2026-02,,OUT,,,,,,,,
521,2026-02,,OUT,,,,,,,,
525,2026-02,EASYHOME,OUT,Marche,TRUE,,,,,,
530,2026-02,EASYHOME,OUT,,,,,,,,
,2026-02,,OUT,,,,,,,,
,2026-02,,OUT,,,,,,,,
,2026-02,,OUT,,,,,,,,
,2026-02,,OUT,,,,,,,,
,2026-02,,OUT,,,,,,,,
,2026-02,,OUT,,,,,,,,
,2026-02,,OUT,,,,,,,,
,2026-02,,OUT,,,,,,,,
,2026-02,,OUT,,,,,,,,
,2026-02,,OUT,,,,,,,,
,2026-02,,OUT,,,,,,,,
,2026-02,,OUT,,,,,,,,
,2026-02,,OUT,,,,,,,,
,2026-03,,IN,,,,,,,,
102,2026-03,Waterair,IN,,TRUE,,Waterair-2026-29900€,BÂCHE COMMANDÉE,,,
,2026-03,,IN,,,,,,,,
104,2026-03,Byha,IN,,TRUE,,Byha-2026,OK,,,
105,2026-03,Byha,IN,,TRUE,,,,,,
106,2026-03,Byha,IN,,TRUE,,,,,,
107,2026-03,Promimo,IN,,TRUE,,Promimo-2024,OK,,,
108,2026-03,Jardisart,IN,,TRUE,,Jardisart-2023-4hectares,OK,,,
109,2026-03,Waterair,IN,,TRUE,,,,,,
110,2026-03,,IN,,,,,,,,
111,2026-03,EASYHOME,IN,,TRUE,,Easyhome2024,OK,,,
112,2026-03,Q-outlet,IN,Terrasse,TRUE,,Q-outlet-terrasse-2024,OK,,,
113,2026-03,Green Robot,IN,,TRUE,,,OK,,,
114,2026-03,,IN,,,,Continentis-2024,OK,,,
,2026-03,,IN,,,,,,,,
,2026-03,,IN,,,,,,,,
,2026-03,,IN,,,,,,,,
,2026-03,,IN,,,,,,,,
,2026-03,,IN,,,,,,,,
,2026-03,,IN,,,,,,,,
,2026-03,,IN,,,,,,,,
,2026-03,,IN,,,,,,,,
,2026-03,,IN,,,,,,,,
,2026-03,,IN,,,,,,,,
201,2026-03,Hannosset,IN,gr,TRUE,,Hannosset-2026,OK,,,
202,2026-03,Chassis Lemmens,IN,,TRUE,,Chassis Lemmens-2024,OK,,,
203,2026-03,Fintro Huy,IN,,TRUE,,Fintro Huy Jaumain-2023,OK,,,
204,2026-03,Waterair,IN,,TRUE,,,,,,
205,2026-03,Fintro Huy,IN,,TRUE,,,,,,
206,2026-03,Fintro Huy,IN,,TRUE,,,,,,
207,2026-03,Waterair,IN,,TRUE,,,,,,
208,2026-03,Brainbox,IN,,TRUE,,Brainbox-2024-50%,OK,,,
209,2026-03,Fintro Huy,IN,,TRUE,,,,,,
210,2026-03,Brainbox,IN,,TRUE,,,,,,
211,2026-03,Brainbox,IN,,TRUE,,,,,,
212,2026-03,,IN,,,,,,,,
213,2026-03,EASYHOME,IN,,TRUE,,,,,,
214,2026-03,Waterair,IN,,TRUE,,,,,,
215,2026-03,Hannosset,IN,gr,TRUE,,,,,,
216,2026-03,Brainbox,IN,,TRUE,,,,,,
227,2026-03,Beobank Waremme,IN,,TRUE,,Beobank Waremme-2026,BÂCHE COMMANDÉE,,,
217,2026-03,Chassis Lemmens,IN,,TRUE,,,,,,
218,2026-03,,IN,,,,,,,,
,2026-03,,IN,,,,,,,,
220,2026-03,,IN,,,,,,,,
221,2026-03,,IN,,,,,,,,
226,2026-03,Brainbox,IN,,TRUE,,,,,,
222,2026-03,Polarsun,IN,,TRUE,,Polarsun-2025,OK,,,
224,2026-03,,IN,,,,,,,,
230,2026-03,Brainbox,IN,,TRUE,,Impermo-2025-16showroom,OK,,,
223,2026-03,,IN,,,,,,,,
225,2026-03,Impermo,IN,,TRUE,,,,,,
231,2026-03,,IN,,,,,,,,
,2026-03,,IN,,,,,,,,
,2026-03,,IN,,,,,,,,
,2026-03,,IN,,,,,,,,
,2026-03,,IN,,,,,,,,
,2026-03,,IN,,,,,,,,
,2026-03,,IN,,,,,,,,
,2026-03,,IN,,,,,,,,
,2026-03,,IN,,,,,,,,
,2026-03,,IN,,,,,,,,
,2026-03,,IN,,,,,,,,
301,2026-03,Q-outlet,IN,Terrasse,TRUE,,,,,,
,2026-03,,IN,,,,,,,,
303,2026-03,Au Stock,IN,,TRUE,,Au Stock-2026-robots,BÂCHE COMMANDÉE,new Nuance4 - liv. vendredi,,
304,2026-03,Piscinat,IN,JPO,TRUE,,Piscinat-JPO2025,AUTOCOLLANT COMMANDÉ,changement date CC,,
305,2026-03,Jardisart,IN,,TRUE,,,,,,
306,2026-03,Condroz Motor,IN,,TRUE,,Condroz Motor-2025-maintenant-dacia-renault,OK,,,
307,2026-03,Brainbox,IN,,TRUE,,,,,,
367,2026-03,Au Stock,IN,,TRUE,,,,,,
308,2026-03,Waterair,IN,,TRUE,,,,,,
319,2026-03,Piscinat,IN,JPO,TRUE,,,,,,
309,2026-03,Fintro Ciney,IN,,TRUE,,Puissant&Co-2026-entrepreneurs,BÂCHE COMMANDÉE,new CC,,
310,2026-03,Brainbox,IN,,TRUE,,,,,,
311,2026-03,Jardisart,IN,,TRUE,,,,,,
312,2026-03,Fintro Ciney,IN,,TRUE,,,,,,
313,2026-03,EASYHOME,IN,,TRUE,,,,,,
314,2026-03,Condroz Motor,IN,,TRUE,,,,,,
315,2026-03,Poils & Plumes Dinant,IN,,TRUE,,Poils&Plumes CDR-2026,BÂCHE COMMANDÉE,new Nuance4 - liv. vendredi,,
316,2026-03,Waterair,IN,,TRUE,,,,,,
317,2026-03,Piscinat,IN,JPO,TRUE,,,,,,
318,2026-03,Majois,IN,,TRUE,,Majois-2026,OK,,,
320,2026-03,Q-outlet,IN,Terrasse,TRUE,,,,,,
321,2026-03,Brainbox,IN,,TRUE,,,,,,
,2026-03,,IN,,,,,,,,
323,2026-03,Green Robot,IN,,TRUE,,,,,,
324,2026-03,Majois,IN,,TRUE,,,,,,
325,2026-03,Green Robot,IN,,TRUE,,,,,,
326,2026-03,Graines de Vélo,IN,,TRUE,,Graines de Vélo-notoriété,OK,,,
327,2026-03,Chaussures Groux ,IN,,TRUE,,Chaussures Groux-2026,BÂCHE COMMANDÉE,new CC,,
328,2026-03,Continentis,IN,,TRUE,,,,,,
329,2026-03,Graines de Vélo,IN,,TRUE,,,,,,
330,2026-03,Q-outlet,IN,Terrasse,TRUE,,,,,,
331,2026-03,Waterair,IN,,TRUE,,,,,,
332,2026-03,Q-outlet,IN,RPQ,TRUE,,,,,,
333,2026-03,,IN,,,,,,,,
334,2026-03,Brainbox,IN,,TRUE,,,,,,
335,2026-03,Dema,IN,Jardin,TRUE,,DEMA-2026-jardinnage,BÂCHE COMMANDÉE,new CC / Nuance4,,
336,2026-03,Piscinat,IN,JPO,TRUE,,,,,,
337,2026-03,Continentis,IN,,TRUE,,,,,,
338,2026-03,Majois,IN,,TRUE,,,,,,
339,2026-03,Tonton tapis,IN,,TRUE,,Tonton tapis-2020-notoriété,OK,,,
340,2026-03,Piscinat,IN,JPO,TRUE,,,,,,
341,2026-03,Clôtures Leblanc,IN,,TRUE,,Clôtures Leblanc-2025,OK,,,
365,2026-03,Au Stock,IN,,TRUE,,,,,,
342,2026-03,Watt4U,IN,,TRUE,,Watt4U-notoriete,OK,,,
343,2026-03,Brainbox,IN,,TRUE,,,,,,
344,2026-03,Chaussures Groux ,IN,,TRUE,,,,,,
363,2026-03,Chaussures Groux ,IN,,TRUE,,,,,,
345,2026-03,Waterair,IN,,FALSE,,,,,,
346,2026-03,,IN,,,,,,,,
359,2026-03,,IN,,,,,,,,
360,2026-03,Waterair,IN,,TRUE,,,,,,
361,2026-03,,IN,,,,,,,,
,2026-03,,IN,,,,,,,,
347,2026-03,BP Martelange,IN,,TRUE,,BP Martelange-2025-pepsi,OK,,,
348,2026-03,deBRY,IN,,TRUE,,deBRY-robot-toondeuse-2025,OK,,,
349,2026-03,Dema,IN,Jardin,TRUE,,,,,,
350,2026-03,deBRY,IN,,TRUE,,,,,,
351,2026-03,Impermo,IN,opt ,TRUE,,,,,,
352,2026-03,LMV,IN,,TRUE,,LMV-notoriété-2024,OK,,,
353,2026-03,Impermo,IN,,TRUE,,,,,,
,2026-03,,IN,,,,,,,,
354,2026-03,Watt4U,IN,,TRUE,,,,,,
355,2026-03,Clôtures Leblanc,IN,,TRUE,,,,,,
356,2026-03,Brainbox,IN,,TRUE,,,,,,
357,2026-03,Waterair,IN,,TRUE,,,,,,
,2026-03,,IN,,,,,,,,
,2026-03,,IN,,,,,,,,
,2026-03,,IN,,,,,,,,
,2026-03,,IN,,,,,,,,
,2026-03,,IN,,,,,,,,
401,2026-03,Clôtures Leblanc,IN,,TRUE,,,,,,
402,2026-03,Continentis,IN,,TRUE,,,,,,
403,2026-03,Waterair,IN,,TRUE,,,,,,
404,2026-03,EASYHOME,IN,,TRUE,,,,,,
405,2026-03,Dema,IN,Jardin,TRUE,,,,,,
406,2026-03,Continentis,IN,,TRUE,,,,,,
407,2026-03,Brainbox,IN,,TRUE,,,,,,
408,2026-03,,IN,,,,,,,,
409,2026-03,Continentis,IN,,TRUE,,,,,,
415,2026-03,Brainbox,IN,,TRUE,,,,,,
,2026-03,,IN,,,,,,,,
,2026-03,,IN,,,,,,,,
,2026-03,,IN,,,,,,,,
,2026-03,,IN,,,,,,,,
,2026-03,,IN,,,,,,,,
,2026-03,,IN,,,,,,,,
,2026-03,,IN,,,,,,,,
,2026-03,,IN,,,,,,,,
,2026-03,,IN,,,,,,,,
501,2026-03,LMV,IN,Goffinet,TRUE,,,,,,
502,2026-03,DPS,IN,,TRUE,,,OK,,,
,2026-03,,IN,,,,,,,,
,2026-03,,IN,,,,,,,,
505,2026-03,DPS,IN,,TRUE,,,,,,
506,2026-03,Waterair,IN,,TRUE,,,,,,
507,2026-03,DPS,IN,,TRUE,,,,,,
508,2026-03,Brainbox,IN,,TRUE,,,,,,
509,2026-03,Brainbox,IN,,TRUE,,,,,,
510,2026-03,DPS,IN,,,,,,,,
,2026-03,,IN,,,,,,,,
,2026-03,,IN,,,,,,,,
527,2026-03,LMV,IN,,TRUE,,,,,,
512,2026-03,DPS,IN,,TRUE,,,,,,
513,2026-03,Continentis,IN,,TRUE,,,,,,
514,2026-03,Waterair,IN,,TRUE,,,,,,
515,2026-03,Continentis,IN,,TRUE,,,,,,
517,2026-03,Delhaize Lux,IN,,TRUE,,Delhaize Lux-2025-fleche-pommerloch,OK,,,
518,2026-03,LMV,IN,,TRUE,,,,,,
,2026-03,,IN,,,,,,,,
520,2026-03,Delhaize Lux,IN,,TRUE,,,,,,
521,2026-03,LMV,IN,,TRUE,,,,,,
525,2026-03,Waterair,IN,,TRUE,,,,,,
530,2026-03,DPS,IN,,TRUE,,,,,,
,2026-03,,IN,,,,,,,,
,2026-03,,IN,,,,,,,,
,2026-03,,IN,,,,,,,,
,2026-03,,IN,,,,,,,,
,2026-03,,IN,,,,,,,,
,2026-03,,IN,,,,,,,,
,2026-03,,IN,,,,,,,,
,2026-03,,IN,,,,,,,,
,2026-03,,IN,,,,,,,,
,2026-03,,IN,,,,,,,,
,2026-03,,IN,,,,,,,,
,2026-03,,IN,,,,,,,,
,2026-03,,IN,,,,,,,,
,2026-03,,OUT,,,,,,,,
102,2026-03,Continentis,OUT,,TRUE,,,,,,
,2026-03,,OUT,,,,,,,,
104,2026-03,EASYHOME,OUT,,TRUE,,,,,,
105,2026-03,Brainbox,OUT,,TRUE,,,,,,
106,2026-03,EASYHOME,OUT,,TRUE,,,,,,
107,2026-03,Brainbox,OUT,,TRUE,,,,,,
108,2026-03,Continentis,OUT,,TRUE,,,,,,
109,2026-03,EASYHOME,OUT,,TRUE,,,,,,
110,2026-03,Continentis,OUT,,TRUE,,,,,,
111,2026-03,Continentis,OUT,,TRUE,,,,,,
112,2026-03,,OUT,,,,,,,,
113,2026-03,EASYHOME,OUT,,TRUE,,,,,,
114,2026-03,,OUT,,,,,,,,
,2026-03,,OUT,,,,,,,,
,2026-03,,OUT,,,,,,,,
,2026-03,,OUT,,,,,,,,
,2026-03,,OUT,,,,,,,,
,2026-03,,OUT,,,,,,,,
,2026-03,,OUT,,,,,,,,
,2026-03,,OUT,,,,,,,,
,2026-03,,OUT,,,,,,,,
,2026-03,,OUT,,,,,,,,
,2026-03,,OUT,,,,,,,,
201,2026-03,EASYHOME,OUT,,TRUE,,,,,,
202,2026-03,,OUT,,,,,,,,
203,2026-03,Continentis,OUT,,TRUE,,,,,,
204,2026-03,,OUT,,,,,,,,
205,2026-03,,OUT,,,,,,,,
206,2026-03,,OUT,,,,,,,,
207,2026-03,Continentis,OUT,,TRUE,,,,,,
208,2026-03,,OUT,,,,,,,,
209,2026-03,,OUT,,,,,,,,
210,2026-03,Continentis,OUT,,TRUE,,,,,,
211,2026-03,,OUT,,,,,,,,
212,2026-03,,OUT,,,,,,,,
213,2026-03,,OUT,,,,,,,,
214,2026-03,,OUT,,,,,,,,
215,2026-03,Continentis,OUT,,TRUE,,,,,,
216,2026-03,Immo Cube,OUT,,TRUE,,Immo Cube-2025,OK,,,
227,2026-03,Continentis,OUT,,TRUE,,,,,,
217,2026-03,Waterair,OUT,,FALSE,,,,,,
218,2026-03,,OUT,,,,,,,,
,2026-03,,OUT,,,,,,,,
220,2026-03,,OUT,,,,,,,,
221,2026-03,,OUT,,,,,,,,
226,2026-03,,OUT,,,,,,,,
222,2026-03,Waterair,OUT,,TRUE,,,,,,
224,2026-03,,OUT,,,,,,,,
230,2026-03,,OUT,,,,,,,,
223,2026-03,,OUT,,,,,,,,
225,2026-03,EASYHOME,OUT,,TRUE,,,,,,
231,2026-03,,OUT,,,,,,,,
,2026-03,,OUT,,,,,,,,
,2026-03,,OUT,,,,,,,,
,2026-03,,OUT,,,,,,,,
,2026-03,,OUT,,,,,,,,
,2026-03,,OUT,,,,,,,,
,2026-03,,OUT,,,,,,,,
,2026-03,,OUT,,,,,,,,
,2026-03,,OUT,,,,,,,,
,2026-03,,OUT,,,,,,,,
,2026-03,,OUT,,,,,,,,
301,2026-03,Lumarvel,OUT,,TRUE,,Lumarvel-2020-notoriété,OK,,,
,2026-03,,OUT,,,,,,,,
303,2026-03,Fintro Huy,OUT,,TRUE,,,,,,
304,2026-03,Fintro Huy,OUT,,TRUE,,,,,,
305,2026-03,EASYHOME,OUT,,TRUE,,,,,,
306,2026-03,EASYHOME,OUT,,TRUE,,,,,,
307,2026-03,Lemineur,OUT,,TRUE,,Lemineur-CondSalon-2026,OK,,,
367,2026-03,Fintro Ciney,OUT,,TRUE,,,,,,
308,2026-03,Poils & Plumes Ciney,OUT,,TRUE,,Poils&Plumes CDR-2026,BÂCHE COMMANDÉE,new Nuance4 - liv. vendredi,,
319,2026-03,Poils & Plumes Ciney,OUT,,TRUE,,,,,,
309,2026-03,FIRR,OUT,,TRUE,,FIRR-2026,OK,,,
310,2026-03,Lemineur,OUT,,TRUE,,,,,,
311,2026-03,LMV,OUT,,TRUE,,,,,,
312,2026-03,Poils & Plumes Dinant,OUT,,TRUE,,,,,,
313,2026-03,Au Stock,OUT,,TRUE,,,,,,
314,2026-03,FIRR,OUT,,TRUE,,,,,,
315,2026-03,EASYHOME,OUT,,TRUE,,,,,,
316,2026-03,Continentis,OUT,,TRUE,,,,,,
317,2026-03,EASYHOME,OUT,,TRUE,,,,,,
318,2026-03,Pessleux,OUT,,TRUE,,Pessleux-serres,OK,,,
320,2026-03,Clôtures Leblanc,OUT,,TRUE,,,,,,
321,2026-03,Chaussures Groux ,OUT,,TRUE,,,,,,
,2026-03,,OUT,,,,,,,,
323,2026-03,Continentis,OUT,,TRUE,,,,,,
324,2026-03,EASYHOME,OUT,,TRUE,,,,,,
325,2026-03,Dema,OUT,Jardin,TRUE,,,,,,
326,2026-03,Jardisart,OUT,,TRUE,,,,,,
327,2026-03,Jardisart,OUT,,TRUE,,,,,,
328,2026-03,EASYHOME,OUT,,TRUE,,,,,,
329,2026-03,Q-outlet,OUT,Terrasse,TRUE,,,,,,
330,2026-03,Dema,OUT,Jardin,TRUE,,,,,,
331,2026-03,Dema,OUT,Jardin,TRUE,,,,,,
332,2026-03,EASYHOME,OUT,,TRUE,,,,,,
333,2026-03,Clôtures Leblanc,OUT,,TRUE,,,,,,
334,2026-03,,OUT,,,,,,,,
335,2026-03,Continentis,OUT,,TRUE,,,,,,
336,2026-03,EASYHOME,OUT,,TRUE,,,,,,
337,2026-03,Waterair,OUT,,FALSE,,,,,,
338,2026-03,Chaussures Groux ,OUT,,TRUE,,,,,,
339,2026-03,Locadepot,OUT,,TRUE,,,,,,
340,2026-03,EASYHOME,OUT,,TRUE,,,,,,
341,2026-03,,OUT,,,,,,,,
365,2026-03,EASYHOME,OUT,,TRUE,,,,,,
342,2026-03,DPS,OUT,,TRUE,,,,,,
343,2026-03,Urbaine,OUT,,TRUE,,Urbaine-printemps-2026,BÂCHE COMMANDÉE,new CC,,
344,2026-03,Optic & vous,OUT,,TRUE,,Optic & vous-2024,OK,,,
363,2026-03,Dema,OUT,Jardin,TRUE,,,,,,
345,2026-03,Continentis,OUT,,TRUE,,,,,,
346,2026-03,,OUT,,,,,,,,
359,2026-03,,OUT,,,,,,,,
360,2026-03,Dema,OUT,Jardin,TRUE,,,,,,
361,2026-03,,OUT,,,,,,,,
,2026-03,,OUT,,,,,,,,
347,2026-03,EVA,OUT,,TRUE,,EVA-2026,OK,,,
348,2026-03,Dema,OUT,Jardin,TRUE,,,,,,
349,2026-03,EVA,OUT,,TRUE,,,,,,
350,2026-03,Dema,OUT,Jardin,TRUE,,,,,,
351,2026-03,EVA,OUT,,TRUE,,,,,,
352,2026-03,Poils & Plumes Rochefort,OUT,,TRUE,,Poils&Plumes CDR-2026,BÂCHE COMMANDÉE,new Nuance4 - liv. vendredi,,
353,2026-03,Poils & Plumes Rochefort,OUT,,TRUE,,,,,,
,2026-03,,OUT,,,,,,,,
354,2026-03,EASYHOME,OUT,,TRUE,,,,,,
355,2026-03,Waterair,OUT,,TRUE,,,,,,
356,2026-03,EASYHOME,OUT,,TRUE,,,,,,
357,2026-03,EVA,OUT,,TRUE,,,,,,
,2026-03,,OUT,,,,,,,,
,2026-03,,OUT,,,,,,,,
,2026-03,,OUT,,,,,,,,
,2026-03,,OUT,,,,,,,,
,2026-03,,OUT,,,,,,,,
401,2026-03,EASYHOME,OUT,,TRUE,,,,,,
402,2026-03,,OUT,,,,,,,,
403,2026-03,EASYHOME,OUT,,TRUE,,,,,,
404,2026-03,,OUT,,,,,,,,
405,2026-03,,OUT,,,,,,,,
406,2026-03,,OUT,,,,,,,,
407,2026-03,,OUT,,,,,,,,
408,2026-03,,OUT,,,,,,,,
409,2026-03,DEMA,OUT,Jardin,TRUE,,,,,,
415,2026-03,Du Rouge Aux Lèvres,OUT,,TRUE,,Du rouge aux lévres-2025-rondpoint,OK,,,
,2026-03,,OUT,,,,,,,,
,2026-03,,OUT,,,,,,,,
,2026-03,,OUT,,,,,,,,
,2026-03,,OUT,,,,,,,,
,2026-03,,OUT,,,,,,,,
,2026-03,,OUT,,,,,,,,
,2026-03,,OUT,,,,,,,,
,2026-03,,OUT,,,,,,,,
,2026-03,,OUT,,,,,,,,
501,2026-03,DPS,OUT,,TRUE,,,,,,
502,2026-03,Brainbox,OUT,,TRUE,,,,,,
,2026-03,,OUT,,,,,,,,
,2026-03,,OUT,,,,,,,,
505,2026-03,,OUT,,,,,,,,
506,2026-03,DPS,OUT,,TRUE,,,,,,
507,2026-03,EASYHOME,OUT,,TRUE,,,,,,
508,2026-03,DPS,OUT,,TRUE,,,,,,
509,2026-03,Continentis,OUT,,TRUE,,,,,,
510,2026-03,Impermo,OUT,,,,,,,,
,2026-03,,OUT,,,,,,,,
,2026-03,Brainbox,OUT,,,,,,,,
527,2026-03,EASYHOME,OUT,,TRUE,,,,,,
512,2026-03,EASYHOME,OUT,,TRUE,,,,,,
513,2026-03,,OUT,,,,,,,,
514,2026-03,Delhaize Lux,OUT,,TRUE,,,,,,
515,2026-03,Delhaize Lux,OUT,,TRUE,,,,,,
517,2026-03,Knauf,OUT,,TRUE,,Knauf-2025-0b2bce7d,OK,,,
518,2026-03,Continentis,OUT,,TRUE,,,,,,
,2026-03,,OUT,,,,,,,,
520,2026-03,,OUT,,,,,,,,
521,2026-03,Waterair,OUT,,TRUE,,,FICHIER RELANCE,,,
525,2026-03,DEMA,OUT,Jardin,TRUE,,,,,,
530,2026-03,EASYHOME,OUT,,TRUE,,,,,,
,2026-03,,OUT,,,,,,,,
,2026-03,,OUT,,,,,,,,
,2026-03,,OUT,,,,,,,,
,2026-03,,OUT,,,,,,,,
,2026-03,,OUT,,,,,,,,
,2026-03,,OUT,,,,,,,,
,2026-03,,OUT,,,,,,,,
,2026-03,,OUT,,,,,,,,
,2026-03,,OUT,,,,,,,,
,2026-03,,OUT,,,,,,,,
,2026-03,,OUT,,,,,,,,
,2026-03,,OUT,,,,,,,,
,2026-03,,OUT,,,,,,,,
,2026-04,,IN,,,,,,,,
102,2026-04,Promo sport,IN,,TRUE,,,À DÉFINIR,,,
,2026-04,,IN,,,,,,,,
104,2026-04,Byha,IN,,TRUE,,Byha-2026,OK,,,
105,2026-04,Graines de Vélo,IN,,TRUE,,Graines de Vélo-notoriété,OK,,,
106,2026-04,Byha,IN,,TRUE,,,,,,
107,2026-04,Promo sport,IN,,TRUE,,,,,,
108,2026-04,EASYHOME,IN,,TRUE,,Easyhome2024,,,,
109,2026-04,EASYHOME,IN,,TRUE,,,,,,
110,2026-04,Majois,IN,,TRUE,,Majois-2026,OK,,,
111,2026-04,Brainbox,IN,,TRUE,,Brainbox-2024-50%,OK,,,
112,2026-04,Jardisart,IN,NEW,TRUE,,Jardisart-ouvertdimanche,BÂCHE COMMANDÉE,Nouveau CC,,
113,2026-04,Q-outlet,IN,Terrasse,TRUE,,Q-outlet-terrasse-2024,OK,,,
114,2026-04,LeComptoirDeLaFrite,IN,NEW,TRUE,,LeComptoirDeLaFrite,BÂCHE COMMANDÉE,Nouveau CC,,
,2026-04,,IN,,,,,,,,
,2026-04,,IN,,,,,,,,
,2026-04,,IN,,,,,,,,
,2026-04,,IN,,,,,,,,
,2026-04,,IN,,,,,,,,
,2026-04,,IN,,,,,,,,
,2026-04,,IN,,,,,,,,
,2026-04,,IN,,,,,,,,
,2026-04,,IN,,,,,,,,
,2026-04,,IN,,,,,,,,
201,2026-04,Hannosset,IN,gr,TRUE,,,,,,
202,2026-04,EASYHOME,IN,,TRUE,,,,,,
203,2026-04,,IN,,,,,,,,
204,2026-04,Fintro Huy,IN,,TRUE,,Fintro Huy Jaumain-2023,OK,,,
205,2026-04,Continentis,IN,,TRUE,,,,,,
206,2026-04,Continentis,IN,,TRUE,,,,,,
207,2026-04,Fintro Huy,IN,,TRUE,,,,,,
208,2026-04,Fintro Huy,IN,,TRUE,,,,,,
209,2026-04,,IN,,,,,,,,
210,2026-04,,IN,,,,,,,,
211,2026-04,Waterair,IN,,TRUE,,Waterair-2026-29900€,OK,,,
212,2026-04,,IN,,,,,,,,
213,2026-04,EASYHOME,IN,,TRUE,,,,,,
214,2026-04,Continentis,IN,,TRUE,,,,,,
215,2026-04,,IN,,,,,,,,
216,2026-04,Immo Cube,IN,,TRUE,,Immo Cube-2025,OK,,,
227,2026-04,Beobank Waremme,IN,,TRUE,,Beobank Waremme-2026,OK,Nouveau CC,,
217,2026-04,Continentis,IN,,TRUE,,,,,,
218,2026-04,Waterair,IN,,TRUE,,,,,,
,2026-04,,IN,,,,,,,,
220,2026-04,,IN,,,,,,,,
221,2026-04,,IN,,,,,,,,
226,2026-04,Waterair,IN,,TRUE,,,,,,
222,2026-04,,IN,,,,,,,,
224,2026-04,,IN,,,,,,,,
230,2026-04,Waterair,IN,,FALSE,,,,,,
223,2026-04,,IN,,,,,,,,
225,2026-04,DEMA,IN,Jardin,TRUE,,DEMA-2026-jardinnage,OK,,,
231,2026-04,,IN,,,,,,,,
,2026-04,,IN,,,,,,,,
,2026-04,,IN,,,,,,,,
,2026-04,,IN,,,,,,,,
,2026-04,,IN,,,,,,,,
,2026-04,,IN,,,,,,,,
,2026-04,,IN,,,,,,,,
,2026-04,,IN,,,,,,,,
,2026-04,,IN,,,,,,,,
,2026-04,,IN,,,,,,,,
,2026-04,,IN,,,,,,,,
301,2026-04,Acces Habitat ,IN,NEW,TRUE,,Acces Habitat-2026,BÂCHE COMMANDÉE,Nouveau N4,,
,2026-04,,IN,,,,,,,,
303,2026-04,Piscinat,IN,Notoriete,TRUE,,Piscinat-notoriété 2023,OK,,,
304,2026-04,ESPA,IN,NEW,TRUE,,ESPA-230526,À DÉFINIR,NEW,,
305,2026-04,ESPA,IN,NEW,TRUE,,,,,,
306,2026-04,Waterair,IN,,TRUE,,,,,,
307,2026-04,Tout faire Polissou,IN,NEW,FALSE,,Tout Faire Polissou-2026,BÂCHE COMMANDÉE,Nouveau CC,,
367,2026-04,Poils & Plumes Ciney,IN,,TRUE,,Poils&Plumes CDR-2026,OK,,,
308,2026-04,Lemineur,IN,NEW,TRUE,,Lemineur-2026,BÂCHE COMMANDÉE,Nouveau CC,,
319,2026-04,Poils & Plumes Ciney,IN,,TRUE,,,,,,
309,2026-04,Tout faire Polissou,IN,NEW,FALSE,,,,,,
310,2026-04,Clôtures Leblanc,IN,,TRUE,,Clôtures Leblanc-2025,OK,,,
311,2026-04,DPS,IN,,TRUE,,,OK,,,
312,2026-04,Tout faire Polissou,IN,NEW,FALSE,,,,,,
313,2026-04,Condroz Motor,IN,,TRUE,,Condroz Motor-2026,BÂCHE COMMANDÉE,Nouveau N4,,
314,2026-04,Au Stock,IN,,TRUE,,Au Stock-2026-robots,OK,,,
315,2026-04,Waterair,IN,,TRUE,,,,,,
316,2026-04,Condroz Motor,IN,,TRUE,,,,,,
317,2026-04,Poils & Plumes Dinant,IN,,TRUE,,Poils&Plumes CDR-2026,OK,,,
318,2026-04,,IN,,,,,,,,
320,2026-04,Majois,IN,,TRUE,,,,,,
321,2026-04,Q-outlet,IN,Terrasse,TRUE,,,,,,
,2026-04,,IN,,,,,,,,
323,2026-04,Waterair,IN,,TRUE,,,,,,
324,2026-04,Q-outlet,IN,Terrasse,TRUE,,,,,,
325,2026-04,Graines de Vélo,IN,,TRUE,,,,,,
326,2026-04,Jardisart,IN,NEW,TRUE,,,,,,
327,2026-04,Green Robot,IN,New,TRUE,,Green Robot-2026,BÂCHE COMMANDÉE,Nouveau CC 1bbq + 1robot,,
328,2026-04,Promo sport,IN,,TRUE,,,,,,
329,2026-04,DEMA,IN,Jardin,TRUE,,,,,,
330,2026-04,Waterair,IN,,TRUE,,,,,,
331,2026-04,Pessleux,IN,,TRUE,,Pessleux-serres,OK,,,
332,2026-04,Waterair,IN,,TRUE,,,,,,
333,2026-04,EASYHOME,IN,,TRUE,,,OK,OPTION,,
334,2026-04,Q-outlet,IN,Terrasse,FALSE,,,,,,
335,2026-04,Jardisart,IN,NEW,TRUE,,,,,,
336,2026-04,EASYHOME,IN,,TRUE,,,,,,
337,2026-04,Piscinat,IN,,TRUE,,,,,,
338,2026-04,Continentis,IN,,TRUE,,,,,,
339,2026-04,Marco Magazzino,IN,,FALSE,,Marco Magazzino-Fosse-2024,OK,,,
340,2026-04,Promo sport,IN,,TRUE,,,,,,
341,2026-04,DPS,IN,,TRUE,,,,,,
365,2026-04,Piscinat,IN,,TRUE,,,,,,
342,2026-04,Brainbox,IN,,TRUE,,,,,,
343,2026-04,Urbaine,IN,,TRUE,,Urbaine-printemps-2026,OK,,,
344,2026-04,Optic & vous,IN,,TRUE,,Optic & vous-2024,OK,,,
363,2026-04,Au Stock,IN,,TRUE,,,,,,
345,2026-04,Clôtures Leblanc,IN,,TRUE,,,,,,
346,2026-04,,IN,,,,,,,,
359,2026-04,,IN,,,,,,,,
360,2026-04,DEMA,IN,Jardin,TRUE,,,,,,
361,2026-04,Waterair,IN,,TRUE,,,,,,
,2026-04,,IN,,,,,,,,
347,2026-04,BP Martelange,IN,,TRUE,,BP Martelange-2025-pepsi,OK,,,
348,2026-04,Brainbox,IN,,TRUE,,,,,,
349,2026-04,DEMA,IN,Jardin,TRUE,,,,,,
350,2026-04,FIRR,IN,,TRUE,,FIRR-2026,OK,,,
351,2026-04,Poils & Plumes Rochefort,IN,,TRUE,,Poils&Plumes CDR-2026,OK,,,
352,2026-04,Poils & Plumes Rochefort,IN,,TRUE,,,,,,
353,2026-04,EASYHOME,IN,,TRUE,,,,,,
,2026-04,,IN,,,,,,,,
354,2026-04,Clôtures Leblanc,IN,,TRUE,,,,,,
355,2026-04,Q-outlet,IN,Terrasse,FALSE,,,,,,
356,2026-04,Waterair,IN,,FALSE,,,,,,
357,2026-04,Au Stock,IN,,TRUE,,,,,,
,2026-04,,IN,,,,,,,,
,2026-04,,IN,,,,,,,,
,2026-04,,IN,,,,,,,,
,2026-04,,IN,,,,,,,,
,2026-04,,IN,,,,,,,,
401,2026-04,Waterair,IN,,TRUE,,,,,,
402,2026-04,EASYHOME,IN,,TRUE,,,,,,
403,2026-04,Promo sport,IN,,TRUE,,,,,,
404,2026-04,Brainbox,IN,,TRUE,,,,,,
405,2026-04,DEMA,IN,Jardin,TRUE,,,,,,
406,2026-04,Continentis,IN,,TRUE,,,,,,
407,2026-04,Waterair,IN,,TRUE,,,,,,
408,2026-04,DEMA,IN,Jardin,TRUE,,,,,,
409,2026-04,Continentis,IN,,TRUE,,,,,,
415,2026-04,Waterair,IN,,TRUE,,,,,,
,2026-04,,IN,,,,,,,,
,2026-04,,IN,,,,,,,,
,2026-04,,IN,,,,,,,,
,2026-04,,IN,,,,,,,,
,2026-04,,IN,,,,,,,,
,2026-04,,IN,,,,,,,,
,2026-04,,IN,,,,,,,,
,2026-04,,IN,,,,,,,,
,2026-04,,IN,,,,,,,,
501,2026-04,LMV,IN,Goffinet,FALSE,,LMV-notoriété-2024,OK,,,
502,2026-04,DPS,IN,,FALSE,,,,,,
,2026-04,,IN,,,,,OK,,,
,2026-04,,IN,,,,,,,,
505,2026-04,DPS,IN,,FALSE,,,,,,
506,2026-04,Continentis,IN,,TRUE,,,À DÉFINIR,,,
507,2026-04,DPS,IN,,FALSE,,,,,,
508,2026-04,Continentis,IN,,TRUE,,,,,,
509,2026-04,Waterair,IN,,FALSE,,,,,,
510,2026-04,DPS,IN,,TRUE,,,,,,
,2026-04,,IN,,,,,,,,
,2026-04,,IN,,,,,,,,
527,2026-04,Waterair,IN,,FALSE,,,,,,
512,2026-04,DPS,IN,,FALSE,,,,,,
513,2026-04,,IN,,,,,,,,
514,2026-04,Continentis,IN,,TRUE,,,,,,
515,2026-04,,IN,,,,,,,,
517,2026-04,Delhaize Lux,IN,,FALSE,,,,,,
518,2026-04,EASYHOME,IN,,TRUE,,,,,,
,2026-04,,IN,,,,,,,,
520,2026-04,Delhaize Lux,IN,,FALSE,,,,,,
521,2026-04,Brainbox,IN,,FALSE,,,,,,
525,2026-04,deBRY,IN,,FALSE,,,À DÉFINIR,,,
530,2026-04,DPS,IN,,FALSE,,,,,,
,2026-04,,IN,,,,,,,,
,2026-04,,IN,,,,,,,,
,2026-04,,IN,,,,,,,,
,2026-04,,IN,,,,,,,,
,2026-04,,IN,,,,,,,,
,2026-04,,IN,,,,,,,,
,2026-04,,IN,,,,,,,,
,2026-04,,IN,,,,,,,,
,2026-04,,IN,,,,,,,,
,2026-04,,IN,,,,,,,,
,2026-04,,IN,,,,,,,,
,2026-04,,IN,,,,,,,,
,2026-04,,IN,,,,,,,,
,2026-04,,OUT,,,,,,,,
102,2026-04,DEMA,OUT,Jardin,TRUE,,,,,,
,2026-04,,OUT,,,,,,,,
104,2026-04,EASYHOME,OUT,,,,,,,,
105,2026-04,Majois,OUT,,TRUE,,,,,,
106,2026-04,Continentis,OUT,,TRUE,,,,,,
107,2026-04,,OUT,,,,,,,,
108,2026-04,,OUT,,,,,,,,
109,2026-04,Continentis,OUT,,TRUE,,,,,,
110,2026-04,EASYHOME,OUT,,TRUE,,,,,,
111,2026-04,,OUT,,,,,,,,
112,2026-04,Continentis,OUT,,TRUE,,,,,,
113,2026-04,Continentis,OUT,,TRUE,,,,,,
114,2026-04,EASYHOME,OUT,,TRUE,,,,,,
,2026-04,,OUT,,,,,,,,
,2026-04,,OUT,,,,,,,,
,2026-04,,OUT,,,,,,,,
,2026-04,,OUT,,,,,,,,
,2026-04,,OUT,,,,,,,,
,2026-04,,OUT,,,,,,,,
,2026-04,,OUT,,,,,,,,
,2026-04,,OUT,,,,,,,,
,2026-04,,OUT,,,,,,,,
,2026-04,,OUT,,,,,,,,
201,2026-04,EASYHOME,OUT,,TRUE,,,,,,
202,2026-04,Waterair,OUT,,TRUE,,,,,,
203,2026-04,,OUT,,,,,,,,
204,2026-04,,OUT,,,,,,,,
205,2026-04,,OUT,,,,,,,,
206,2026-04,,OUT,,,,,,,,
207,2026-04,,OUT,,,,,,,,
208,2026-04,,OUT,,,,,,,,
209,2026-04,,OUT,,,,,,,,
210,2026-04,,OUT,,,,,,,,
211,2026-04,Continentis,OUT,,TRUE,,,,,,
212,2026-04,,OUT,,,,,,,,
213,2026-04,,OUT,,,,,,,,
214,2026-04,,OUT,,,,,,,,
215,2026-04,,OUT,,,,,,,,
216,2026-04,,OUT,,,,,,,,
227,2026-04,,OUT,,,,,,,,
217,2026-04,,OUT,,,,,,,,
218,2026-04,,OUT,,,,,,,,
,2026-04,,OUT,,,,,,,,
220,2026-04,,OUT,,,,,,,,
221,2026-04,,OUT,,,,,,,,
226,2026-04,,OUT,,,,,,,,
222,2026-04,,OUT,,,,,,,,
224,2026-04,,OUT,,,,,,,,
230,2026-04,DEMA,OUT,Jardin,TRUE,,,,,,
223,2026-04,,OUT,,,,,,,,
225,2026-04,EASYHOME,OUT,,TRUE,,,,,,
231,2026-04,,OUT,,,,,,,,
,2026-04,,OUT,,,,,,,,
,2026-04,,OUT,,,,,,,,
,2026-04,,OUT,,,,,,,,
,2026-04,,OUT,,,,,,,,
,2026-04,,OUT,,,,,,,,
,2026-04,,OUT,,,,,,,,
,2026-04,,OUT,,,,,,,,
,2026-04,,OUT,,,,,,,,
,2026-04,,OUT,,,,,,,,
,2026-04,,OUT,,,,,,,,
301,2026-04,ESPA,OUT,NEW,TRUE,,,,,,
,2026-04,,OUT,,,,,,,,
303,2026-04,Acces Habitat ,OUT,NEW,TRUE,,,,,,
304,2026-04,Fintro Huy,OUT,,TRUE,,,,,,
305,2026-04,Au Stock,OUT,,TRUE,,,,,,
306,2026-04,FIRR,OUT,,TRUE,,,,,,
307,2026-04,Piscinat,OUT,Notoriete,FALSE,,,,,,
367,2026-04,EASYHOME,OUT,,TRUE,,,,,,
308,2026-04,EASYHOME,OUT,,TRUE,,,,,,
319,2026-04,Lemineur,OUT,NEW,TRUE,,,,,,
309,2026-04,deBRY,OUT,,TRUE,,,,,,
310,2026-04,LMV,OUT,,FALSE,,,,,,
311,2026-04,EASYHOME,OUT,,TRUE,,,,,,
312,2026-04,Piscinat,OUT,Notoriete,TRUE,,,,,,
313,2026-04,Poils & Plumes Dinant,OUT,,TRUE,,,,,,
314,2026-04,EASYHOME,OUT,,TRUE,,,,,,
315,2026-04,Continentis,OUT,,TRUE,,,,,,
316,2026-04,Locadepot,OUT,bureau,TRUE,,,,,,
317,2026-04,Locadepot,OUT,bureau,TRUE,,,À DÉFINIR,,,
318,2026-04,,OUT,,,,,,,,
320,2026-04,,OUT,,,,,,,,
321,2026-04,,OUT,,,,,,,,
,2026-04,,OUT,,,,,,,,
323,2026-04,EASYHOME,OUT,,TRUE,,,,,,
324,2026-04,Continentis,OUT,,TRUE,,,,,,
325,2026-04,Waterair,OUT,,TRUE,,,,,,
326,2026-04,Garage Thunissen,OUT,NEW,TRUE,,GarageThunissen-2026,BÂCHE COMMANDÉE,Nouveau CC,,
327,2026-04,Garage Thunissen,OUT,NEW,TRUE,,,,,,
328,2026-04,Clôtures Leblanc,OUT,,TRUE,,,,,,
329,2026-04,Green Robot,OUT,New,TRUE,,,,,,
330,2026-04,Tonton tapis,OUT,,TRUE,,Tonton tapis-2020-notoriété,OK,,,
331,2026-04,Acces Habitat ,OUT,,TRUE,,,,,,
332,2026-04,Continentis,OUT,,TRUE,,,,,,
333,2026-04,DEMA,OUT,Jardin,TRUE,,,,,,
334,2026-04,Bloqué,OUT,,,,,,,,
335,2026-04,,OUT,,,,,,,,
336,2026-04,,OUT,,,,,,,,
337,2026-04,EASYHOME,OUT,,TRUE,,,,,,
338,2026-04,EASYHOME,OUT,,TRUE,,,,,,
339,2026-04,Continentis,OUT,,TRUE,,,,,,
340,2026-04,Locadepot BOX,OUT,,TRUE,,,,,,
341,2026-04,Locadepot BOX,OUT,,TRUE,,,,,,
365,2026-04,EASYHOME,OUT,,TRUE,,,,,,
342,2026-04,FIRR,OUT,,TRUE,,,,,,
343,2026-04,Clôtures Leblanc,OUT,,TRUE,,,,,,
344,2026-04,Acces Habitat ,OUT,,TRUE,,,,,,
363,2026-04,Clôtures Leblanc,OUT,,FALSE,,,,,,
345,2026-04,,OUT,,,,,,,,
346,2026-04,,OUT,,,,,,,,
359,2026-04,,OUT,,,,,,,,
360,2026-04,,OUT,,,,,,,,
361,2026-04,,OUT,,,,,,,,
,2026-04,,OUT,,,,,,,,
347,2026-04,Continentis,OUT,,TRUE,,,,,,
348,2026-04,LMV,OUT,,TRUE,,,,,,
349,2026-04,Waterair,OUT,,TRUE,,,,,,
350,2026-04,DEMA,OUT,Jardin,TRUE,,,,,,
351,2026-04,DPS,OUT,,TRUE,,,,,,
352,2026-04,EASYHOME,OUT,,TRUE,,,,,,
353,2026-04,DEMA,OUT,Jardin,TRUE,,,,,,
,2026-04,,OUT,,,,,,,,
354,2026-04,,OUT,,,,,,,,
355,2026-04,EASYHOME,OUT,,TRUE,,,,,,
356,2026-04,,OUT,,,,,,,,
357,2026-04,deBRY,OUT,,TRUE,,,,,,
,2026-04,,OUT,,,,,,,,
,2026-04,,OUT,,,,,,,,
,2026-04,,OUT,,,,,,,,
,2026-04,,OUT,,,,,,,,
,2026-04,,OUT,,,,,,,,
401,2026-04,,OUT,,,,,,,,
402,2026-04,,OUT,,,,,,,,
403,2026-04,Continentis,OUT,,TRUE,,,,,,
404,2026-04,EASYHOME,OUT,,TRUE,,,,,,
405,2026-04,,OUT,,,,,,,,
406,2026-04,,OUT,,,,,,,,
407,2026-04,,OUT,,,,,,,,
408,2026-04,,OUT,,,,,,,,
409,2026-04,,OUT,,,,,,,,
415,2026-04,Du Rouge Aux Lèvres,OUT,,TRUE,,Du rouge aux lévres-2025-rondpoint,OK,,,
,2026-04,,OUT,,,,,,,,
,2026-04,,OUT,,,,,,,,
,2026-04,,OUT,,,,,,,,
,2026-04,,OUT,,,,,,,,
,2026-04,,OUT,,,,,,,,
,2026-04,,OUT,,,,,,,,
,2026-04,,OUT,,,,,,,,
,2026-04,,OUT,,,,,,,,
,2026-04,,OUT,,,,,,,,
501,2026-04,DPS,OUT,,FALSE,,,,,,
502,2026-04,,OUT,,,,,,,,
,2026-04,,OUT,,,,,,,,
,2026-04,,OUT,,,,,,,,
505,2026-04,,OUT,,,,,,,,
506,2026-04,DPS,OUT,,FALSE,,,,,,
507,2026-04,Waterair,OUT,,FALSE,,,,,,
508,2026-04,DPS,OUT,,FALSE,,,,,,
509,2026-04,EASYHOME,OUT,,TRUE,,,,,,
510,2026-04,LMV,OUT,,,,,,,,
,2026-04,,OUT,,,,,,,,
,2026-04,,OUT,,,,,,,,
527,2026-04,EASYHOME,OUT,,TRUE,,,,,,
512,2026-04,LMV,OUT,,FALSE,,,,,,
513,2026-04,,OUT,,,,,,,,
514,2026-04,Delhaize Lux,OUT,,FALSE,,,,,,
515,2026-04,Delhaize Lux,OUT,,FALSE,,,,,,
517,2026-04,Knauf,OUT,,TRUE,,Knauf-2025-0b2bce7d,OK,,,
518,2026-04,Continentis,OUT,,TRUE,,,,,,
,2026-04,,OUT,,,,,,,,
520,2026-04,LMV,OUT,,FALSE,,,,,,
521,2026-04,,OUT,,,,,,,,
525,2026-04,DEMA,OUT,Jardin,TRUE,,,,,,
530,2026-04,Brainbox,OUT,,FALSE,,,,,,
,2026-04,,OUT,,,,,,,,
,2026-04,,OUT,,,,,,,,
,2026-04,,OUT,,,,,,,,
,2026-04,,OUT,,,,,,,,
,2026-04,,OUT,,,,,,,,
,2026-04,,OUT,,,,,,,,
,2026-04,,OUT,,,,,,,,
,2026-04,,OUT,,,,,,,,
,2026-04,,OUT,,,,,,,,
,2026-04,,OUT,,,,,,,,
,2026-04,,OUT,,,,,,,,
,2026-04,,OUT,,,,,,,,
,2026-04,,OUT,,,,,,,,
,2026-05,,IN,,,,,,,,
102,2026-05,Continentis,IN,,TRUE,,Continentis-2024,OK,,,
,2026-05,,IN,,,,,,,,
104,2026-05,CLL- langues,IN,,TRUE,,CLL- langues-2025,OK,,,
105,2026-05,Cap Sciences,IN,,TRUE,,Cap Sciences-2024-stages-ete,OK,,,
106,2026-05,Brainbox,IN,,TRUE,,Brainbox-2024-50%,OK,,,
107,2026-05,Cap Sciences,IN,,TRUE,,,,,,
108,2026-05,CLL- langues,IN,,TRUE,,,,,,
109,2026-05,,IN,,,,Waterair-2026-29900€,OK,,,
110,2026-05,Continentis,IN,,TRUE,,,,,,
111,2026-05,Continentis,IN,,TRUE,,,,,,
112,2026-05,Q-outlet,IN,RQP,TRUE,,Q-outlet-RapportQualitePrix-143e82ed,OK,,,
113,2026-05,Clôtures Leblanc,IN,,TRUE,,Clôtures Leblanc-2025,OK,,,
114,2026-05,Q-outlet,IN,RQP,TRUE,,,,,,
,2026-05,,IN,,,,,,,,
,2026-05,,IN,,,,,,,,
,2026-05,,IN,,,,,,,,
,2026-05,,IN,,,,,,,,
,2026-05,,IN,,,,,,,,
,2026-05,,IN,,,,,,,,
,2026-05,,IN,,,,,,,,
,2026-05,,IN,,,,,,,,
,2026-05,,IN,,,,,,,,
,2026-05,,IN,,,,,,,,
201,2026-05,,IN,,,,,,,,
202,2026-05,Continentis,IN,,TRUE,,,,,,
203,2026-05,Fintro Huy,IN,,TRUE,,Fintro Huy Jaumain-2023,OK,,,
204,2026-05,Continentis,IN,,TRUE,,,,,,
205,2026-05,Brainbox,IN,,TRUE,,,,,,
206,2026-05,Waterair,IN,,TRUE,,,,,,
207,2026-05,Waterair,IN,,TRUE,,,,,,
208,2026-05,EASYHOME,IN,,TRUE,,Easyhome2024,OK,,,
209,2026-05,Brainbox,IN,,TRUE,,,,,,
210,2026-05,Mobalpa Marche,IN,,TRUE,,Mobalpa Marche-2025,OK,,,
211,2026-05,Brainbox,IN,,TRUE,,,,,,
212,2026-05,,IN,,,,,,,,
213,2026-05,Waterair,IN,,TRUE,,,,,,
214,2026-05,Continentis,IN,,TRUE,,,,,,
215,2026-05,,IN,,,,,,,,
216,2026-05,Immo Cube,IN,,TRUE,,Immo Cube-2025,OK,,,
227,2026-05,Beobank Waremme,IN,,TRUE,,Beobank Waremme-2026,OK,,,
217,2026-05,Immo Cube,IN,,TRUE,,,,,,
218,2026-05,,IN,,,,,,,,
,2026-05,,IN,,,,,,,,
220,2026-05,Continentis,IN,,TRUE,,,,,,
221,2026-05,Waterair,IN,,TRUE,,,,,,
226,2026-05,Brainbox,IN,,TRUE,,,,,,
222,2026-05,Polarsun,IN,,TRUE,,Polarsun-2025,OK,,,
224,2026-05,,IN,,,,,,,,
230,2026-05,Brainbox,IN,,TRUE,,,,,,
223,2026-05,EASYHOME,IN,,TRUE,,,,,,
225,2026-05,EASYHOME,IN,,TRUE,,,,,,
231,2026-05,,IN,,,,,,,,
,2026-05,,IN,,,,,,,,
,2026-05,,IN,,,,,,,,
,2026-05,,IN,,,,,,,,
,2026-05,,IN,,,,,,,,
,2026-05,,IN,,,,,,,,
,2026-05,,IN,,,,,,,,
,2026-05,,IN,,,,,,,,
,2026-05,,IN,,,,,,,,
,2026-05,,IN,,,,,,,,
,2026-05,,IN,,,,,,,,
301,2026-05,Acces Habitat ,IN,,TRUE,,Acces Habitat-2026,OK,,,
,2026-05,,IN,,,,,,,,
303,2026-05,Au Stock,IN,,TRUE,,Au Stock-2026-robots,OK,,,
304,2026-05,Poils & Plumes Ciney,IN,,TRUE,,Poils&Plumes CDR-2026,OK,,,
305,2026-05,Acces Habitat ,IN,,TRUE,,,,,,
306,2026-05,Condroz Motor,IN,,TRUE,,Condroz Motor-2026,OK,,,
307,2026-05,Au Stock,IN,,TRUE,,,,,,
367,2026-05,Lemineur,IN,,TRUE,,Lemineur-2026,OK,,,
308,2026-05,Poils & Plumes Ciney,IN,,TRUE,,,,,,
319,2026-05,deBRY,IN,,TRUE,,,À DÉFINIR,,,
309,2026-05,Continentis,IN,,TRUE,,ImmoModul-purnode,BÂCHE COMMANDÉE,NEW Alain,,
310,2026-05,Jardisart,IN,,FALSE,,Jardisart-ouvertdimanche,OK,,,
311,2026-05,Tout faire Polissou,IN,,TRUE,,Tout Faire Polissou-2026,OK,,,
312,2026-05,Watt4U,IN,,TRUE,,Watt4U-notoriete,OK,,,
313,2026-05,Condroz Motor,IN,,TRUE,,,,,,
314,2026-05,Brainbox,IN,,TRUE,,,,,,
315,2026-05,EASYHOME,IN,ATTENTION,TRUE,,,,,,
316,2026-05,Brainbox,IN,,TRUE,,,,,,
317,2026-05,Poils & Plumes Dinant,IN,,TRUE,,Poils&Plumes CDR-2026,OK,,,
318,2026-05,Q-outlet,IN,RQP,TRUE,,,,,,
320,2026-05,Green Robot,IN,,TRUE,,Green Robot-2026,OK,,,
321,2026-05,Brainbox,IN,,TRUE,,,,,,
,2026-05,,IN,,,,,,,,
323,2026-05,Jardin Confort,IN,,TRUE,,Jardin Confort-2025-toiture,OK,,,
324,2026-05,Clôtures Leblanc,IN,,TRUE,,,,,,
325,2026-05,Q-outlet,IN,RQP,TRUE,,,,,,
326,2026-05,Majois,IN,,TRUE,,Majois-2026,OK,,,
327,2026-05,Clôtures Leblanc,IN,,TRUE,,,,,,
328,2026-05,Green Robot,IN,,TRUE,,,,,,
329,2026-05,Waterair,IN,,TRUE,,,,,,
330,2026-05,Waterair,IN,,TRUE,,,,,,
331,2026-05,Clôtures Leblanc,IN,,TRUE,,,,,,
332,2026-05,Q-outlet,IN,RQP,TRUE,,,,,,
333,2026-05,EASYHOME,IN,,TRUE,,,,,,
334,2026-05,Esperanzah,IN,NEW,TRUE,,Esperanzah-2026,BÂCHE COMMANDÉE,,,
335,2026-05,DEMA,IN,Extérieur,TRUE,,DEMA-2026-Ext-salon,BÂCHE COMMANDÉE,6 new CC + anciennes,,
336,2026-05,Brainbox,IN,,TRUE,,,,,,
337,2026-05,Waterair,IN,,TRUE,,,,,,
338,2026-05,Waterair,IN,,TRUE,,,,,,
339,2026-05,Marco Magazzino,IN,,TRUE,,Marco Magazzino-Fosse-2024,OK,,,
340,2026-05,DPS,IN,,TRUE,,,OK,,,
341,2026-05,DPS,IN,,TRUE,,,,,,
365,2026-05,Au Stock,IN,,TRUE,,,,,,
342,2026-05,EASYHOME,IN,,TRUE,,,,,,
343,2026-05,Brainbox,IN,,TRUE,,,,,,
344,2026-05,Q-outlet,IN,RQP,TRUE,,,,,,
363,2026-05,DEMA,IN,Extérieur,TRUE,,,,,,
345,2026-05,Waterair,IN,,TRUE,,,,,,
346,2026-05,Chris Home,IN,NEW,TRUE,,Chris Home-Berangere,BÂCHE COMMANDÉE,NEW Alain,,
359,2026-05,Waterair,IN,,TRUE,,,,,,
360,2026-05,,IN,,,,,,,,
361,2026-05,,IN,,,,,,,,
,2026-05,,IN,,,,,,,,
347,2026-05,BP Martelange,IN,,TRUE,,BP Martelange-2025-pepsi,OK,,,
348,2026-05,EASYHOME,IN,,TRUE,,,,,,
349,2026-05,DEMA,IN,Extérieur,TRUE,,,,,,
350,2026-05,Waterair,IN,,TRUE,,,,,,
351,2026-05,DEMA,IN,Extérieur,TRUE,,,,,,
352,2026-05,Mobalpa Marche,IN,,TRUE,,,,,,
353,2026-05,Poils & Plumes Rochefort,IN,,TRUE,,Poils&Plumes CDR-2026,OK,,,
,2026-05,,IN,,,,,,,,
354,2026-05,Majois,IN,,TRUE,,,,,,
355,2026-05,Rénovéranda,IN,,TRUE,,Rénovéranda-2025,OK,,,
356,2026-05,Brainbox,IN,,TRUE,,,,,,
357,2026-05,deBRY,IN,,TRUE,,,,,,
,2026-05,,IN,,,,,,,,
,2026-05,,IN,,,,,,,,
,2026-05,,IN,,,,,,,,
,2026-05,,IN,,,,,,,,
,2026-05,,IN,,,,,,,,
401,2026-05,Clôtures Leblanc,IN,,TRUE,,,,,,
402,2026-05,Majois,IN,IN,TRUE,,,,,,
403,2026-05,Continentis,IN,,TRUE,,,,,,
404,2026-05,Q-outlet,IN,RQP,TRUE,,,,,,
405,2026-05,,IN,,,,,,,,
406,2026-05,Waterair,IN,,TRUE,,,,,,
407,2026-05,Brainbox,IN,,TRUE,,,,,,
408,2026-05,,IN,,,,,,,,
409,2026-05,Continentis,IN,,TRUE,,,,,,
415,2026-05,Brainbox,IN,,TRUE,,,,,,
,2026-05,,IN,,,,,,,,
,2026-05,,IN,,,,,,,,
,2026-05,,IN,,,,,,,,
,2026-05,,IN,,,,,,,,
,2026-05,,IN,,,,,,,,
,2026-05,,IN,,,,,,,,
,2026-05,,IN,,,,,,,,
,2026-05,,IN,,,,,,,,
,2026-05,,IN,,,,,,,,
501,2026-05,Continentis,IN,,TRUE,,,,,,
502,2026-05,DPS,IN,,TRUE,,,,,,
,2026-05,,IN,,,,,,,,
,2026-05,,IN,,,,,,,,
505,2026-05,DPS,IN,,TRUE,,,,,,
506,2026-05,Continentis,IN,,TRUE,,,,,,
507,2026-05,DPS,IN,,TRUE,,,,,,
508,2026-05,Brainbox,IN,,TRUE,,,,,,
509,2026-05,Brainbox,IN,,TRUE,,,,,,
510,2026-05,DPS,IN,,TRUE,,,,,,
,2026-05,,IN,,,,,,,,
,2026-05,Brainbox,IN,,,,,,,,
527,2026-05,Brainbox,IN,,TRUE,,,,,,
512,2026-05,DPS,IN,,TRUE,,,,,,
513,2026-05,Continentis,IN,,TRUE,,,,,,
514,2026-05,,IN,,,,,,,,
515,2026-05,,IN,,,,,,,,
517,2026-05,Waterair,IN,,TRUE,,,,,,
518,2026-05,,IN,,,,,,,,
,2026-05,,IN,,,,,,,,
520,2026-05,Waterair,IN,,TRUE,,,,,,
521,2026-05,Continentis,IN,,TRUE,,,,,,
525,2026-05,EASYHOME,IN,,TRUE,,,,,,
530,2026-05,DPS,IN,,TRUE,,,,,,
,2026-05,,IN,,,,,,,,
,2026-05,,IN,,,,,,,,
,2026-05,,IN,,,,,,,,
,2026-05,,IN,,,,,,,,
,2026-05,,IN,,,,,,,,
,2026-05,,IN,,,,,,,,
,2026-05,,IN,,,,,,,,
,2026-05,,IN,,,,,,,,
,2026-05,,IN,,,,,,,,
,2026-05,,IN,,,,,,,,
,2026-05,,IN,,,,,,,,
,2026-05,,IN,,,,,,,,
,2026-05,,IN,,,,,,,,
,2026-05,,OUT,,,,,,,,
102,2026-05,DEMA,OUT,Extérieur,TRUE,,,,,,
,2026-05,,OUT,,,,,,,,
104,2026-05,Jardisart,OUT,Jardisart,TRUE,,,,,,
105,2026-05,Brainbox,OUT,,TRUE,,,,,,
106,2026-05,CLL- langues,OUT,,TRUE,,,,,,
107,2026-05,CLL- langues,OUT,,TRUE,,,,,,
108,2026-05,EASYHOME,OUT,,TRUE,,,,,,
109,2026-05,,OUT,,,,,,,,
110,2026-05,,OUT,,,,,,,,
111,2026-05,,OUT,,,,,,,,
112,2026-05,Christophe Charlet,OUT,gr,TRUE,,Christophe Charlet-2026,BÂCHE COMMANDÉE,NEW CC,,
113,2026-05,CLL- langues,OUT,,TRUE,,,,,,
114,2026-05,Graines de Vélo,OUT,,TRUE,,Graines de Vélo-notoriété,OK,,,
,2026-05,,OUT,,,,,,,,
,2026-05,,OUT,,,,,,,,
,2026-05,,OUT,,,,,,,,
,2026-05,,OUT,,,,,,,,
,2026-05,,OUT,,,,,,,,
,2026-05,,OUT,,,,,,,,
,2026-05,,OUT,,,,,,,,
,2026-05,,OUT,,,,,,,,
,2026-05,,OUT,,,,,,,,
,2026-05,,OUT,,,,,,,,
201,2026-05,,OUT,,,,,,,,
202,2026-05,Fintro Huy,OUT,,TRUE,,,,,,
203,2026-05,Continentis,OUT,,TRUE,,,,,,
204,2026-05,,OUT,,,,,,,,
205,2026-05,Fintro Huy,OUT,,TRUE,,,,,,
206,2026-05,EASYHOME,OUT,,TRUE,,,,,,
207,2026-05,Continentis,OUT,,TRUE,,,,,,
208,2026-05,EASYHOME,OUT,,TRUE,,,,,,
209,2026-05,EASYHOME,OUT,,TRUE,,,,,,
210,2026-05,EASYHOME,OUT,,TRUE,,,,,,
211,2026-05,EASYHOME,OUT,,TRUE,,,,,,
212,2026-05,,OUT,,,,,,,,
213,2026-05,,OUT,,,,,,,,
214,2026-05,,OUT,,,,,,,,
215,2026-05,,OUT,,,,,,,,
216,2026-05,,OUT,,,,,,,,
227,2026-05,Brainbox,OUT,,TRUE,,,,,,
217,2026-05,,OUT,,,,,,,,
218,2026-05,,OUT,,,,,,,,
,2026-05,,OUT,,,,,,,,
220,2026-05,,OUT,,,,,,,,
221,2026-05,,OUT,,,,,,,,
226,2026-05,,OUT,,,,,,,,
222,2026-05,,OUT,,,,,,,,
224,2026-05,,OUT,,,,,,,,
230,2026-05,DEMA,OUT,Extérieur,TRUE,,,,,,
223,2026-05,,OUT,,,,,,,,
225,2026-05,,OUT,,,,,,,,
231,2026-05,,OUT,,,,,,,,
,2026-05,,OUT,,,,,,,,
,2026-05,,OUT,,,,,,,,
,2026-05,,OUT,,,,,,,,
,2026-05,,OUT,,,,,,,,
,2026-05,,OUT,,,,,,,,
,2026-05,,OUT,,,,,,,,
,2026-05,,OUT,,,,,,,,
,2026-05,,OUT,,,,,,,,
,2026-05,,OUT,,,,,,,,
,2026-05,,OUT,,,,,,,,
301,2026-05,EASYHOME,OUT,,TRUE,,,,,,
,2026-05,,OUT,,,,,,,,
303,2026-05,Acces Habitat ,OUT,,TRUE,,,,,,
304,2026-05,Fintro Huy,OUT,,TRUE,,,,,,
305,2026-05,Lumarvel,OUT,,TRUE,,Lumarvel-2020-notoriété,OK,,,
306,2026-05,Clôtures Leblanc,OUT,,TRUE,,,,,,
307,2026-05,EASYHOME,OUT,,TRUE,,,,,,
367,2026-05,Tout faire Polissou,OUT,,TRUE,,,,,,
308,2026-05,Continentis,OUT,,TRUE,,,,,,
319,2026-05,Locadepot,OUT,bureau,TRUE,,,,,,
309,2026-05,Waterair,OUT,,TRUE,,,,,,
310,2026-05,Lemineur,OUT,,TRUE,,,,,,
311,2026-05,Mobalpa Marche,OUT,,TRUE,,,,,,
312,2026-05,Au Stock,OUT,,TRUE,,,,,,
313,2026-05,ImmoModul,OUT,,,,,,,,
314,2026-05,Poils & Plumes Dinant,OUT,,TRUE,,,,,,
315,2026-05,Tonton tapis,OUT,,TRUE,,Tonton tapis-2020-notoriété,OK,,,
316,2026-05,Locadepot BOX,OUT,,TRUE,,,,,,
317,2026-05,EASYHOME,OUT,,TRUE,,,,,,
318,2026-05,Continentis,OUT,,TRUE,,,,,,
320,2026-05,Jardisart,OUT,,TRUE,,,,,,
321,2026-05,Continentis,OUT,,TRUE,,,,,,
,2026-05,,OUT,,,,,,,,
323,2026-05,EASYHOME,OUT,,TRUE,,,,,,
324,2026-05,Graines de Vélo,OUT,,TRUE,,,,,,
325,2026-05,DEMA,OUT,Extérieur,TRUE,,,,,,
326,2026-05,Rénovéranda,OUT,,TRUE,,,,,,
327,2026-05,EASYHOME,OUT,,TRUE,,,,,,
328,2026-05,Kids and us Gembloux,OUT,,TRUE,,Kids and us Gembloux,OK,,,
329,2026-05,CLL- langues,OUT,,TRUE,,,,,,
330,2026-05,DEMA,OUT,Extérieur,TRUE,,,,,,
331,2026-05,DEMA,OUT,Extérieur,TRUE,,,,,,
332,2026-05,EASYHOME,OUT,,TRUE,,,,,,
333,2026-05,Continentis,OUT,,TRUE,,,,,,
334,2026-05,Bloqué,OUT,,,,,,,,
335,2026-05,Watt4U,OUT,,TRUE,,,,,,
336,2026-05,EASYHOME,OUT,,TRUE,,,,,,
337,2026-05,Pessleux,OUT,,TRUE,,Pessleux-serres,OK,,,
338,2026-05,EASYHOME,OUT,,TRUE,,,,,,
339,2026-05,Waterair,OUT,,TRUE,,,,,,
340,2026-05,EASYHOME,OUT,,TRUE,,,,,,
341,2026-05,EASYHOME,OUT,,TRUE,,,,,,
365,2026-05,EASYHOME,OUT,,TRUE,,,,,,
342,2026-05,EASYHOME,OUT,,TRUE,,,,,,
343,2026-05,Acces Habitat ,OUT,,TRUE,,,,,,
344,2026-05,Green Robot,OUT,,TRUE,,,,,,
363,2026-05,DPS,OUT,,TRUE,,,,,,
345,2026-05,Locadepot BOX,OUT,,TRUE,,,,,,
346,2026-05,ImmoModul,OUT,NEW,,,,,,,
359,2026-05,,OUT,,,,,,,,
360,2026-05,,OUT,,,,,,,,
361,2026-05,,OUT,,,,,,,,
,2026-05,,OUT,,,,,,,,
347,2026-05,EASYHOME,OUT,,TRUE,,,,,,
348,2026-05,EASYHOME,OUT,,TRUE,,,,,,
349,2026-05,EASYHOME,OUT,,TRUE,,,,,,
350,2026-05,Poils & Plumes Rochefort,OUT,,TRUE,,,,,,
351,2026-05,Waterair,OUT,,TRUE,,,,,,
352,2026-05,EASYHOME,OUT,,TRUE,,,,,,
353,2026-05,EASYHOME,OUT,,TRUE,,,,,,
,2026-05,,OUT,,,,,,,,
354,2026-05,Chris Home,OUT,NEW,TRUE,,,,,,
355,2026-05,,OUT,,,,,,,,
356,2026-05,,OUT,,,,,,,,
357,2026-05,Tout Faire Polissou,OUT,,TRUE,,,,,,
,2026-05,,OUT,,,,,,,,
,2026-05,,OUT,,,,,,,,
,2026-05,,OUT,,,,,,,,
,2026-05,,OUT,,,,,,,,
,2026-05,,OUT,,,,,,,,
401,2026-05,,OUT,,,,,,,,
402,2026-05,,OUT,,,,,,,,
403,2026-05,,OUT,,,,,,,,
404,2026-05,,OUT,,,,,,,,
405,2026-05,,OUT,,,,,,,,
406,2026-05,,OUT,,,,,,,,
407,2026-05,DEMA,OUT,Extérieur,TRUE,,,,,,
408,2026-05,,OUT,,,,,,,,
409,2026-05,,OUT,,,,,,,,
415,2026-05,Du Rouge Aux Lèvres,OUT,,TRUE,,Du rouge aux lévres-2025-rondpoint,OK,,,
,2026-05,,OUT,,,,,,,,
,2026-05,,OUT,,,,,,,,
,2026-05,,OUT,,,,,,,,
,2026-05,,OUT,,,,,,,,
,2026-05,,OUT,,,,,,,,
,2026-05,,OUT,,,,,,,,
,2026-05,,OUT,,,,,,,,
,2026-05,,OUT,,,,,,,,
,2026-05,,OUT,,,,,,,,
501,2026-05,DPS,OUT,,TRUE,,,,,,
502,2026-05,Waterair,OUT,,TRUE,,,,,,
,2026-05,,OUT,,,,,,,,
,2026-05,,OUT,,,,,,,,
505,2026-05,,OUT,,,,,,,,
506,2026-05,DPS,OUT,,TRUE,,,,,,
507,2026-05,,OUT,,,,,,,,
508,2026-05,DPS,OUT,,TRUE,,,,,,
509,2026-05,,OUT,,,,,,,,
510,2026-05,EASYHOME,OUT,,TRUE,,,,,,
,2026-05,,OUT,,,,,,,,
,2026-05,,OUT,,,,,,,,
527,2026-05,EASYHOME,OUT,,TRUE,,,,,,
512,2026-05,Mobalpa Marche,OUT,,TRUE,,,,,,
513,2026-05,,OUT,,,,,,,,
514,2026-05,Delhaize Lux,OUT,,TRUE,,Delhaize Lux-2025-fleche-pommerloch,OK,,,
515,2026-05,Delhaize Lux,OUT,,TRUE,,,,,,
517,2026-05,knauf,OUT,,TRUE,,Knauf-2025-0b2bce7d,OK,,,
518,2026-05,,OUT,,,,,,,,
,2026-05,,OUT,,,,,,,,
520,2026-05,,OUT,,,,,,,,
521,2026-05,,OUT,,,,,,,,
525,2026-05,DEMA,OUT,Extérieur,TRUE,,,,,,
530,2026-05,Waterair,OUT,,TRUE,,,,,,
,2026-05,,OUT,,,,,,,,
,2026-05,,OUT,,,,,,,,
,2026-05,,OUT,,,,,,,,
,2026-05,,OUT,,,,,,,,
,2026-05,,OUT,,,,,,,,
,2026-05,,OUT,,,,,,,,
,2026-05,,OUT,,,,,,,,
,2026-05,,OUT,,,,,,,,
,2026-05,,OUT,,,,,,,,
,2026-05,,OUT,,,,,,,,
,2026-05,,OUT,,,,,,,,
,2026-05,,OUT,,,,,,,,
,2026-05,,OUT,,,,,,,,
,2026-06,,IN,,,,,,,,
102,2026-06,Promo sport,IN,,TRUE,,,BÂCHE REÇUE,???,,
,2026-06,,IN,,,,,,,,
104,2026-06,CLL- langues,IN,,TRUE,,CLL- langues-2025,OK,,,
105,2026-06,CLL- langues,IN,,TRUE,,,,,,
106,2026-06,CLL- langues,IN,,TRUE,,,,,,
107,2026-06,Cap Sciences,IN,,TRUE,,Cap Sciences-2024-stages-ete,OK,,,
108,2026-06,EASYHOME,IN,,TRUE,,Easyhome2024,OK,,,
109,2026-06,Continentis,IN,,TRUE,,Continentis-2024,OK,,,
110,2026-06,Continentis,IN,,TRUE,,,,,,
111,2026-06,Continentis,IN,,TRUE,,,,,,
112,2026-06,Q-outlet,IN,Pied,TRUE,,Q-outlet-2025_toute-l-annee,OK,,,
113,2026-06,Brainbox,IN,,TRUE,,Brainbox-2024-50%,OK,,,
114,2026-06,CFS,IN,NEW,TRUE,,CFS-2026-ottignies,BÂCHE COMMANDÉE,New Dépot - attention emplacement,,
,2026-06,,IN,,,,,,,,
,2026-06,,IN,,,,,,,,
,2026-06,,IN,,,,,,,,
,2026-06,,IN,,,,,,,,
,2026-06,,IN,,,,,,,,
,2026-06,,IN,,,,,,,,
,2026-06,,IN,,,,,,,,
,2026-06,,IN,,,,,,,,
,2026-06,,IN,,,,,,,,
,2026-06,,IN,,,,,,,,
201,2026-06,Hannosset,IN,,TRUE,,Hannosset-2026,OK,,,
202,2026-06,Q-outlet,IN,,TRUE,,,,,,
203,2026-06,Carbelle,IN,NEW,TRUE,,Carbelle-Switch,BÂCHE COMMANDÉE,,,
204,2026-06,Hannosset,IN,,TRUE,,,,,,
205,2026-06,Hannosset,IN,,TRUE,,,,,,
206,2026-06,Fintro Huy,IN,,TRUE,,Fintro Huy Jaumain-2023,OK,,,
207,2026-06,Carbelle,IN,NEW,TRUE,,,,,,
208,2026-06,EASYHOME,IN,,TRUE,,,,,,
209,2026-06,,IN,,,,,,,,
210,2026-06,EASYHOME,IN,,TRUE,,,,,,
211,2026-06,Carbelle,IN,NEW,TRUE,,,,,,
212,2026-06,,IN,,,,,,,,
213,2026-06,Continentis,IN,,TRUE,,,,,,
214,2026-06,,IN,,,,,,,,
215,2026-06,,IN,,,,,,,,
216,2026-06,Immo Cube,IN,,TRUE,,Immo Cube-2025,OK,,,
227,2026-06,Continentis,IN,,TRUE,,,,,,
217,2026-06,Immo Cube,IN,,TRUE,,,,,,
218,2026-06,Continentis,IN,,TRUE,,,,,,
,2026-06,,IN,,,,,,,,
220,2026-06,,IN,,,,,,,,
221,2026-06,,IN,,,,,,,,
226,2026-06,,IN,,,,,,,,
222,2026-06,BOA,IN,NEW,TRUE,,BOA-2026,BÂCHE COMMANDÉE,New CC,,
224,2026-06,Continentis,IN,,TRUE,,,,,,
230,2026-06,,IN,,,,,,,,
223,2026-06,EASYHOME,IN,,TRUE,,,,,,
225,2026-06,DEMA,IN,Extérieur,TRUE,,DEMA-2026-Ext-Pergola,OK,,,
231,2026-06,,IN,,,,,,,,
,2026-06,,IN,,,,,,,,
,2026-06,,IN,,,,,,,,
,2026-06,,IN,,,,,,,,
,2026-06,,IN,,,,,,,,
,2026-06,,IN,,,,,,,,
,2026-06,,IN,,,,,,,,
,2026-06,,IN,,,,,,,,
,2026-06,,IN,,,,,,,,
,2026-06,,IN,,,,,,,,
,2026-06,,IN,,,,,,,,
301,2026-06,Fintro Huy,IN,,TRUE,,,,,,
,2026-06,,IN,,,,,,,,
303,2026-06,Acces Habitat ,IN,,TRUE,,Acces Habitat-2026,OK,,,
304,2026-06,Au Stock,IN,,FALSE,,Au Stock-2026-PlusJamais,FICHIER RELANCE,,,
305,2026-06,Acces Habitat ,IN,,TRUE,,,,,,
306,2026-06,Condroz Motor,IN,,TRUE,,Condroz Motor-2026,OK,Attention encore une ancienne,,
307,2026-06,Poils & Plumes Ciney,IN,5 ans,TRUE,,PPciney-anniversaire-2026,BÂCHE REÇUE,New Dépot,,
367,2026-06,Lemineur,IN,,TRUE,,Lemineur-2026,OK,,,
308,2026-06,Poils & Plumes Ciney,IN,5 ans,TRUE,,,,,,
319,2026-06,Poils & Plumes Ciney,IN,5 ans,TRUE,,,,,,
309,2026-06,deBRY,IN,,TRUE,,,À DÉFINIR,,,
310,2026-06,Poils & Plumes Ciney,IN,5 ans,FALSE,,,,,,
311,2026-06,DPS,IN,,TRUE,,DPS-coca-7-19,OK,,,
312,2026-06,Intermarché Ciney,IN,NEW,TRUE,,Intermarché Ciney-ouverture,BÂCHE COMMANDÉE,New CC,,
313,2026-06,PT Festival,IN,,TRUE,,PT Festival-2026,BÂCHE COMMANDÉE,New CC,,
314,2026-06,Condroz Motor,IN,,FALSE,,,,,,
315,2026-06,Clôtures Leblanc,IN,,TRUE,,Clôtures Leblanc-2025,OK,,,
316,2026-06,Locadepot,IN,,TRUE,,Locadepot-3I-4,OK,Bureau,,
317,2026-06,Tout Faire Polissou,IN,,TRUE,,Tout Faire Polissou-2026,OK,,,
318,2026-06,Continentis,IN,,TRUE,,,,,,
320,2026-06,Q-outlet,IN,Pied,TRUE,,,,,,
321,2026-06,,IN,,,,,,,,
,2026-06,,IN,,,,,,,,
323,2026-06,Athénée Gembloux ,IN,,TRUE,,Athénée Gembloux-2025,OK,,,
324,2026-06,Green Robot,IN,,TRUE,,Green Robot-2026,OK,,,
325,2026-06,Continentis,IN,,TRUE,,,,,,
326,2026-06,Clôtures Leblanc,IN,,TRUE,,,,,,
327,2026-06,Promo sport,IN,,TRUE,,,,,,
328,2026-06,Kids and us Gembloux,IN,,TRUE,,Kids and us Gembloux,OK,,,
329,2026-06,CLL- langues,IN,,TRUE,,,,,,
330,2026-06,EASYHOME,IN,,TRUE,,,,,,
331,2026-06,Brainbox,IN,,TRUE,,,,,,
332,2026-06,PT Festival,IN,NEW,TRUE,,,,,,
333,2026-06,PT Festival,IN,NEW,TRUE,,,,,,
334,2026-06,Q-outlet,IN,Pied,TRUE,,,,,,
335,2026-06,Carbelle,IN,NEW,FALSE,,,,,,
336,2026-06,PT Festival,IN,NEW,TRUE,,,,,,
337,2026-06,Chris Home,IN,OPTION,TRUE,,,FICHIER CLIENT,,,
338,2026-06,PT Festival,IN,NEW,TRUE,,,,,,
339,2026-06,Q-outlet,IN,Pied,TRUE,,,,,,
340,2026-06,Promo sport,IN,,TRUE,,,,,,
341,2026-06,ADSL,IN,,TRUE,,ADSL-2026-Habay 501,BÂCHE REÇUE,New Dépot - attention emplacement,,
365,2026-06,Carbelle,IN,NEW,TRUE,,,,,,
342,2026-06,Concours Arville ,IN,,TRUE,,Arville-date2024,AUTOCOLLANT COMMANDÉ,Autocollant date,,
343,2026-06,Q-outlet,IN,Pied,TRUE,,,,,,
344,2026-06,Acces Habitat ,IN,,TRUE,,,,,,
363,2026-06,Au Stock,IN,,TRUE,,,,,,
345,2026-06,,IN,,,,,,,,
346,2026-06,,IN,,,,,,,,
359,2026-06,Locadepot BOX,IN,,TRUE,,,,,,
360,2026-06,,IN,,,,,,,,
361,2026-06,Continentis,IN,,TRUE,,,,,,
,2026-06,,IN,,,,,,,,
347,2026-06,BP Martelange,IN,,TRUE,,BPmartelange-coca-1098,OK,,,
348,2026-06,Bièrez-vous asbl,IN,,TRUE,,Bièrez-vous asbl-2024,OK,,,
349,2026-06,DEMA,IN,Extérieur,TRUE,,,,,,
350,2026-06,Brainbox,IN,,TRUE,,,,,,
351,2026-06,DEMA,IN,Extérieur,TRUE,,,,,,
352,2026-06,EASYHOME,IN,,TRUE,,,,,,
353,2026-06,EASYHOME,IN,,TRUE,,,,,,
,2026-06,,IN,,,,,,,,
354,2026-06,Chris Home Berangère,IN,NEW,TRUE,,Chris Home Berangère-Parlons,BÂCHE COMMANDÉE,New CC,,
355,2026-06,,IN,,,,,,,,
356,2026-06,Clôtures Leblanc,IN,,TRUE,,,,,,
357,2026-06,Au Stock,IN,,TRUE,,,,,,
,2026-06,,IN,,,,,,,,
,2026-06,,IN,,,,,,,,
,2026-06,,IN,,,,,,,,
,2026-06,,IN,,,,,,,,
,2026-06,,IN,,,,,,,,
401,2026-06,Carbelle,IN,NEW,TRUE,,,,,,
402,2026-06,,IN,,,,,,,,
403,2026-06,Clôtures Leblanc,IN,,TRUE,,,,,,
404,2026-06,Continentis,IN,,TRUE,,,,,,
405,2026-06,DEMA,IN,Extérieur,FALSE,,,,,,
406,2026-06,,IN,,,,,,,,
407,2026-06,Carbelle,IN,NEW,TRUE,,,,,,
408,2026-06,DEMA,IN,Extérieur,TRUE,,,,,,
409,2026-06,Continentis,IN,,TRUE,,,,,,
415,2026-06,Carbelle,IN,NEW,TRUE,,,,,,
,2026-06,,IN,,,,,,,,
,2026-06,,IN,,,,,,,,
,2026-06,,IN,,,,,,,,
,2026-06,,IN,,,,,,,,
,2026-06,,IN,,,,,,,,
,2026-06,,IN,,,,,,,,
,2026-06,,IN,,,,,,,,
,2026-06,,IN,,,,,,,,
,2026-06,,IN,,,,,,,,
501,2026-06,ADSL,IN,NEW,TRUE,,,,,,
502,2026-06,DPS,IN,,TRUE,,,,,,
,2026-06,,IN,,,,,,,,
,2026-06,,IN,,,,,,,,
505,2026-06,DPS,IN,,TRUE,,,,,,
506,2026-06,Continentis,IN,,TRUE,,,,,,
507,2026-06,DPS,IN,,TRUE,,,,,,
508,2026-06,Continentis,IN,,TRUE,,,,,,
509,2026-06,,IN,,,,,,,,
510,2026-06,DPS,IN,,TRUE,,,,,,
,2026-06,,IN,,,,,,,,
,2026-06,,IN,,,,,,,,
527,2026-06,EASYHOME,IN,,TRUE,,,,,,
512,2026-06,DPS,IN,,TRUE,,,,,,
513,2026-06,Continentis,IN,,TRUE,,,,,,
514,2026-06,,IN,,,,,OK,,,
515,2026-06,,IN,,,,,,,,
517,2026-06,Delhaize Lux,IN,,TRUE,,Delhaize Lux-2025-fleche-pommerloch,OK,,,
518,2026-06,,IN,,,,,,,,
,2026-06,,IN,,,,,,,,
520,2026-06,Delhaize Lux,IN,,TRUE,,,,,,
521,2026-06,Brainbox,IN,,TRUE,,,,,,
525,2026-06,deBRY,IN,,TRUE,,,,,,
530,2026-06,DPS,IN,,TRUE,,,,,,
,2026-06,,IN,,,,,,,,
,2026-06,,IN,,,,,,,,
,2026-06,,IN,,,,,,,,
,2026-06,,IN,,,,,,,,
,2026-06,,IN,,,,,,,,
,2026-06,,IN,,,,,,,,
,2026-06,,IN,,,,,,,,
,2026-06,,IN,,,,,,,,
,2026-06,,IN,,,,,,,,
,2026-06,,IN,,,,,,,,
,2026-06,,IN,,,,,,,,
,2026-06,,IN,,,,,,,,
,2026-06,,IN,,,,,,,,
,2026-06,,OUT,,,,,,,,
102,2026-06,Clôtures Leblanc,OUT,,TRUE,,,,,,
,2026-06,,OUT,,,,,,,,
104,2026-06,CFS,OUT,NEW,TRUE,,,,,,
105,2026-06,Cap Sciences,OUT,,TRUE,,,,,,
106,2026-06,EASYHOME,OUT,,TRUE,,,,,,
107,2026-06,CLL- langues,OUT,,TRUE,,,,,,
108,2026-06,EASYHOME,OUT,,TRUE,,,,,,
109,2026-06,,OUT,,,,,,,,
110,2026-06,Christophe Charlet,OUT,gr,TRUE,,Christophe Charlet-2026,OK,,,
111,2026-06,Green Robot,OUT,,TRUE,,,,,,
112,2026-06,,OUT,,,,,,,,
113,2026-06,CLL- langues,OUT,,TRUE,,,,,,
114,2026-06,Chris Home Jessica,OUT,NEW,TRUE,,Chris Home-2026-Jessica,BÂCHE COMMANDÉE,,,
,2026-06,,OUT,,,,,,,,
,2026-06,,OUT,,,,,,,,
,2026-06,,OUT,,,,,,,,
,2026-06,,OUT,,,,,,,,
,2026-06,,OUT,,,,,,,,
,2026-06,,OUT,,,,,,,,
,2026-06,,OUT,,,,,,,,
,2026-06,,OUT,,,,,,,,
,2026-06,,OUT,,,,,,,,
,2026-06,,OUT,,,,,,,,
201,2026-06,Krys Hannut,OUT,,TRUE,,Krys Hannut-braderie2026,BÂCHE COMMANDÉE,New CC,,
202,2026-06,Krys Hannut,OUT,,TRUE,,,,,,
203,2026-06,,OUT,,,,,,,,
204,2026-06,Fintro Huy,OUT,,TRUE,,,,,,
205,2026-06,Continentis,OUT,,TRUE,,,,,,
206,2026-06,EASYHOME,OUT,,TRUE,,,,,,
207,2026-06,Continentis,OUT,,TRUE,,,,,,
208,2026-06,,OUT,,,,,,,,
209,2026-06,,OUT,,,,,,,,
210,2026-06,,OUT,,,,,,,,
211,2026-06,EASYHOME,OUT,,TRUE,,,,,,
212,2026-06,,OUT,,,,,,,,
213,2026-06,,OUT,,,,,,,,
214,2026-06,,OUT,,,,,,,,
215,2026-06,Hannosset,OUT,,TRUE,,,,,,
216,2026-06,Hannosset,OUT,,,,,,,,
227,2026-06,,OUT,,,,,,,,
217,2026-06,,OUT,,,,,,,,
218,2026-06,,OUT,,,,,,,,
,2026-06,,OUT,,,,,,,,
220,2026-06,,OUT,,,,,,,,
221,2026-06,,OUT,,,,,,,,
226,2026-06,,OUT,,,,,,,,
222,2026-06,EASYHOME,OUT,,TRUE,,,,,,
224,2026-06,,OUT,,,,,,,,
230,2026-06,DEMA,OUT,Extérieur,TRUE,,,,,,
223,2026-06,Bièrez-vous asbl,OUT,,TRUE,,,,,,
225,2026-06,EASYHOME,OUT,,TRUE,,,,,,
231,2026-06,,OUT,,,,,,,,
,2026-06,,OUT,,,,,,,,
,2026-06,,OUT,,,,,,,,
,2026-06,,OUT,,,,,,,,
,2026-06,,OUT,,,,,,,,
,2026-06,,OUT,,,,,,,,
,2026-06,,OUT,,,,,,,,
,2026-06,,OUT,,,,,,,,
,2026-06,,OUT,,,,,,,,
,2026-06,,OUT,,,,,,,,
,2026-06,,OUT,,,,,,,,
301,2026-06,Acces Habitat ,OUT,,TRUE,,,,,,
,2026-06,,OUT,,,,,,,,
303,2026-06,Fintro Huy,OUT,,TRUE,,,,,,
304,2026-06,Poils & Plumes Ciney,OUT,5 ans,TRUE,,,,,,
305,2026-06,Locadepot,OUT,,TRUE,,,,,,
306,2026-06,Continentis,OUT,,TRUE,,,,,,
307,2026-06,EASYHOME,OUT,,TRUE,,,,,,
367,2026-06,EASYHOME,OUT,,TRUE,,,,,,
308,2026-06,Intermarché Ciney,OUT,NEW,TRUE,,,,,,
319,2026-06,Intermarché Ciney,OUT,NEW,TRUE,,,,,,
309,2026-06,Lemineur,OUT,,TRUE,,,,,,
310,2026-06,Intermarché Ciney,OUT,NEW,TRUE,,,,,,
311,2026-06,Tout Faire Polissou,OUT,,TRUE,,,,,,
312,2026-06,Tout Faire Polissou,OUT,,TRUE,,,,,,
313,2026-06,Au Stock,OUT,,TRUE,,,,,,
314,2026-06,Bièrez-vous asbl,OUT,,TRUE,,,,,,
315,2026-06,PT Festival,OUT,NEW,TRUE,,,,,,
316,2026-06,PT Festival,OUT,NEW,TRUE,,,,,,
317,2026-06,PT Festival,OUT,NEW,TRUE,,,,,,
318,2026-06,,OUT,,,,,,,,
320,2026-06,,OUT,,,,,,,,
321,2026-06,,OUT,,,,,,,,
,2026-06,,OUT,,,,,,,,
323,2026-06,EASYHOME,OUT,,TRUE,,,,,,
324,2026-06,,OUT,,,,,,,,
325,2026-06,Graines de Vélo,OUT,,TRUE,,Graines de Vélo-notoriété,OK,,,
326,2026-06,Q-outlet,OUT,Pied,TRUE,,,,,,
327,2026-06,Athénée Gembloux ,OUT,,TRUE,,,,,,
328,2026-06,Graines de Vélo,OUT,,TRUE,,Graines de Vélo-notoriété,OK,,,
329,2026-06,EASYHOME,OUT,,TRUE,,,,,,
330,2026-06,DEMA,OUT,Extérieur,TRUE,,,,,,
331,2026-06,Acces Habitat ,OUT,,TRUE,,,,,,
332,2026-06,EASYHOME,OUT,,TRUE,,,,,,
333,2026-06,DEMA,OUT,Extérieur,TRUE,,,,,,
334,2026-06,Bloqué,OUT,Bloqué,,,,,,,
335,2026-06,EASYHOME,OUT,,FALSE,,,,,,
336,2026-06,EASYHOME,OUT,,TRUE,,,,,,
337,2026-06,Pessleux,OUT,,TRUE,,Pessleux-serres,OK,,,
338,2026-06,Continentis,OUT,,TRUE,,,,,,
339,2026-06,,OUT,,,,,,,,
340,2026-06,EASYHOME,OUT,,TRUE,,,,,,
341,2026-06,EASYHOME,OUT,,TRUE,,,,,,
365,2026-06,Bièrez-vous asbl,OUT,,TRUE,,,,,,
342,2026-06,Clôtures Leblanc,OUT,,TRUE,,,,,,
343,2026-06,Concours Arville,OUT,HANSE,TRUE,,,,,,
344,2026-06,Hanse Meubles,OUT,NEW,TRUE,,Hanse Meubles-Soin-Interieur,BÂCHE COMMANDÉE,déposé au pied de la remorque,,
363,2026-06,DEMA,OUT,Extérieur,TRUE,,,,,,
345,2026-06,,OUT,,,,,,,,
346,2026-06,,OUT,,,,,OK,,,
359,2026-06,,OUT,,,,,,,,
360,2026-06,,OUT,,,,,,,,
361,2026-06,,OUT,,,,,,,,
,2026-06,,OUT,,,,,,,,
347,2026-06,EASYHOME,OUT,,TRUE,,,,,,
348,2026-06,EASYHOME,OUT,,TRUE,,,,,,
349,2026-06,Carbelle,OUT,NEW,TRUE,,,,,,
350,2026-06,DPS,OUT,,TRUE,,,,,,
351,2026-06,EASYHOME,OUT,,TRUE,,,,,,
352,2026-06,Bièrez-vous asbl,OUT,,TRUE,,,,,,
353,2026-06,EASYHOME,OUT,,TRUE,,,,,,
,2026-06,,OUT,,,,,,,,
354,2026-06,,OUT,,,,,,,,
355,2026-06,,OUT,,,,,,,,
356,2026-06,Chris Home Berangère,OUT,NEW,TRUE,,,,,,
357,2026-06,Poils & Plumes Ciney,OUT,5 ans,TRUE,,,,,,
,2026-06,,OUT,,,,,,,,
,2026-06,,OUT,,,,,,,,
,2026-06,,OUT,,,,,,,,
,2026-06,,OUT,,,,,,,,
,2026-06,,OUT,,,,,,,,
401,2026-06,,OUT,,,,,,,,
402,2026-06,,OUT,,,,,,,,
403,2026-06,Promo sport,OUT,,TRUE,,,,,,
404,2026-06,,OUT,,,,,,,,
405,2026-06,,OUT,,,,,,,,
406,2026-06,,OUT,,,,,,,,
407,2026-06,,OUT,,,,,,,,
408,2026-06,,OUT,,,,,,,,
409,2026-06,DEMA,OUT,Extérieur,TRUE,,,,,,
415,2026-06,Du Rouge Aux Lèvres,OUT,,TRUE,,Du rouge aux lévres-2025-rondpoint,OK,,,
,2026-06,,OUT,,,,,,,,
,2026-06,,OUT,,,,,,,,
,2026-06,,OUT,,,,,,,,
,2026-06,,OUT,,,,,,,,
,2026-06,,OUT,,,,,,,,
,2026-06,,OUT,,,,,,,,
,2026-06,,OUT,,,,,,,,
,2026-06,,OUT,,,,,,,,
,2026-06,,OUT,,,,,,,,
501,2026-06,DPS,OUT,,TRUE,,,,,,
502,2026-06,Carbelle,OUT,NEW,TRUE,,,,,,
,2026-06,,OUT,,,,,,,,
,2026-06,,OUT,,,,,,,,
505,2026-06,,OUT,,,,,,,,
506,2026-06,DPS,OUT,,TRUE,,,,,,
507,2026-06,,OUT,,,,,,,,
508,2026-06,DPS,OUT,,TRUE,,,,,,
509,2026-06,,OUT,,,,,,,,
510,2026-06,EASYHOME,OUT,,TRUE,,,,,,
,2026-06,,OUT,,,,,,,,
,2026-06,,OUT,,,,,,,,
527,2026-06,,OUT,,,,,,,,
512,2026-06,EASYHOME,OUT,,TRUE,,,,,,
513,2026-06,,OUT,,,,,,,,
514,2026-06,Delhaize Lux,OUT,,TRUE,,,,,,
515,2026-06,Delhaize Lux,OUT,,TRUE,,,,,,
517,2026-06,knauf,OUT,,TRUE,,Knauf-2025-0b2bce7d,OK,,,
518,2026-06,,OUT,,,,,,,,
,2026-06,,OUT,,,,,,,,
520,2026-06,,OUT,,,,,,,,
521,2026-06,,OUT,,,,,,,,
525,2026-06,DEMA,OUT,Extérieur,TRUE,,,,,,
530,2026-06,Brainbox,OUT,,FALSE,,,,,,
,2026-06,,OUT,,,,,,,,
,2026-06,,OUT,,,,,,,,
,2026-06,,OUT,,,,,,,,
,2026-06,,OUT,,,,,,,,
,2026-06,,OUT,,,,,,,,
,2026-06,,OUT,,,,,,,,
,2026-06,,OUT,,,,,,,,
,2026-06,,OUT,,,,,,,,
,2026-06,,OUT,,,,,,,,
,2026-06,,OUT,,,,,,,,
,2026-06,,OUT,,,,,,,,
,2026-06,,OUT,,,,,,,,
,2026-06,,OUT,,,,,,,,
,2026-07,,IN,,,,,,,,
102,2026-07,DEMA,IN,Soldes,FALSE,,DEMA-soldes-2023,OK,,,
,2026-07,,IN,,,,,,,,
104,2026-07,Continentis,IN,,TRUE,,Continentis-2024,OK,,,
105,2026-07,DEMA,IN,Soldes,TRUE,,,,,,
106,2026-07,Aterno,IN,NEW,TRUE,,Aterno-2026,BÂCHE COMMANDÉE,NEW CC,,
107,2026-07,Henin,IN,NEW,TRUE,,Henin-soldes-2026,BÂCHE COMMANDÉE,,,
108,2026-07,Grottes de Han,IN,,TRUE,,Grottes de Han-2024-été,OK,,,
109,2026-07,Henin,IN,NEW,TRUE,,,,,,
110,2026-07,Continentis,IN,,TRUE,,,,,,
111,2026-07,,IN,,,,,,,,
112,2026-07,Henin,IN,NEW,TRUE,,,,,,
113,2026-07,Q-outlet,IN,XXL,TRUE,,Q-outlet-2025-XXL,OK,,,
114,2026-07,Graines de Vélo,IN,,TRUE,,Graines de Vélo-notoriété,OK,,,
,2026-07,,IN,,,,,,,,
,2026-07,,IN,,,,,,,,
,2026-07,,IN,,,,,,,,
,2026-07,,IN,,,,,,,,
,2026-07,,IN,,,,,,,,
,2026-07,,IN,,,,,,,,
,2026-07,,IN,,,,,,,,
,2026-07,,IN,,,,,,,,
,2026-07,,IN,,,,,,,,
,2026-07,,IN,,,,,,,,
201,2026-07,Silicon Brain,IN,NEW,TRUE,,Silicon Brain-2026,BÂCHE REÇUE,NEW Alain,,
202,2026-07,,IN,,,,,,,,
203,2026-07,Henin,IN,NEW,TRUE,,,,,,
204,2026-07,Carbelle,IN,,TRUE,,Carbelle-150€,OK,,,
205,2026-07,Plopsa Coo,IN,NEW,TRUE,,Plopsa Coo-ete2026,BÂCHE REÇUE,NEW CC / Alain,,
206,2026-07,Aterno,IN,NEW,TRUE,,,,,,
207,2026-07,Henin,IN,NEW,TRUE,,,,,,
208,2026-07,Carbelle,IN,,TRUE,,,,,,
209,2026-07,Henin,IN,NEW,TRUE,,,,,,
210,2026-07,Carbelle,IN,,TRUE,,,,,,
211,2026-07,EASYHOME,IN,,TRUE,,Easyhome2024,OK,,,
212,2026-07,,IN,,,,,,,,
213,2026-07,Brainbox,IN,gr,TRUE,,,OK,,,
214,2026-07,,IN,,,,,,,,
215,2026-07,Brainbox,IN,gr,TRUE,,,,,,
216,2026-07,Aterno,IN,NEW,TRUE,,,,,,
227,2026-07,Silicon Brain,IN,NEW,TRUE,,,,,,
217,2026-07,Continentis,IN,,TRUE,,,,,,
218,2026-07,,IN,,,,,,,,
,2026-07,,IN,,,,,,,,
220,2026-07,,IN,,,,,,,,
221,2026-07,,IN,,,,,,,,
226,2026-07,,IN,,,,,,,,
222,2026-07,Silicon Brain,IN,NEW,TRUE,,,,,,
224,2026-07,Continentis,IN,,,,,,,,
230,2026-07,Grottes de Han,IN,,TRUE,,,,,,
223,2026-07,Plopsa Coo,IN,NEW,TRUE,,,,,,
225,2026-07,DEMA,IN,soldes,TRUE,,,,,,
231,2026-07,Plopsa Coo,IN,NEW,TRUE,,,,,,
,2026-07,,IN,,,,,,,,
,2026-07,,IN,,,,,,,,
,2026-07,,IN,,,,,,,,
,2026-07,,IN,,,,,,,,
,2026-07,,IN,,,,,,,,
,2026-07,,IN,,,,,,,,
,2026-07,,IN,,,,,,,,
,2026-07,,IN,,,,,,,,
,2026-07,,IN,,,,,,,,
,2026-07,,IN,,,,,,,,
301,2026-07,Lumarvel,IN,,TRUE,,,,,,
,2026-07,,IN,,,,,,,,
303,2026-07,Carbelle,IN,,TRUE,,,,,,
304,2026-07,Bièrez-vous asbl,IN,,TRUE,,BièrezVous-festival,OK,,,
305,2026-07,Locadepot BOX,IN,,TRUE,,Locadepot BOX-2025,OK,,,
306,2026-07,Poils & Plumes Rochefort,IN,soldes,TRUE,,PoilsPlumesCDR-Soldes,OK,,,
307,2026-07,Locadepot,IN,,TRUE,,Locadepot BOX-2025,,,,
367,2026-07,Bièrez-vous asbl,IN,,TRUE,,,,,,
308,2026-07,Chaussures Ballaux,IN,,TRUE,,Chaussures Ballaux25-Soldes,AUTOCOLLANT COMMANDÉ,Autocollant CC,,
319,2026-07,Poils & Plumes Ciney,IN,soldes,TRUE,,PoilsPlumesCDR-Soldes,OK,,,
309,2026-07,Continentis,IN,,,,,FICHIER À CRÉER,,,
310,2026-07,Poils & Plumes Ciney,IN,soldes,TRUE,,,,,,
311,2026-07,Bièrez-vous asbl,IN,,TRUE,,,,,,
312,2026-07,Condroz Motor,IN,,TRUE,,Condroz Motor-2026,OK,ATTENTION encore une ancienne à sorinnes,,
313,2026-07,Poils & Plumes Dinant,IN,Soldes,TRUE,,PoilsPlumesCDR-Soldes,OK,,,
314,2026-07,Locadepot BOX,IN,,TRUE,,,,,,
315,2026-07,Plopsa Coo,IN,,TRUE,,,,,,
316,2026-07,Condroz Motor,IN,,TRUE,,,,,,
317,2026-07,Hanse Meubles,IN,Soldes,TRUE,,Hanse Meubles-2025-Remise50,OK,,,
318,2026-07,Henin,IN,NEW,TRUE,,,,,,
320,2026-07,Tonton tapis,IN,,TRUE,,TontonTapis-Soldes,OK,,,
321,2026-07,Q-outlet,IN,XXL,TRUE,,,,,,
,2026-07,,IN,,,,,,,,
323,2026-07,Watt4U,IN,,TRUE,,Watt4U-notoriete,OK,,,
324,2026-07,Henin,IN,NEW,TRUE,,,,,,
325,2026-07,Q-outlet,IN,XXL,TRUE,,,,,,
326,2026-07,Green Robot,IN,,TRUE,,Green Robot-2026,OK,,,
327,2026-07,Graines de Vélo,IN,,TRUE,,,,,,
328,2026-07,Hanse Meubles,IN,Soldes,TRUE,,,,,,
329,2026-07,Silicon Brain,IN,,FALSE,,,,,,
330,2026-07,Grottes de Han,IN,,TRUE,,,,,,
331,2026-07,DEMA,IN,soldes,TRUE,,,,,,
332,2026-07,Grottes de Han,IN,,TRUE,,,,,,
333,2026-07,Q-outlet,IN,XXL,TRUE,,,,,,
334,2026-07,Esperanzah,IN,,TRUE,,Esperanzah-2026,OK,,,
335,2026-07,DEMA,IN,soldes,TRUE,,,,,,
336,2026-07,Ville de Namur,IN,NEW,TRUE,,VilleNamur-ouvert dimanche,BÂCHE COMMANDÉE,NEW CC,,
337,2026-07,Carbelle,IN,,TRUE,,,,,,
338,2026-07,Tonton tapis,IN,,TRUE,,,,,,
339,2026-07,Continentis,IN,,,,,,,,
340,2026-07,Henin,IN,NEW,TRUE,,,,,,
341,2026-07,DPS,IN,,TRUE,,,OK,,,
365,2026-07,Henin,IN,NEW,TRUE,,,,,,
342,2026-07,Concours Arville ,IN,,TRUE,,Arville-date2024,OK,,,
343,2026-07,Concours Arville ,IN,,TRUE,,,,,,
344,2026-07,Tonton tapis,IN,Soldes,TRUE,,,,,,
363,2026-07,Grottes de Han,IN,,TRUE,,,,,,
345,2026-07,La Chinelle,IN,NEW,TRUE,,,BÂCHE COMMANDÉE,,,
346,2026-07,Chris Home,IN,Bérangère,TRUE,,Chris Home Berangère-Parlons,OK,,,
359,2026-07,La Chinelle,IN,NEW,TRUE,,,,,,
360,2026-07,,IN,,,,,,,,
361,2026-07,Grottes de Han,IN,,TRUE,,,,,,
,2026-07,,IN,,,,,,,,
347,2026-07,BP Martelange,IN,,TRUE,,,OK,,,
348,2026-07,Plopsa Coo,IN,,TRUE,,,,,,
349,2026-07,DEMA,IN,Soldes,TRUE,,,,,,
350,2026-07,Plopsa Coo,IN,,TRUE,,,,,,
351,2026-07,DEMA,IN,Soldes,TRUE,,,,,,
352,2026-07,Plopsa Coo,IN,,TRUE,,,,,,
353,2026-07,Plopsa Coo,IN,,TRUE,,,,,,
,2026-07,,IN,,,,,,,,
354,2026-07,Henin,IN,NEW,TRUE,,,,,,
355,2026-07,Chris Home,IN,Bérangere ,TRUE,,,,,,
356,2026-07,Q-outlet,IN,XXL,TRUE,,,,,,
357,2026-07,Bièrez-vous asbl,IN,,TRUE,,,,,,
,2026-07,,IN,,,,,,,,
,2026-07,,IN,,,,,,,,
,2026-07,,IN,,,,,,,,
,2026-07,,IN,,,,,,,,
,2026-07,,IN,,,,,,,,
401,2026-07,,IN,,,,,,,,
402,2026-07,Carbelle,IN,,TRUE,,,,,,
403,2026-07,Hanse Meubles,IN,Soldes,TRUE,,,,,,
404,2026-07,Henin,IN,NEW,TRUE,,,,,,
405,2026-07,continentis,IN,,,,,,,,
406,2026-07,,IN,,,,,,,,
407,2026-07,Carbelle,IN,,TRUE,,,,,,
408,2026-07,Brainbox,IN,gr,TRUE,,,,,,
409,2026-07,Brainbox,IN,gr,TRUE,,,,,,
415,2026-07,Aterno,IN,NEW,TRUE,,,,,,
,2026-07,,IN,,,,,,,,
,2026-07,,IN,,,,,,,,
,2026-07,,IN,,,,,,,,
,2026-07,,IN,,,,,,,,
,2026-07,,IN,,,,,,,,
,2026-07,,IN,,,,,,,,
,2026-07,,IN,,,,,,,,
,2026-07,,IN,,,,,,,,
,2026-07,,IN,,,,,,,,
501,2026-07,Continentis,IN,,,,,,,,
502,2026-07,DPS,IN,,TRUE,,,,,,
,2026-07,Plopsa Coo,IN,,,,,,,,
,2026-07,Grottes de Han,IN,,,,,,,,
505,2026-07,DPS,IN,,TRUE,,,,,,
506,2026-07,Continentis,IN,,,,,,,,
507,2026-07,DPS,IN,,TRUE,,,,,,
508,2026-07,Aterno,IN,NEW,TRUE,,,,,,
509,2026-07,Plopsa Coo,IN,NEW,TRUE,,,,,,
510,2026-07,DPS,IN,,TRUE,,,,,,
,2026-07,,IN,,,,,,,,
,2026-07,,IN,,,,,,,,
527,2026-07,EASYHOME,IN,,TRUE,,,,,,
512,2026-07,Grottes de Han,IN,,TRUE,,,,,,
513,2026-07,Continentis,IN,,,,,,,,
514,2026-07,Plopsa Coo,IN,NEW,TRUE,,,,,,
515,2026-07,Silicon Brain,IN,NEW,TRUE,,,,,,
517,2026-07,Plopsa Coo,IN,NEW,TRUE,,,,,,
518,2026-07,Plopsa Coo,IN,NEW,TRUE,,,,,,
,2026-07,,IN,,,,,,,,
520,2026-07,Grottes de Han,IN,,TRUE,,,,,,
521,2026-07,Plopsa Coo,IN,NEW,TRUE,,,,,,
525,2026-07,Grottes de Han,IN,,TRUE,,,,,,
530,2026-07,Grottes de Han,IN,,TRUE,,,,,,
,2026-07,,IN,,,,,,,,
,2026-07,,IN,,,,,,,,
,2026-07,,IN,,,,,,,,
,2026-07,,IN,,,,,,,,
,2026-07,,IN,,,,,,,,
,2026-07,,IN,,,,,,,,
,2026-07,,IN,,,,,,,,
,2026-07,,IN,,,,,,,,
,2026-07,,IN,,,,,,,,
,2026-07,,IN,,,,,,,,
,2026-07,,IN,,,,,,,,
,2026-07,,IN,,,,,,,,
,2026-07,,IN,,,,,,,,
,2026-07,,OUT,,,,,,,,
102,2026-07,Decorex,OUT,NEW,TRUE,,Decorex-soldes2026,OK,,,
,2026-07,,OUT,,,,,,,,
104,2026-07,EASYHOME,OUT,,TRUE,,,,,,
105,2026-07,CLL- langues,OUT,,TRUE,,CLL- langues-2025,OK,,,
106,2026-07,Brainbox,OUT,gr,TRUE,,,,,,
107,2026-07,EASYHOME,OUT,,TRUE,,,,,,
108,2026-07,EASYHOME,OUT,,TRUE,,,,,,
109,2026-07,Continentis,OUT,,TRUE,,,,,,
110,2026-07,,OUT,,,,,,,,
111,2026-07,,OUT,,,,,,,,
112,2026-07,Green Robot,OUT,,TRUE,,,,,,
113,2026-07,EASYHOME,OUT,,TRUE,,,,,,
114,2026-07,EASYHOME,OUT,,TRUE,,,,,,
,2026-07,,OUT,,,,,,,,
,2026-07,,OUT,,,,,,,,
,2026-07,,OUT,,,,,,,,
,2026-07,,OUT,,,,,,,,
,2026-07,,OUT,,,,,,,,
,2026-07,,OUT,,,,,,,,
,2026-07,,OUT,,,,,,,,
,2026-07,,OUT,,,,,,,,
,2026-07,,OUT,,,,,,,,
,2026-07,,OUT,,,,,,,,
201,2026-07,,OUT,,,,,,,,
202,2026-07,,OUT,,,,,,,,
203,2026-07,Continentis,OUT,,TRUE,,,,,,
204,2026-07,,OUT,,,,,,,,
205,2026-07,,OUT,,,,,,,,
206,2026-07,Carbelle,OUT,,TRUE,,,,,,
207,2026-07,Continentis,OUT,,TRUE,,,,,,
208,2026-07,EASYHOME,OUT,,TRUE,,,,,,
209,2026-07,,OUT,,,,,,,,
210,2026-07,EASYHOME,OUT,,TRUE,,,,,,
211,2026-07,EASYHOME,OUT,,TRUE,,,,,,
212,2026-07,,OUT,,,,,,,,
213,2026-07,,OUT,,,,,,,,
214,2026-07,,OUT,,,,,,,,
215,2026-07,,OUT,,,,,,,,
216,2026-07,Continentis,OUT,,TRUE,,,,,,
227,2026-07,,OUT,,,,,,,,
217,2026-07,,OUT,,,,,,,,
218,2026-07,,OUT,,,,,,,,
,2026-07,,OUT,,,,,,,,
220,2026-07,Plopsa Coo,OUT,NEW,TRUE,,,,,,
221,2026-07,,OUT,,,,,,,,
226,2026-07,Plopsa Coo,OUT,NEW,TRUE,,,,,,
222,2026-07,Plopsa Coo,OUT,NEW,TRUE,,,,,,
224,2026-07,,OUT,,,,,,,,
230,2026-07,Plopsa Coo,OUT,NEW,TRUE,,,,,,
223,2026-07,EASYHOME,OUT,,TRUE,,,,,,
225,2026-07,EASYHOME,OUT,,TRUE,,,,,,
231,2026-07,,OUT,,,,,,,,
,2026-07,,OUT,,,,,,,,
,2026-07,,OUT,,,,,,,,
,2026-07,,OUT,,,,,,,,
,2026-07,,OUT,,,,,,,,
,2026-07,,OUT,,,,,,,,
,2026-07,,OUT,,,,,,,,
,2026-07,,OUT,,,,,,,,
,2026-07,,OUT,,,,,,,,
,2026-07,,OUT,,,,,,,,
,2026-07,,OUT,,,,,,,,
301,2026-07,Hanse Meubles,OUT,Soldes,TRUE,,,,,,
,2026-07,,OUT,,,,,,,,
303,2026-07,Q-outlet,OUT,XXL,TRUE,,Lumarvel-2020-notoriété,OK,,,
304,2026-07,Poils & Plumes Ciney,OUT,soldes,TRUE,,,,,,
305,2026-07,Henin,OUT,NEW,TRUE,,,,,,
306,2026-07,,OUT,,,,,,,,
307,2026-07,DPS,OUT,,TRUE,,,,,,
367,2026-07,EASYHOME,OUT,,TRUE,,,,,,
308,2026-07,,OUT,,,,,,,,
319,2026-07,,OUT,,,,,,,,
309,2026-07,,OUT,,,,,,,,
310,2026-07,,OUT,,,,,,,,
311,2026-07,EASYHOME,OUT,,TRUE,,,,,,
312,2026-07,EASYHOME,OUT,,TRUE,,,,,,
313,2026-07,EASYHOME,OUT,,TRUE,,,,,,
314,2026-07,La Chinelle,OUT,NEW,TRUE,,,,,,
315,2026-07,Poils & Plumes Dinant,OUT,Soldes,TRUE,,,,,,
316,2026-07,Poils & Plumes Dinant,OUT,Soldes,TRUE,,,,,,
317,2026-07,Plopsa Coo,OUT,,TRUE,,,,,,
318,2026-07,Continentis,OUT,,,,,,,,
320,2026-07,,OUT,,,,,,,,
321,2026-07,,OUT,,,,,,,,
,2026-07,,OUT,,,,,,,,
323,2026-07,EASYHOME,OUT,,TRUE,,,,,,
324,2026-07,Continentis,OUT,,,,,,,,
325,2026-07,DEMA,OUT,Soldes,TRUE,,,,,,
326,2026-07,EASYHOME,OUT,,TRUE,,,,,,
327,2026-07,EASYHOME,OUT,,TRUE,,,,,,
328,2026-07,Plopsa Coo,OUT,,TRUE,,,,,,
329,2026-07,DEMA,OUT,soldes,TRUE,,,,,,
330,2026-07,DEMA,OUT,soldes,TRUE,,,,,,
331,2026-07,Carbelle,OUT,,TRUE,,,,,,
332,2026-07,EASYHOME,OUT,,TRUE,,,,,,
333,2026-07,DEMA,OUT,soldes,TRUE,,,,,,
334,2026-07,Bloqué,OUT,,,,,,,,
335,2026-07,EASYHOME,OUT,,TRUE,,,,,,
336,2026-07,Henin,OUT,NEW,FALSE,,,,,,
337,2026-07,EASYHOME,OUT,,TRUE,,,,,,
338,2026-07,EASYHOME,OUT,,TRUE,,,,,,
339,2026-07,EASYHOME,OUT,,TRUE,,,,,,
340,2026-07,Carbelle,OUT,,TRUE,,,,,,
341,2026-07,EASYHOME,OUT,,TRUE,,,,,,
365,2026-07,EASYHOME,OUT,,TRUE,,,,,,
342,2026-07,Q-outlet,OUT,XXL,TRUE,,,,,,
343,2026-07,Hanse Meubles,OUT,Soldes,TRUE,,,,,,
344,2026-07,Usico,OUT,NEW,TRUE,,Usico-soldes2026,BÂCHE COMMANDÉE,NEW CC,,
363,2026-07,DPS,OUT,,TRUE,,,,,,
345,2026-07,,OUT,,,,,,,,
346,2026-07,La Chinelle,OUT,NEW,TRUE,,,,,,
359,2026-07,Locadepot BOX,OUT,,TRUE,,,,,,
360,2026-07,,OUT,,,,,,,,
361,2026-07,La Chinelle,OUT,NEW,TRUE,,,,,,
,2026-07,,OUT,,,,,,,,
347,2026-07,deBRY,OUT,,TRUE,,,OK,,,
348,2026-07,Chaussures Ballaux,OUT,,TRUE,,,,,,
349,2026-07,Carbelle,OUT,,TRUE,,,,,,
350,2026-07,deBRY,OUT,,TRUE,,,,,,
351,2026-07,Plopsa Coo,OUT,,TRUE,,,,,,
352,2026-07,Poils & Plumes Rochefort,OUT,soldes,TRUE,,,,,,
353,2026-07,Henin,OUT,NEW,TRUE,,,,,,
,2026-07,,OUT,,,,,,,,
354,2026-07,,OUT,,,,,,,,
355,2026-07,Watt4U,OUT,,TRUE,,,,,,
356,2026-07,,OUT,,,,,,,,
357,2026-07,Henin,OUT,NEW,TRUE,,,,,,
,2026-07,,OUT,,,,,,,,
,2026-07,,OUT,,,,,,,,
,2026-07,,OUT,,,,,,,,
,2026-07,,OUT,,,,,,,,
,2026-07,,OUT,,,,,,,,
401,2026-07,,OUT,,,,,,,,
402,2026-07,Silicon Brain,OUT,NEW,TRUE,,,,,,
403,2026-07,Aterno,OUT,NEW,TRUE,,,,,,
404,2026-07,Silicon Brain,OUT,NEW,TRUE,,,,,,
405,2026-07,Carbelle,OUT,,TRUE,,,,,,
406,2026-07,,OUT,,,,,,,,
407,2026-07,,OUT,,,,,,,,
408,2026-07,Continentis,OUT,,,,,,,,
409,2026-07,DEMA,OUT,Soldes,TRUE,,,,,,
415,2026-07,Carbelle,OUT,,TRUE,,,,,,
,2026-07,,OUT,,,,,,,,
,2026-07,,OUT,,,,,,,,
,2026-07,,OUT,,,,,,,,
,2026-07,,OUT,,,,,,,,
,2026-07,,OUT,,,,,,,,
,2026-07,,OUT,,,,,,,,
,2026-07,,OUT,,,,,,,,
,2026-07,,OUT,,,,,,,,
,2026-07,,OUT,,,,,,,,
501,2026-07,DPS,OUT,,TRUE,,,,,,
502,2026-07,Plopsa Coo,OUT,NEW,TRUE,,,,,,
,2026-07,,OUT,,,,,,,,
,2026-07,,OUT,,,,,,,,
505,2026-07,Plopsa Coo,OUT,NEW,TRUE,,,,,,
506,2026-07,DPS,OUT,,TRUE,,,,,,
507,2026-07,Henin,OUT,NEW,TRUE,,,,,,
508,2026-07,DPS,OUT,,TRUE,,,,,,
509,2026-07,,OUT,,,,,,,,
510,2026-07,Plopsa Coo,OUT,NEW,TRUE,,,,,,
,2026-07,,OUT,,,,,,,,
,2026-07,,OUT,,,,,,,,
527,2026-07,EASYHOME,OUT,,TRUE,,,,,,
512,2026-07,DPS,OUT,,TRUE,,,,,,
513,2026-07,Plopsa Coo,OUT,NEW,TRUE,,,,,,
514,2026-07,Delhaize Lux,OUT,,,,Delhaize Lux-2025-fleche-pommerloch,OK,,,
515,2026-07,Delhaize Lux,OUT,,,,,,,,
517,2026-07,knauf,OUT,NEW,TRUE,,Knauf-2025-0b2bce7d,OK,,,
518,2026-07,,OUT,,,,,,,,
,2026-07,,OUT,,,,,,,,
520,2026-07,,OUT,,,,,,,,
521,2026-07,Plopsa Coo,OUT,NEW,TRUE,,,,,,
525,2026-07,Plopsa Coo,OUT,NEW,TRUE,,,,,,
530,2026-07,DPS,OUT,,TRUE,,,,,,
,2026-07,,OUT,,,,,,,,
,2026-07,,OUT,,,,,,,,
,2026-07,,OUT,,,,,,,,
,2026-07,,OUT,,,,,,,,
,2026-07,,OUT,,,,,,,,
,2026-07,,OUT,,,,,,,,
,2026-07,,OUT,,,,,,,,
,2026-07,,OUT,,,,,,,,
,2026-07,,OUT,,,,,,,,
,2026-07,,OUT,,,,,,,,
,2026-07,,OUT,,,,,,,,
,2026-07,,OUT,,,,,,,,
,2026-07,,OUT,,,,,,,,
,2026-08,,IN,,,,,,,,
102,2026-08,Promo sport,IN,Aqua,TRUE,,Promosport Aquafitness-6J-,,,,
,2026-08,,IN,,,,,,,,
104,2026-08,JDW,IN,Tf,TRUE,,,,,,
105,2026-08,Promo sport,IN,Aqua,TRUE,,,,,,
106,2026-08,EASYHOME,IN,,TRUE,,Easyhome2024,,,,
107,2026-08,Promo sport,IN,Aqua,TRUE,,,,,,
108,2026-08,Grottes de Han,IN,,TRUE,,Grottes de Han-2024-été,,,,
109,2026-08,Continentis,IN,,TRUE,,Continentis-2024,,,,
110,2026-08,Continentis,IN,,TRUE,,,,,,
111,2026-08,Christophe Charlet,IN,gr,TRUE,,,,,,
112,2026-08,Graines de Vélo,IN,,TRUE,,Graines de Vélo-notoriété,,,,
113,2026-08,Continentis,IN,,TRUE,,,,,,
114,2026-08,Green Robot,IN,,TRUE,,Green Robot-2026,,,,
,2026-08,,IN,,,,,,,,
,2026-08,,IN,,,,,,,,
,2026-08,,IN,,,,,,,,
,2026-08,,IN,,,,,,,,
,2026-08,,IN,,,,,,,,
,2026-08,,IN,,,,,,,,
,2026-08,,IN,,,,,,,,
,2026-08,,IN,,,,,,,,
,2026-08,,IN,,,,,,,,
,2026-08,,IN,,,,,,,,
201,2026-08,Silicon Brain,IN,,TRUE,,Silicon Brain-2026,,,,
202,2026-08,,IN,,,,,,,,
203,2026-08,Carbelle,IN,,TRUE,,Carbelle-150€,,,,
204,2026-08,Continentis,IN,,TRUE,,,,,,
205,2026-08,Plopsa Coo,IN,,TRUE,,Plopsa Coo-ete2026,,,,
206,2026-08,Aterno,IN,,TRUE,,Aterno-2026,,,,
207,2026-08,Carbelle,IN,,TRUE,,Carbelle-Switch,,,,
208,2026-08,Continentis,IN,,TRUE,,,,,,
209,2026-08,Carbelle,IN,,TRUE,,,,,,
210,2026-08,BuildPartners,IN,,TRUE,,,,,,
211,2026-08,Carbelle,IN,,TRUE,,,,,,
212,2026-08,,IN,,,,,,,,
213,2026-08,,IN,,,,,,,,
214,2026-08,Continentis,IN,,TRUE,,,,,,
215,2026-08,Continentis,IN,,TRUE,,,,,,
216,2026-08,Aterno,IN,,TRUE,,,,,,
227,2026-08,Silicon Brain,IN,,TRUE,,,,,,
217,2026-08,,IN,,,,,,,,
218,2026-08,,IN,,,,,,,,
,2026-08,,IN,,,,,,,,
220,2026-08,,IN,,,,,,,,
221,2026-08,,IN,,,,,,,,
226,2026-08,,IN,,,,,,,,
222,2026-08,Silicon Brain,IN,,TRUE,,,,,,
224,2026-08,,IN,,,,,,,,
230,2026-08,Grottes de Han,IN,,TRUE,,,,,,
223,2026-08,EASYHOME,IN,,TRUE,,,,,,
225,2026-08,Plopsa Coo,IN,,TRUE,,,,,,
231,2026-08,Plopsa Coo,IN,,TRUE,,,,,,
,2026-08,,IN,,,,,,,,
,2026-08,,IN,,,,,,,,
,2026-08,,IN,,,,,,,,
,2026-08,,IN,,,,,,,,
,2026-08,,IN,,,,,,,,
,2026-08,,IN,,,,,,,,
,2026-08,,IN,,,,,,,,
,2026-08,,IN,,,,,,,,
,2026-08,,IN,,,,,,,,
,2026-08,,IN,,,,,,,,
301,2026-08,Lumarvel,IN,,TRUE,,Lumarvel-2020-notoriété,,,,
,2026-08,,IN,,,,,,,,
303,2026-08,Carbelle,IN,,TRUE,,,,,,
304,2026-08,Continentis,IN,,TRUE,,,,,,
305,2026-08,,IN,,,,,,,,
306,2026-08,Condroz Motor,IN,,TRUE,,Condroz Motor-2026,,,,
307,2026-08,Poils & Plumes Ciney,IN,,TRUE,,Poils&Plumes CDR-2026,,,,
367,2026-08,Lemineur,IN,,TRUE,,Lemineur-2026,,,,
308,2026-08,Locadepot,IN,,TRUE,,,,,,
319,2026-08,Continentis,IN,,TRUE,,,,,,
309,2026-08,deBRY,IN,,TRUE,,,,,,
310,2026-08,Piscinat,IN,Notoriété,TRUE,,Piscinat-notoriété 2023,,,,
311,2026-08,Poils & Plumes Ciney,IN,,TRUE,,,,,,
312,2026-08,Poils & Plumes Dinant,IN,,TRUE,,Poils&Plumes CDR-2026,,,,
313,2026-08,Condroz Motor,IN,,TRUE,,,,,,
314,2026-08,,IN,,,,Chris Home-Berangere,À DÉFINIR,,,
315,2026-08,Plopsa Coo,IN,,TRUE,,,,,,
316,2026-08,,IN,,,,,,,,
317,2026-08,Plopsa Coo,IN,,TRUE,,,,,,
318,2026-08,Continentis,IN,,TRUE,,,,,,
320,2026-08,,IN,,,,,,,,
321,2026-08,,IN,,,,,,,,
,2026-08,,IN,,,,,,,,
323,2026-08,EASYHOME,IN,,TRUE,,,,,,
324,2026-08,Continentis,IN,,TRUE,,,,,,
325,2026-08,Green Robot,IN,,TRUE,,,,,,
326,2026-08,Grottes de Han,IN,,TRUE,,,,,,
327,2026-08,Green Robot,IN,,TRUE,,,,,,
328,2026-08,Promo sport,IN,,TRUE,,,,,,
329,2026-08,JDW,IN,essence,TRUE,,,,,,
330,2026-08,EASYHOME,IN,,TRUE,,,,,,
331,2026-08,Carbelle,IN,,TRUE,,,,,,
332,2026-08,Grottes de Han,IN,,TRUE,,,,,,
333,2026-08,,IN,,,,,,,,
334,2026-08,,IN,,,,Esperanzah-2026,,,,
335,2026-08,Carbelle,IN,,TRUE,,,,,,
336,2026-08,EASYHOME,IN,,TRUE,,,,,,
337,2026-08,,IN,,,,,,,,
338,2026-08,Majois,IN,,TRUE,,Majois-2026,,,,
339,2026-08,Continentis,IN,,TRUE,,,,,,
340,2026-08,Piscinat,IN,Notoriété,TRUE,,,,,,
341,2026-08,Carbelle,IN,,TRUE,,,,,,
365,2026-08,DPS,IN,,TRUE,,,,,,
342,2026-08,Carbelle,IN,,TRUE,,,,,,
343,2026-08,Ville de Namur,IN,,TRUE,,VilleNamur-ouvert dimanche,,,,
344,2026-08,Grottes de Han,IN,,TRUE,,,,,,
363,2026-08,Grottes de Han,IN,,TRUE,,,,,,
345,2026-08,Majois,IN,,TRUE,,,,,,
346,2026-08,Locadepot BOX,IN,,TRUE,,,,,,
359,2026-08,Chris Home,IN,Berangere,TRUE,,,,,,
360,2026-08,La Chinelle,IN,,TRUE,,La Chinelle-2025,,,,
361,2026-08,Grottes de Han,IN,,TRUE,,,,,,
,2026-08,,IN,,,,,,,,
347,2026-08,BP Martelange,IN,,TRUE,,BP Martelange-2025-pepsi,,,,
348,2026-08,Plopsa Coo,IN,,TRUE,,,,,,
349,2026-08,Carbelle,IN,,TRUE,,,,,,
350,2026-08,Plopsa Coo,IN,,TRUE,,,,,,
351,2026-08,Plopsa Coo,IN,,TRUE,,,,,,
352,2026-08,Plopsa Coo,IN,,TRUE,,,,,,
353,2026-08,Plopsa Coo,IN,,TRUE,,,,,,
,2026-08,,IN,,,,,,,,
354,2026-08,Chris Home Berangère,IN,,TRUE,,Chris Home Berangère-Parlons,,,,
355,2026-08,IND Fleurus,IN,,TRUE,,,,,,
356,2026-08,Majois,IN,,TRUE,,,,,,
357,2026-08,deBRY,IN,,TRUE,,,,,,
,2026-08,,IN,,,,,,,,
,2026-08,,IN,,,,,,,,
,2026-08,,IN,,,,,,,,
,2026-08,,IN,,,,,,,,
,2026-08,,IN,,,,,,,,
401,2026-08,Carbelle,IN,,TRUE,,,,,,
402,2026-08,Carbelle,IN,,TRUE,,,,,,
403,2026-08,Promo sport,IN,,TRUE,,,,,,
404,2026-08,Promo sport,IN,,TRUE,,,,,,
405,2026-08,Continentis,IN,,TRUE,,,,,,
406,2026-08,Brainbox,IN,gr,TRUE,,Brainbox-2024-50%,,,,
407,2026-08,Carbelle,IN,,TRUE,,,,,,
408,2026-08,Continentis,IN,,TRUE,,,,,,
409,2026-08,Continentis,IN,,TRUE,,,,,,
415,2026-08,Aterno,IN,,TRUE,,,,,,
,2026-08,,IN,,,,,,,,
,2026-08,,IN,,,,,,,,
,2026-08,,IN,,,,,,,,
,2026-08,,IN,,,,,,,,
,2026-08,,IN,,,,,,,,
,2026-08,,IN,,,,,,,,
,2026-08,,IN,,,,,,,,
,2026-08,,IN,,,,,,,,
,2026-08,,IN,,,,,,,,
501,2026-08,LMV,IN,Goffinet,,,LMV-notoriété-2024,,,,
502,2026-08,DPS,IN,,TRUE,,,,,,
,2026-08,Plopsa Coo,IN,,,,,,,,
,2026-08,Grottes de Han,IN,,,,,,,,
505,2026-08,DPS,IN,,TRUE,,,,,,
506,2026-08,Continentis,IN,,TRUE,,,,,,
507,2026-08,DPS,IN,,TRUE,,,,,,
508,2026-08,Aterno,IN,,TRUE,,,,,,
509,2026-08,Plopsa Coo,IN,,TRUE,,,,,,
510,2026-08,DPS,IN,,TRUE,,,,,,
,2026-08,,IN,,,,,,,,
,2026-08,,IN,,,,,,,,
527,2026-08,Plopsa Coo,IN,,TRUE,,,,,,
512,2026-08,Grottes de Han,IN,,TRUE,,,,,,
513,2026-08,Continentis,IN,,TRUE,,,,,,
514,2026-08,Plopsa Coo,IN,,TRUE,,,,,,
515,2026-08,Silicon Brain,IN,,TRUE,,,,,,
517,2026-08,Delhaize Lux,IN,,TRUE,,Delhaize Lux-2025-fleche-pommerloch,,,,
518,2026-08,Plopsa Coo,IN,,TRUE,,,,,,
,2026-08,,IN,,,,,,,,
520,2026-08,Delhaize Lux,IN,,TRUE,,,,,,
521,2026-08,Grottes de Han,IN,,TRUE,,,,,,
525,2026-08,Grottes de Han,IN,,TRUE,,,,,,
530,2026-08,Grottes de Han,IN,,TRUE,,,,,,
,2026-08,,IN,,,,,,,,
,2026-08,,IN,,,,,,,,
,2026-08,,IN,,,,,,,,
,2026-08,,IN,,,,,,,,
,2026-08,,IN,,,,,,,,
,2026-08,,IN,,,,,,,,
,2026-08,,IN,,,,,,,,
,2026-08,,IN,,,,,,,,
,2026-08,,IN,,,,,,,,
,2026-08,,IN,,,,,,,,
,2026-08,,IN,,,,,,,,
,2026-08,,IN,,,,,,,,
,2026-08,,IN,,,,,,,,
,2026-08,,OUT,,,,,,,,
102,2026-08,Aterno,OUT,,TRUE,,,,,,
,2026-08,,OUT,,,,,,,,
104,2026-08,EASYHOME,OUT,,TRUE,,,,,,
105,2026-08,Graines de Vélo,OUT,,TRUE,,,,,,
106,2026-08,JDW,OUT,Tf,TRUE,,,,,,
107,2026-08,EASYHOME,OUT,,TRUE,,,,,,
108,2026-08,EASYHOME,OUT,,TRUE,,,,,,
109,2026-08,,OUT,,,,,,,,
110,2026-08,,OUT,,,,,,,,
111,2026-08,,OUT,,,,,,,,
112,2026-08,,OUT,,,,,,,,
113,2026-08,EASYHOME,OUT,,TRUE,,,,,,
114,2026-08,JDW,OUT,essence,TRUE,,,,,,
,2026-08,,OUT,,,,,,,,
,2026-08,,OUT,,,,,,,,
,2026-08,,OUT,,,,,,,,
,2026-08,,OUT,,,,,,,,
,2026-08,,OUT,,,,,,,,
,2026-08,,OUT,,,,,,,,
,2026-08,,OUT,,,,,,,,
,2026-08,,OUT,,,,,,,,
,2026-08,,OUT,,,,,,,,
,2026-08,,OUT,,,,,,,,
201,2026-08,,OUT,,,,,,,,
202,2026-08,,OUT,,,,,,,,
203,2026-08,,OUT,,,,,,,,
204,2026-08,Carbelle,OUT,,TRUE,,,,,,
205,2026-08,Carbelle,OUT,,TRUE,,,,,,
206,2026-08,EASYHOME,OUT,,TRUE,,,,,,
207,2026-08,Continentis,OUT,,TRUE,,,,,,
208,2026-08,EASYHOME,OUT,,TRUE,,,,,,
209,2026-08,Continentis,OUT,,TRUE,,,,,,
210,2026-08,EASYHOME,OUT,,TRUE,,,,,,
211,2026-08,EASYHOME,OUT,,TRUE,,,,,,
212,2026-08,,OUT,,,,,,,,
213,2026-08,,OUT,,,,,,,,
214,2026-08,,OUT,,,,,,,,
215,2026-08,,OUT,,,,,,,,
216,2026-08,Continentis,OUT,,TRUE,,,,,,
227,2026-08,,OUT,,,,,,,,
217,2026-08,,OUT,,,,,,,,
218,2026-08,,OUT,,,,,,,,
,2026-08,,OUT,,,,,,,,
220,2026-08,Plopsa Coo,OUT,,TRUE,,,,,,
221,2026-08,,OUT,,,,,,,,
226,2026-08,Plopsa Coo,OUT,,TRUE,,,,,,
222,2026-08,Plopsa Coo,OUT,,TRUE,,,,,,
224,2026-08,,OUT,,,,,,,,
230,2026-08,Plopsa Coo,OUT,,TRUE,,,,,,
223,2026-08,EASYHOME,OUT,,TRUE,,,,,,
225,2026-08,EASYHOME,OUT,,TRUE,,,,,,
231,2026-08,,OUT,,,,,,,,
,2026-08,,OUT,,,,,,,,
,2026-08,,OUT,,,,,,,,
,2026-08,,OUT,,,,,,,,
,2026-08,,OUT,,,,,,,,
,2026-08,,OUT,,,,,,,,
,2026-08,,OUT,,,,,,,,
,2026-08,,OUT,,,,,,,,
,2026-08,,OUT,,,,,,,,
,2026-08,,OUT,,,,,,,,
,2026-08,,OUT,,,,,,,,
301,2026-08,EASYHOME,OUT,,TRUE,,,,,,
,2026-08,,OUT,,,,,,,,
303,2026-08,,OUT,,,,,,,,
304,2026-08,,OUT,,,,,,,,
305,2026-08,,OUT,,,,,,,,
306,2026-08,,OUT,,,,,,,,
307,2026-08,EASYHOME,OUT,,TRUE,,,,,,
367,2026-08,EASYHOME,OUT,,TRUE,,,,,,
308,2026-08,,OUT,,,,,,,,
319,2026-08,,OUT,,,,,,,,
309,2026-08,,OUT,,,,,,,,
310,2026-08,Lemineur,OUT,,TRUE,,,,,,
311,2026-08,EASYHOME,OUT,,TRUE,,,,,,
312,2026-08,EASYHOME,OUT,,TRUE,,,,,,
313,2026-08,EASYHOME,OUT,,TRUE,,,,,,
314,2026-08,La Chinelle,OUT,,TRUE,,,,,,
315,2026-08,EASYHOME,OUT,,TRUE,,,,,,
316,2026-08,,OUT,,,,,,,,
317,2026-08,Poils & Plumes Dinant,OUT,,TRUE,,,,,,
318,2026-08,,OUT,,,,,,,,
320,2026-08,,OUT,,,,,,,,
321,2026-08,,OUT,,,,,,,,
,2026-08,,OUT,,,,,,,,
323,2026-08,,OUT,,,,,,,,
324,2026-08,,OUT,,,,,,,,
325,2026-08,JDW,OUT,telé,TRUE,,,,,,
326,2026-08,EASYHOME,OUT,,TRUE,,,,,,
327,2026-08,EASYHOME,OUT,,TRUE,,,,,,
328,2026-08,Plopsa Coo,OUT,,TRUE,,,,,,
329,2026-08,Silicon Brain,OUT,,TRUE,,,,,,
330,2026-08,Grottes de Han,OUT,,TRUE,,,,,,
331,2026-08,EASYHOME,OUT,,TRUE,,,,,,
332,2026-08,EASYHOME,OUT,,TRUE,,,,,,
333,2026-08,,OUT,,,,,,,,
334,2026-08,Bloqué,OUT,,,,,,,,
335,2026-08,EASYHOME,OUT,,TRUE,,,,,,
336,2026-08,,OUT,,,,,,,,
337,2026-08,Carbelle,OUT,,TRUE,,,,,,
338,2026-08,EASYHOME,OUT,,TRUE,,,,,,
339,2026-08,EASYHOME,OUT,,TRUE,,,,,,
340,2026-08,EASYHOME,OUT,,TRUE,,,,,,
341,2026-08,EASYHOME,OUT,,TRUE,,,,,,
365,2026-08,EASYHOME,OUT,,TRUE,,,,,,
342,2026-08,DPS,OUT,,TRUE,,,,,,
343,2026-08,Hanse Meubles,OUT,OPTION,TRUE,,Hanse Meubles-Soin-Interieur,,,,
344,2026-08,EASYHOME,OUT,,TRUE,,,,,,
363,2026-08,EASYHOME,OUT,,TRUE,,,,,,
345,2026-08,La Chinelle,OUT,,TRUE,,,,,,
346,2026-08,La Chinelle,OUT,,TRUE,,,,,,
359,2026-08,La Chinelle,OUT,,TRUE,,,,,,
360,2026-08,,OUT,,,,,,,,
361,2026-08,La Chinelle,OUT,,TRUE,,,,,,
,2026-08,,OUT,,,,,,,,
347,2026-08,Carbelle,OUT,,TRUE,,,,,,
348,2026-08,DPS,OUT,,TRUE,,,,,,
349,2026-08,Plopsa Coo,OUT,,TRUE,,,,,,
350,2026-08,Poils & Plumes Rochefort,OUT,,TRUE,,Poils&Plumes CDR-2026,,,,
351,2026-08,Carbelle,OUT,,TRUE,,,,,,
352,2026-08,Poils & Plumes Rochefort,OUT,,TRUE,,,,,,
353,2026-08,EASYHOME,OUT,,TRUE,,,,,,
,2026-08,,OUT,,,,,,,,
354,2026-08,Locadepot BOX,OUT,,TRUE,,,,,,
355,2026-08,Locadepot BOX,OUT,,TRUE,,,,,,
356,2026-08,,OUT,,,,,,,,
357,2026-08,EASYHOME,OUT,,TRUE,,,,,,
,2026-08,,OUT,,,,,,,,
,2026-08,,OUT,,,,,,,,
,2026-08,,OUT,,,,,,,,
,2026-08,,OUT,,,,,,,,
,2026-08,,OUT,,,,,,,,
401,2026-08,,OUT,,,,,,,,
402,2026-08,Silicon Brain,OUT,,TRUE,,,,,,
403,2026-08,Aterno,OUT,,TRUE,,,,,,
404,2026-08,Silicon Brain,OUT,,TRUE,,,,,,
405,2026-08,Locadepot,OUT,,TRUE,,,,,,
406,2026-08,,OUT,,,,,,,,
407,2026-08,,OUT,,,,,,,,
408,2026-08,,OUT,,,,,,,,
409,2026-08,Locadepot,OUT,,TRUE,,,,,,
415,2026-08,Carbelle,OUT,,TRUE,,,,,,
,2026-08,,OUT,,,,,,,,
,2026-08,,OUT,,,,,,,,
,2026-08,,OUT,,,,,,,,
,2026-08,,OUT,,,,,,,,
,2026-08,,OUT,,,,,,,,
,2026-08,,OUT,,,,,,,,
,2026-08,,OUT,,,,,,,,
,2026-08,,OUT,,,,,,,,
,2026-08,,OUT,,,,,,,,
501,2026-08,DPS,OUT,,TRUE,,,,,,
502,2026-08,Plopsa Coo,OUT,,TRUE,,,,,,
,2026-08,,OUT,,,,,,,,
,2026-08,Plopsa Coo,OUT,,,,,,,,
505,2026-08,Carbelle,OUT,,TRUE,,,,,,
506,2026-08,DPS,OUT,,TRUE,,,,,,
507,2026-08,,OUT,,,,,,,,
508,2026-08,DPS,OUT,,TRUE,,,,,,
509,2026-08,Continentis,OUT,,TRUE,,,,,,
510,2026-08,Plopsa Coo,OUT,,TRUE,,,,,,
,2026-08,,OUT,,,,,,,,
,2026-08,,OUT,,,,,,,,
527,2026-08,EASYHOME,OUT,,TRUE,,,,,,
512,2026-08,DPS,OUT,,TRUE,,,,,,
513,2026-08,Plopsa Coo,OUT,,TRUE,,,,,,
514,2026-08,Delhaize Lux,OUT,,TRUE,,,,,,
515,2026-08,Delhaize Lux,OUT,,TRUE,,,,,,
517,2026-08,knauf,OUT,,TRUE,,Knauf-2025-0b2bce7d,,,,
518,2026-08,,OUT,,,,,,,,
,2026-08,,OUT,,,,,,,,
520,2026-08,Plopsa Coo,OUT,,TRUE,,,,,,
521,2026-08,Plopsa Coo,OUT,,TRUE,,,,,,
525,2026-08,Plopsa Coo,OUT,,TRUE,,,,,,
530,2026-08,DPS,OUT,,TRUE,,,,,,
,2026-08,,OUT,,,,,,,,
,2026-08,,OUT,,,,,,,,
,2026-08,,OUT,,,,,,,,
,2026-08,,OUT,,,,,,,,
,2026-08,,OUT,,,,,,,,
,2026-08,,OUT,,,,,,,,
,2026-08,,OUT,,,,,,,,
,2026-08,,OUT,,,,,,,,
,2026-08,,OUT,,,,,,,,
,2026-08,,OUT,,,,,,,,
,2026-08,,OUT,,,,,,,,
,2026-08,,OUT,,,,,,,,
,2026-08,,OUT,,,,,,,,
,2026-09,,IN,,,,,,,,
102,2026-09,DEMA,IN,Étudiants,TRUE,,DEMA-2025-etudiant,OK,,,
,2026-09,Continentis,IN,,TRUE,,,OK,,,
104,2026-09,JDW,IN,tf,TRUE,,,OK,,,
105,2026-09,Brainbox,IN,,TRUE,,Brainbox-2024-50%,OK,,,
106,2026-09,EASYHOME,IN,,TRUE,,Easyhome2024,OK,,,
107,2026-09,Promimo,IN,,TRUE,,Promimo-2024,OK,,,
108,2026-09,EASYHOME,IN,,TRUE,,,,,,
109,2026-09,Q-outlet,IN,XXL,TRUE,,Q-outlet-2025-XXL,OK,,,
110,2026-09,Alictivity,IN,NEW,TRUE,,Alictivity-2026,BÂCHE COMMANDÉE,,,
111,2026-09,Alictivity,IN,NEW,TRUE,,,,,,
112,2026-09,Boulangerie Tumulus,IN,NEW,TRUE,,Tumulus-2026,BÂCHE COMMANDÉE,,,
113,2026-09,Alictivity,IN,NEW,TRUE,,,,,,
114,2026-09,LeComptoirDeLaFrite,IN,,TRUE,,LeComptoirDeLaFrite,OK,,,
,2026-09,,IN,,,,,,,,
,2026-09,,IN,,,,,,,,
,2026-09,,IN,,,,,,,,
,2026-09,,IN,,,,,,,,
,2026-09,,IN,,,,,,,,
,2026-09,,IN,,,,,,,,
,2026-09,,IN,,,,,,,,
,2026-09,,IN,,,,,,,,
,2026-09,,IN,,,,,,,,
,2026-09,,IN,,,,,,,,
201,2026-09,Hannosset,IN,,TRUE,,Hannosset-2026,OK,,,
202,2026-09,,IN,,,,,,,,
203,2026-09,Fintro Huy,IN,,TRUE,,Fintro Huy Jaumain-2023,OK,,,
204,2026-09,Hannosset,IN,,TRUE,,,,,,
205,2026-09,Hannosset,IN,,TRUE,,,,,,
206,2026-09,Aterno,IN,,TRUE,,Aterno-2026,OK,,,
207,2026-09,Fintro Huy,IN,,TRUE,,,,,,
208,2026-09,Carbelle,IN,,TRUE,,Carbelle-150€,OK,,,
209,2026-09,Carbelle,IN,,TRUE,,,,,,
210,2026-09,Brainbox,IN,,TRUE,,,,,,
211,2026-09,Mobalpa Marche,IN,,TRUE,,Mobalpa Marche-2025,OK,,,
212,2026-09,,IN,,,,,,,,
213,2026-09,Continentis,IN,,TRUE,,,,,,
214,2026-09,Continentis,IN,,TRUE,,,,,,
215,2026-09,Continentis,IN,,TRUE,,,,,,
216,2026-09,Immo Cube,IN,,TRUE,,Immo Cube-2025,OK,,,
227,2026-09,Brainbox,IN,,TRUE,,,,,,
217,2026-09,Silicon Brain,IN,,TRUE,,Silicon Brain-2026,OK,,,
218,2026-09,,IN,,,,,,,,
,2026-09,,IN,,,,,,,,
220,2026-09,Continentis,IN,,TRUE,,,,,,
221,2026-09,,IN,,,,,,,,
226,2026-09,Brainbox,IN,,TRUE,,,,,,
222,2026-09,Silicon Brain,IN,,TRUE,,,,,,
224,2026-09,,IN,,,,,,,,
230,2026-09,Brainbox,IN,,TRUE,,,,,,
223,2026-09,EASYHOME,IN,,TRUE,,,,,,
225,2026-09,DEMA,IN,Étudiants,TRUE,,,,,,
231,2026-09,Continentis,IN,,TRUE,,,,,,
,2026-09,,IN,,,,,,,,
,2026-09,,IN,,,,,,,,
,2026-09,,IN,,,,,,,,
,2026-09,,IN,,,,,,,,
,2026-09,,IN,,,,,,,,
,2026-09,,IN,,,,,,,,
,2026-09,,IN,,,,,,,,
,2026-09,,IN,,,,,,,,
,2026-09,,IN,,,,,,,,
,2026-09,,IN,,,,,,,,
301,2026-09,Fintro Huy,IN,,TRUE,,,,,,
,2026-09,,IN,,,,,,,,
303,2026-09,Au Stock,IN,,TRUE,,Au Stock-2026-Entretien,BÂCHE COMMANDÉE,,,
304,2026-09,Brainbox,IN,,TRUE,,,,,,
305,2026-09,Fintro Huy,IN,,TRUE,,,,,,
306,2026-09,Bloqué,IN,Bloqué,,,,OK,,,
307,2026-09,Brainbox,IN,,TRUE,,,,,,
367,2026-09,Au Stock,IN,,TRUE,,,,,,
308,2026-09,Brainbox,IN,,TRUE,,,,,,
319,2026-09,deBRY,IN,,TRUE,,,À DÉFINIR,,,
309,2026-09,Fintro Ciney,IN,Entreprendre,TRUE,,Puissant&Co-2026-entrepreneurs,OK,,,
310,2026-09,Poils & Plumes Ciney,IN,,TRUE,,Poils&Plumes CDR-2026,OK,,,
311,2026-09,Mobalpa Marche,IN,,TRUE,,,,,,
312,2026-09,Fintro Ciney,IN,Equipe,TRUE,,,,,,
313,2026-09,Poils & Plumes Dinant,IN,,TRUE,,Poils&Plumes CDR-2026,OK,,,
314,2026-09,Brainbox,IN,,TRUE,,,,,,
315,2026-09,Poils & Plumes Dinant,IN,,TRUE,,,,,,
316,2026-09,Condroz Motor,IN,,TRUE,,Condroz Motor-2026,OK,,,
317,2026-09,EASYHOME,IN,,TRUE,,,,,,
318,2026-09,Continentis,IN,,TRUE,,,,,,
320,2026-09,Jardin Confort,IN,,TRUE,,Jardin Confort-2025-toiture,OK,,,
321,2026-09,Brainbox,IN,,TRUE,,,,,,
,2026-09,,IN,,,,,,,,
323,2026-09,Clôtures Leblanc,IN,,TRUE,,Clôtures Leblanc-2025,OK,,,
324,2026-09,Jardin Confort,IN,,TRUE,,,,,,
325,2026-09,Graines de Vélo,IN,,TRUE,,Graines de Vélo-notoriété,OK,,,
326,2026-09,Green Robot,IN,,TRUE,,Green Robot-2026,OK,,,
327,2026-09,Q-outlet,IN,XXL,TRUE,,,,,,
328,2026-09,Clôtures Leblanc,IN,,TRUE,,,,,,
329,2026-09,Graines de Vélo,IN,,TRUE,,,,,,
330,2026-09,DEMA,IN,,TRUE,,D ici-2026-330-5km,BÂCHE COMMANDÉE,,,
331,2026-09,Acces Habitat ,IN,,TRUE,,Acces Habitat-2026,OK,,,
332,2026-09,Carbelle,IN,,TRUE,,,,,,
333,2026-09,Clôtures Leblanc,IN,,TRUE,,,,,,
334,2026-09,Brainbox,IN,,TRUE,,,,,,
335,2026-09,Green Robot,IN,,TRUE,,,,,,
336,2026-09,Clôtures Leblanc,IN,,TRUE,,,,,,
337,2026-09,Chris Home,IN,Christophe,TRUE,,Chris Home-2026-BarbaraJulie,BÂCHE COMMANDÉE,,,
338,2026-09,Pessleux,IN,,TRUE,,Pessleux-serres,OK,,,
339,2026-09,EASYHOME,IN,,TRUE,,,,,,
340,2026-09,Carbelle,IN,,TRUE,,,,,,
341,2026-09,Ville de Namur,IN,,TRUE,,VilleNamur-ouvert dimanche,OK,,,
365,2026-09,Au Stock,IN,,TRUE,,,,,,
342,2026-09,Carbelle,IN,,TRUE,,,,,,
343,2026-09,Brainbox,IN,,TRUE,,,,,,
344,2026-09,Q-outlet,IN,XXL,TRUE,,,,,,
363,2026-09,DEMA,IN,Étudiants,TRUE,,,,,,
345,2026-09,,IN,,,,,,,,
346,2026-09,Chris Home,IN,Berangere,TRUE,,,,,,
359,2026-09,Palate,IN,,FALSE,,Palate-2026,BÂCHE CLIENT RELANCE,,,
360,2026-09,DEMA,IN,Étudiants,TRUE,,,,,,
361,2026-09,Majois,IN,,TRUE,,Majois-2026,OK,,,
,2026-09,,IN,,,,,,,,
347,2026-09,BP Martelange,IN,,TRUE,,,OK,,,
348,2026-09,Mobalpa Marche,IN,,TRUE,,,,,,
349,2026-09,DEMA,IN,Étudiants,TRUE,,,,,,
350,2026-09,DPS,IN,,TRUE,,,À DÉFINIR,,,
351,2026-09,Poils & Plumes Rochefort,IN,,TRUE,,Poils&Plumes CDR-2026,OK,,,
352,2026-09,Brainbox,IN,,TRUE,,,,,,
353,2026-09,Poils & Plumes Rochefort,IN,,TRUE,,,,,,
,2026-09,,IN,,,,,,,,
354,2026-09,Watt4U,IN,,TRUE,,Watt4U-notoriete,OK,,,
355,2026-09,Continentis,IN,,TRUE,,,,,,
356,2026-09,Brainbox,IN,,TRUE,,,,,,
357,2026-09,DEMA,IN,Étudiants,TRUE,,,,,,
,2026-09,,IN,,,,,,,,
,2026-09,,IN,,,,,,,,
,2026-09,,IN,,,,,,,,
,2026-09,,IN,,,,,,,,
,2026-09,,IN,,,,,,,,
401,2026-09,Majois,IN,,TRUE,,,,,,
402,2026-09,Majois,IN,,TRUE,,,,,,
403,2026-09,Brainbox,IN,,TRUE,,,,,,
404,2026-09,Clôtures Leblanc,IN,,TRUE,,,,,,
405,2026-09,Continentis,IN,,TRUE,,,,,,
406,2026-09,,IN,,,,,,,,
407,2026-09,Brainbox,IN,,TRUE,,,,,,
408,2026-09,Carbelle,IN,,TRUE,,,,,,
409,2026-09,Continentis,IN,,TRUE,,,,,,
415,2026-09,,IN,,,,,,,,
,2026-09,,IN,,,,,,,,
,2026-09,,IN,,,,,,,,
,2026-09,,IN,,,,,,,,
,2026-09,,IN,,,,,,,,
,2026-09,,IN,,,,,,,,
,2026-09,,IN,,,,,,,,
,2026-09,,IN,,,,,,,,
,2026-09,,IN,,,,,,,,
,2026-09,,IN,,,,,,,,
501,2026-09,LMV,IN,Goffinet,TRUE,,LMV-notoriété-2024,OK,,,
502,2026-09,DPS,IN,,,,,,,,
,2026-09,,IN,,,,,,,,
,2026-09,,IN,,,,,,,,
505,2026-09,DPS,IN,,,,,,,,
506,2026-09,,IN,,,,,,,,
507,2026-09,DPS,IN,,,,,,,,
508,2026-09,Brainbox,IN,,TRUE,,,,,,
509,2026-09,Brainbox,IN,,TRUE,,,,,,
510,2026-09,DPS,IN,,,,,,,,
,2026-09,,IN,,,,,,,,
,2026-09,,IN,,,,,,,,
527,2026-09,EASYHOME,IN,,TRUE,,,,,,
512,2026-09,DPS,IN,,,,,,,,
513,2026-09,Continentis,IN,,TRUE,,,,,,
514,2026-09,Continentis,IN,,TRUE,,,,,,
515,2026-09,Silicon Brain,IN,,TRUE,,,,,,
517,2026-09,Delhaize Lux,IN,,TRUE,,Delhaize Lux-2025-fleche-pommerloch,OK,,,
518,2026-09,LMV,IN,,TRUE,,,,,,
,2026-09,,IN,,,,,,,,
520,2026-09,Delhaize Lux,IN,,TRUE,,,,,,
521,2026-09,LMV,IN,,TRUE,,,,,,
525,2026-09,deBRY,IN,,TRUE,,,,,,
530,2026-09,DPS,IN,,,,,,,,
,2026-09,,IN,,,,,,,,
,2026-09,,IN,,,,,,,,
,2026-09,,IN,,,,,,,,
,2026-09,,IN,,,,,,,,
,2026-09,,IN,,,,,,,,
,2026-09,,IN,,,,,,,,
,2026-09,,IN,,,,,,,,
,2026-09,,IN,,,,,,,,
,2026-09,,IN,,,,,,,,
,2026-09,,IN,,,,,,,,
,2026-09,,IN,,,,,,,,
,2026-09,,IN,,,,,,,,
,2026-09,,IN,,,,,,,,
,2026-09,,OUT,,,,,,,,
102,2026-09,Aterno,OUT,,TRUE,,,,,,
,2026-09,,OUT,,,,,,,,
104,2026-09,EASYHOME,OUT,,TRUE,,,,,,
105,2026-09,Q-outlet,OUT,XXL,TRUE,,,,,,
106,2026-09,JDW,OUT,essence,TRUE,,,,,,
107,2026-09,Brainbox,OUT,,TRUE,,,,,,
108,2026-09,EASYHOME,OUT,,TRUE,,,,,,
109,2026-09,Continentis,OUT,,TRUE,,,,,,
110,2026-09,Christophe Charlet,OUT,gr,TRUE,,Christophe Charlet-2026,,,,
111,2026-09,Continentis,OUT,,TRUE,,,À DÉFINIR,,,
112,2026-09,Continentis,OUT,,TRUE,,,,,,
113,2026-09,EASYHOME,OUT,,TRUE,,,,,,
114,2026-09,JDW,OUT,essence,TRUE,,,,,,
,2026-09,,OUT,,,,,,,,
,2026-09,,OUT,,,,,,,,
,2026-09,,OUT,,,,,,,,
,2026-09,,OUT,,,,,,,,
,2026-09,,OUT,,,,,,,,
,2026-09,,OUT,,,,,,,,
,2026-09,,OUT,,,,,,,,
,2026-09,,OUT,,,,,,,,
,2026-09,,OUT,,,,,,,,
,2026-09,,OUT,,,,,,,,
201,2026-09,Silicon Brain,OUT,,TRUE,,,,,,
202,2026-09,,OUT,,,,,,,,
203,2026-09,Carbelle,OUT,,TRUE,,,,,,
204,2026-09,Fintro Huy,OUT,,TRUE,,,,,,
205,2026-09,Fintro Huy,OUT,,TRUE,,,,,,
206,2026-09,Carbelle,OUT,,TRUE,,,,,,
207,2026-09,Carbelle,OUT,,TRUE,,,,,,
208,2026-09,EASYHOME,OUT,,TRUE,,,,,,
209,2026-09,Carbelle,OUT,,TRUE,,,,,,
210,2026-09,BuildPartners,OUT,,TRUE,,Buildpartner-2026-neupre75,OK,,,
211,2026-09,Carbelle,OUT,,TRUE,,,,,,
212,2026-09,,OUT,,,,,,,,
213,2026-09,,OUT,,,,,,,,
214,2026-09,,OUT,,,,,,,,
215,2026-09,Hannosset,OUT,,TRUE,,,,,,
216,2026-09,Hannosset,OUT,,TRUE,,,,,,
227,2026-09,Aterno,OUT,,TRUE,,,,,,
217,2026-09,Continentis,OUT,,TRUE,,,,,,
218,2026-09,,OUT,,,,,,,,
,2026-09,,OUT,,,,,,,,
220,2026-09,,OUT,,,,,,,,
221,2026-09,,OUT,,,,,,,,
226,2026-09,,OUT,,,,,,,,
222,2026-09,EASYHOME,OUT,,TRUE,,,,,,
224,2026-09,,OUT,,,,,,,,
230,2026-09,Continentis,OUT,,TRUE,,,,,,
223,2026-09,EASYHOME,OUT,,TRUE,,,,,,
225,2026-09,EASYHOME,OUT,,TRUE,,,,,,
231,2026-09,,OUT,,,,,,,,
,2026-09,,OUT,,,,,,,,
,2026-09,,OUT,,,,,,,,
,2026-09,,OUT,,,,,,,,
,2026-09,,OUT,,,,,,,,
,2026-09,,OUT,,,,,,,,
,2026-09,,OUT,,,,,,,,
,2026-09,,OUT,,,,,,,,
,2026-09,,OUT,,,,,,,,
,2026-09,,OUT,,,,,,,,
,2026-09,,OUT,,,,,,,,
301,2026-09,Acces Habitat ,OUT,,TRUE,,,,,,
,2026-09,,OUT,,,,,,,,
303,2026-09,Acces Habitat ,OUT,,TRUE,,,,,,
304,2026-09,Carbelle,OUT,,TRUE,,,,,,
305,2026-09,Continentis,OUT,,TRUE,,,,,,
306,2026-09,Bloqué,OUT,Bloqué,,,,,,,
307,2026-09,LMV,OUT,,TRUE,,,,,,
367,2026-09,Fintro Ciney,OUT,Equipe,TRUE,,,,,,
308,2026-09,Lemineur,OUT,,TRUE,,Lemineur-2026,OK,,,
319,2026-09,Poils & Plumes Ciney,OUT,,TRUE,,,,,,
309,2026-09,Lemineur,OUT,,TRUE,,,,,,
310,2026-09,DPS,OUT,,TRUE,,,,,,
311,2026-09,EASYHOME,OUT,lmoi,TRUE,,,,,,
312,2026-09,Condroz Motor,OUT,,TRUE,,,,,,
313,2026-09,Au Stock,OUT,,TRUE,,,,,,
314,2026-09,Chris Home,OUT,Barbara,TRUE,,,,,,
315,2026-09,EASYHOME,OUT,,TRUE,,,,,,
316,2026-09,Continentis,OUT,,TRUE,,,,,,
317,2026-09,,OUT,,,,,,,,
318,2026-09,,OUT,,,,,,,,
320,2026-09,,OUT,,,,,,,,
321,2026-09,,OUT,,,,,,,,
,2026-09,,OUT,,,,,,,,
323,2026-09,EASYHOME,OUT,Remorque à réparer,TRUE,,,,,,
324,2026-09,Continentis,OUT,,TRUE,,,,,,
325,2026-09,DEMA,OUT,Étudiants,TRUE,,,,,,
326,2026-09,EASYHOME,OUT,,TRUE,,,,,,
327,2026-09,Silicon Brain,OUT,,TRUE,,,,,,
328,2026-09,Kids and us Gembloux,OUT,,TRUE,,Kids and us Gembloux,OK,,,
329,2026-09,JDW,OUT,,TRUE,,,,,,
330,2026-09,D ici,OUT,Étudiants,TRUE,,,,,,
331,2026-09,DEMA,OUT,Étudiants,TRUE,,,,,,
332,2026-09,EASYHOME,OUT,,TRUE,,,,,,
333,2026-09,Palate,OUT,Lmoi,FALSE,,Palate-2026,BÂCHE COMMANDÉE,,,
334,2026-09,Bloqué,OUT,,,,,,,,
335,2026-09,Carbelle,OUT,,TRUE,,,,,,
336,2026-09,EASYHOME,OUT,,TRUE,,,,,,
337,2026-09,EASYHOME,OUT,,TRUE,,,,,,
338,2026-09,EASYHOME,OUT,,TRUE,,,,,,
339,2026-09,EASYHOME,OUT,,TRUE,,,,,,
340,2026-09,EASYHOME,OUT,,TRUE,,,,,,
341,2026-09,Carbelle,OUT,,TRUE,,,,,,
365,2026-09,Jardin Confort,OUT,,TRUE,,,,,,
342,2026-09,EASYHOME,OUT,,TRUE,,,,,,
343,2026-09,Watt4U,OUT,,TRUE,,,,,,
344,2026-09,Acces Habitat ,OUT,,TRUE,,,,,,
363,2026-09,DPS,OUT,,TRUE,,,,,,
345,2026-09,,OUT,,,,,,,,
346,2026-09,IND Fleurus,OUT,,TRUE,,INDfleurus-2026,OK,,,
359,2026-09,,OUT,,,,,,,,
360,2026-09,,OUT,,,,,,,,
361,2026-09,,OUT,,,,,,,,
,2026-09,,OUT,,,,,,,,
347,2026-09,LMV,OUT,,TRUE,,,,,,
348,2026-09,EASYHOME,OUT,Marche,TRUE,,,,,,
349,2026-09,,OUT,,,,,,,,
350,2026-09,DEMA,OUT,Étudiants,TRUE,,,,,,
351,2026-09,EASYHOME,OUT,Marche,TRUE,,,,,,
352,2026-09,0,OUT,,,,,,,,
353,2026-09,EASYHOME,OUT,Marche,TRUE,,,,,,
,2026-09,,OUT,,,,,,,,
354,2026-09,Clôtures Leblanc,OUT,,TRUE,,,,,,
355,2026-09,Palate,OUT,NEW,FALSE,,,,,,
356,2026-09,Chris Home,OUT,Berangere,TRUE,,,,,,
357,2026-09,EASYHOME,OUT,Marche,TRUE,,,,,,
,2026-09,,OUT,,,,,,,,
,2026-09,,OUT,,,,,,,,
,2026-09,,OUT,,,,,,,,
,2026-09,,OUT,,,,,,,,
,2026-09,,OUT,,,,,,,,
401,2026-09,Q-outlet,OUT,XXL,TRUE,,,,,,
402,2026-09,Silicon Brain,OUT,,TRUE,,,,,,
403,2026-09,Aterno,OUT,,TRUE,,,,,,
404,2026-09,Silicon Brain,OUT,,TRUE,,,,,,
405,2026-09,Carbelle,OUT,,TRUE,,,,,,
406,2026-09,Carbelle,OUT,,TRUE,,,,,,
407,2026-09,,OUT,,,,,,,,
408,2026-09,,OUT,,,,,,,,
409,2026-09,DEMA,OUT,Étudiants,TRUE,,,,,,
415,2026-09,Aterno,OUT,,TRUE,,,,,,
,2026-09,,OUT,,,,,,,,
,2026-09,,OUT,,,,,,,,
,2026-09,,OUT,,,,,,,,
,2026-09,,OUT,,,,,,,,
,2026-09,,OUT,,,,,,,,
,2026-09,,OUT,,,,,,,,
,2026-09,,OUT,,,,,,,,
,2026-09,,OUT,,,,,,,,
,2026-09,,OUT,,,,,,,,
501,2026-09,DPS,OUT,,,,,,,,
502,2026-09,Carbelle,OUT,,TRUE,,,,,,
,2026-09,,OUT,,,,,,,,
,2026-09,,OUT,,,,,,,,
505,2026-09,Carbelle,OUT,,TRUE,,,,,,
506,2026-09,DPS,OUT,,,,,,,,
507,2026-09,,OUT,,,,,,,,
508,2026-09,DPS,OUT,,,,,,,,
509,2026-09,LMV,OUT,,TRUE,,,,,,
510,2026-09,Continentis,OUT,,TRUE,,,,,,
,2026-09,,OUT,,,,,,,,
,2026-09,,OUT,,,,,,,,
527,2026-09,Brainbox,OUT,,TRUE,,,,,,
512,2026-09,Mobalpa Marche,OUT,,TRUE,,,,,,
513,2026-09,,OUT,,,,,,,,
514,2026-09,Delhaize Lux,OUT,,TRUE,,,,,,
515,2026-09,Delhaize Lux,OUT,,TRUE,,,,,,
517,2026-09,Knauf,OUT,,TRUE,,Knauf-2025-0b2bce7d,OK,,,
518,2026-09,,OUT,,,,,,,,
,2026-09,,OUT,,,,,,,,
520,2026-09,Continentis,OUT,,TRUE,,,,,,
521,2026-09,,OUT,,,,,,,,
525,2026-09,EASYHOME,OUT,Patron,TRUE,,,,,,
530,2026-09,Aterno,OUT,,TRUE,,,,,,
,2026-09,,OUT,,,,,,,,
,2026-09,,OUT,,,,,,,,
,2026-09,,OUT,,,,,,,,
,2026-09,,OUT,,,,,,,,
,2026-09,,OUT,,,,,,,,
,2026-09,,OUT,,,,,,,,
,2026-09,,OUT,,,,,,,,
,2026-09,,OUT,,,,,,,,
,2026-09,,OUT,,,,,,,,
,2026-09,,OUT,,,,,,,,
,2026-09,,OUT,,,,,,,,
,2026-09,,OUT,,,,,,,,
,2026-09,,OUT,,,,,,,,
,2026-10,,IN,,,,,,,,
102,2026-10,DEMA,IN,luminaires,,,DEMA-2023-luminaires,OK,,,
,2026-10,,IN,,,,,,,,
104,2026-10,JDW,IN,,,,,OK,inverser les visuel,,
105,2026-10,JDW,IN,,,,,,,,
106,2026-10,EASYHOME,IN,,,,Easyhome2024,OK,,,
107,2026-10,EASYHOME,IN,,,,,,,,
108,2026-10,Grottes de Han,IN,,,,Grottes de Han-2026-halloween,BÂCHE COMMANDÉE,new CC,,
109,2026-10,Continentis,IN,,,,,OK,,,
110,2026-10,Q-outlet,IN,RQP,,,Q-outlet-2025_toute-l-annee,OK,,,
111,2026-10,Alictivity,IN,,,,Alictivity-2026,OK,,,
112,2026-10,Alictivity,IN,,,,,,,,
113,2026-10,Boulangerie Tumulus,IN,,,,Tumulus-2026,OK,,,
114,2026-10,JDW,IN,,,,,,,,
,2026-10,,IN,,,,,,,,
,2026-10,,IN,,,,,,,,
,2026-10,,IN,,,,,,,,
,2026-10,,IN,,,,,,,,
,2026-10,,IN,,,,,,,,
,2026-10,,IN,,,,,,,,
,2026-10,,IN,,,,,,,,
,2026-10,,IN,,,,,,,,
,2026-10,,IN,,,,,,,,
,2026-10,,IN,,,,,,,,
201,2026-10,Q-outlet,IN,RQP,,,,,,,
202,2026-10,Fintro Huy,IN,,,,Fintro Huy Jaumain-2023,OK,,,
203,2026-10,Fintro Huy,IN,,,,,,,,
204,2026-10,Carbelle,IN,,,,Carbelle-Switch,OK,,,
205,2026-10,Plopsa Coo,IN,new,,,Plopsa Coo-2026-halloween,BÂCHE COMMANDÉE,new CC,,
206,2026-10,Fintro Huy,IN,,,,,,,,
207,2026-10,Carbelle,IN,,,,,,,,
208,2026-10,Fintro Huy,IN,,,,,,,,
209,2026-10,Fintro Huy,IN,,,,,,,,
210,2026-10,Carbelle,IN,,,,,,,,
211,2026-10,EASYHOME,IN,,,,,,,,
212,2026-10,,IN,,,,,,,,
213,2026-10,Brainbox,IN,gr,,,Brainbox-2024-50%,OK,,,
214,2026-10,,IN,,,,,,,,
215,2026-10,Continentis,IN,,,,,,,,
216,2026-10,Rugamba,IN,new,,,,BÂCHE COMMANDÉE,new CC,,
227,2026-10,Immo Cube,IN,,,,Immo Cube-2025,OK,,,
217,2026-10,Immo Cube,IN,,,,,,,,
218,2026-10,Brainbox,IN,gr,,,,,,,
,2026-10,,IN,,,,,,,,
220,2026-10,,IN,,,,,,,,
221,2026-10,Continentis,IN,,,,,,,,
226,2026-10,Continentis,IN,,,,,,,,
222,2026-10,Silicon Brain,IN,,,,Silicon Brain-2026,OK,,,
224,2026-10,,IN,,,,,,,,
230,2026-10,Plopsa Coo,IN,new,,,,,,,
223,2026-10,EASYHOME,IN,,,,,,,,
225,2026-10,DEMA,IN,luminaires,,,,,,,
231,2026-10,Plopsa Coo,IN,new,,,,,,,
,2026-10,,IN,,,,,,,,
,2026-10,,IN,,,,,,,,
,2026-10,,IN,,,,,,,,
,2026-10,,IN,,,,,,,,
,2026-10,,IN,,,,,,,,
,2026-10,,IN,,,,,,,,
,2026-10,,IN,,,,,,,,
,2026-10,,IN,,,,,,,,
,2026-10,,IN,,,,,,,,
,2026-10,,IN,,,,,,,,
301,2026-10,Hanse Meubles,IN,,,,Hanse Meubles-2025-Remise50,OK,,,
,2026-10,,IN,,,,,,,,
303,2026-10,Au Stock,IN,,,,Au Stock-2026-Entretien,OK,,,
304,2026-10,Carbelle,IN,,,,,,,,
305,2026-10,Lumarvel,IN,,,,Lumarvel-2020-notoriété,OK,,,
306,2026-10,Bloqué,IN,Bloqué,,,Condroz Motor-2026,OK,,,
307,2026-10,Lemineur,IN,,,,Lemineur-2026-poelerie,BÂCHE COMMANDÉE,new CC,,
367,2026-10,Au Stock,IN,,,,,,,,
308,2026-10,Poils & Plumes Ciney,IN,,,,Poils&Plumes CDR-2026,OK,,,
319,2026-10,deBRY,IN,,,,,OK,,,
309,2026-10,Grottes de Han,IN,new,,,,,,,
310,2026-10,Lemineur,IN,,,,,,,,
311,2026-10,LMV,IN,,,,LMV-notoriété-2024,OK,,,
312,2026-10,Condroz Gibier,IN,,,,Condroz Gibier-Comptoir ouvert,OK,,,
313,2026-10,Condroz Motor,IN,,TRUE,,Condroz Motor-2026,OK,,,
314,2026-10,Poils & Plumes Dinant,IN,,,,Poils&Plumes CDR-2026,OK,,,
315,2026-10,Plopsa Coo,IN,new,,,,,,,
316,2026-10,Condroz Motor,IN,,,,,,,,
317,2026-10,Hanse Meubles,IN,,,,,,,,
318,2026-10,Continentis,IN,,,,,,,,
320,2026-10,,IN,,,,,,,,
321,2026-10,Continentis,IN,,,,,,,,
,2026-10,,IN,,,,,,,,
323,2026-10,Remorque à réparer,IN,Remorque à réparer,,,,À DÉFINIR,,,
324,2026-10,Brainbox,IN,gr,,,,,,,
325,2026-10,Q-outlet,IN,RQP,,,,,,,
326,2026-10,,IN,,,,,,,,
327,2026-10,DPS,IN,,,,DPS-coca-7-19,OK,,,
328,2026-10,Hanse Meubles,IN,,,,,,,,
329,2026-10,Grottes de Han,IN,new,,,,,,,
330,2026-10,DEMA,IN,luminaires,,,,,,,
331,2026-10,Q-outlet,IN,RQP,,,,,,,
332,2026-10,Immo Toma ,IN,,,,,BÂCHE CLIENT,new Nuance 4 (client),,
333,2026-10,Palate,IN,,,,Palate-2026,BÂCHE COMMANDÉE,new CC,,
334,2026-10,Graines de vélo,IN,,,,Graines de Vélo-notoriété,OK,,,
335,2026-10,Tonton tapis,IN,,,,Tonton tapis-2020-notoriété,OK,,,
336,2026-10,Immo Toma ,IN,,,,,,,,
337,2026-10,Carbelle,IN,,,,,,,,
338,2026-10,EASYHOME,IN,,,,,,,,
339,2026-10,Ville de namur,IN,,,,VilleNamur-ouvert dimanche,OK,,,
340,2026-10,DPS,IN,,,,,OK,,,
341,2026-10,DPS,IN,,,,,,,,
365,2026-10,Continentis,IN,,,,,,,,
342,2026-10,Carbelle,IN,,,,,,,,
343,2026-10,Optic & vous,IN,,,,Optic & vous-2024,OK,,,
344,2026-10,Urbaine,IN,,,,Urbaine Hiver,OK,hiver,,
363,2026-10,Grottes de Han,IN,new,,,,,,,
345,2026-10,,IN,,,,,,,,
346,2026-10,Immo Toma,IN,,,,,,,,
359,2026-10,Chris Home,IN,Berangere,,,Chris Home Berangère-Parlons,OK,,,
360,2026-10,,IN,,,,,,,,
361,2026-10,,IN,,,,,,,,
,2026-10,,IN,,,,,,,,
347,2026-10,BP Martelange,IN,,,,BP Martelange-2025-pepsi,OK,,,
348,2026-10,Plopsa Coo,IN,new,,,,,,,
349,2026-10,Plopsa Coo,IN,new,,,,,,,
350,2026-10,Grottes de Han,IN,new,,,,,,,
351,2026-10,Plopsa Coo,IN,new,,,,,,,
352,2026-10,Plopsa Coo,IN,new,,,,,,,
353,2026-10,Plopsa Coo,IN,new,,,,,,,
,2026-10,,IN,,,,,,,,
354,2026-10,,IN,,,,,,,,
355,2026-10,Chris Home,IN,Berangere,,,,,,,
356,2026-10,Q-outlet,IN,RQP,,,,,,,
357,2026-10,Au Stock,IN,,,,,,,,
,2026-10,,IN,,,,,,,,
,2026-10,,IN,,,,,,,,
,2026-10,,IN,,,,,,,,
,2026-10,,IN,,,,,,,,
,2026-10,,IN,,,,,,,,
401,2026-10,Carbelle,IN,,,,,,,,
402,2026-10,Silicon Brain,IN,,,,,,,,
403,2026-10,Hanse Meubles,IN,,,,,,,,
404,2026-10,Immo Toma ,IN,,,,,,,,
405,2026-10,Brainbox,IN,gr,,,Brainbox-2024-50%,OK,,,
406,2026-10,Continentis,IN,,,,,,,,
407,2026-10,Carbelle,IN,,,,,,,,
408,2026-10,DEMA,IN,luminaires,,,,,,,
409,2026-10,Continentis,IN,,,,,,,,
415,2026-10,Carbelle,IN,,,,,,,,
,2026-10,,IN,,,,,,,,
,2026-10,,IN,,,,,,,,
,2026-10,,IN,,,,,,,,
,2026-10,,IN,,,,,,,,
,2026-10,,IN,,,,,,,,
,2026-10,,IN,,,,,,,,
,2026-10,,IN,,,,,,,,
,2026-10,,IN,,,,,,,,
,2026-10,,IN,,,,,,,,
501,2026-10,LMV,IN,Goffinet,,,,,,,
502,2026-10,DPS,IN,,,,,,,,
,2026-10,,IN,,,,,,,,
,2026-10,,IN,,,,,,,,
505,2026-10,DPS,IN,,,,,,,,
506,2026-10,Servipools,IN,Home Expo,,,Servipools-2025-HomeExpo,AUTOCOLLANT COMMANDÉ,Autocollant date CC,,
507,2026-10,DPS,IN,,,,,,,,
508,2026-10,Servipools,IN,Home Expo,,,,,,,
509,2026-10,Servipools,IN,Home Expo,,,,,,,
510,2026-10,DPS,IN,,,,,,,,
,2026-10,,IN,,,,,,,,
,2026-10,,IN,,,,,,,,
527,2026-10,LMV,IN,,,,,,,,
512,2026-10,DPS,IN,,,,,,,,
513,2026-10,Servipools,IN,Home Expo,,,,,,,
514,2026-10,Plopsa Coo,IN,new,,,,,,,
515,2026-10,Plopsa Coo,IN,new,,,,,,,
517,2026-10,Delhaize Lux,IN,,,,Delhaize Lux-2025-fleche-pommerloch,OK,,,
518,2026-10,Plopsa Coo,IN,new,,,,,,,
,2026-10,,IN,,,,,,,,
520,2026-10,Delhaize Lux,IN,,,,,,,,
521,2026-10,Plopsa Coo,IN,new,,,,,,,
525,2026-10,Grottes de Han,IN,new,,,,,,,
530,2026-10,DPS,IN,,,,,,,,
,2026-10,,IN,,,,,,,,
,2026-10,,IN,,,,,,,,
,2026-10,,IN,,,,,,,,
,2026-10,,IN,,,,,,,,
,2026-10,,IN,,,,,,,,
,2026-10,,IN,,,,,,,,
,2026-10,,IN,,,,,,,,
,2026-10,,IN,,,,,,,,
,2026-10,,IN,,,,,,,,
,2026-10,,IN,,,,,,,,
,2026-10,,IN,,,,,,,,
,2026-10,,IN,,,,,,,,
,2026-10,,IN,,,,,,,,
,2026-10,,OUT,,,,,,,,
102,2026-10,Silicon Brain,OUT,,,,,,,,
,2026-10,,OUT,,,,,,,,
104,2026-10,EASYHOME,OUT,,,,,,,,
105,2026-10,DEMA,OUT,luminaires,,,,,,,
106,2026-10,JDW,OUT,,,,,,,,
107,2026-10,Brainbox,OUT,gr,,,,,,,
108,2026-10,EASYHOME,OUT,,,,,,,,
109,2026-10,Continentis,OUT,,,,,,,,
110,2026-10,Alictivity,OUT,,,,,,,,
111,2026-10,Continentis,OUT,,,,,,,,
112,2026-10,Continentis,OUT,,,,,,,,
113,2026-10,Christophe Charlet,OUT,gr,,,Christophe Charlet-2026,OK,,,
114,2026-10,Graines de Vélo,OUT,,,,,,,,
,2026-10,,OUT,,,,,,,,
,2026-10,,OUT,,,,,,,,
,2026-10,,OUT,,,,,,,,
,2026-10,,OUT,,,,,,,,
,2026-10,,OUT,,,,,,,,
,2026-10,,OUT,,,,,,,,
,2026-10,,OUT,,,,,,,,
,2026-10,,OUT,,,,,,,,
,2026-10,,OUT,,,,,,,,
,2026-10,,OUT,,,,,,,,
201,2026-10,Silicon Brain,OUT,,,,,,,,
202,2026-10,,OUT,,,,,,,,
203,2026-10,Carbelle,OUT,,,,,,,,
204,2026-10,Carbelle,OUT,,,,,,,,
205,2026-10,Carbelle,OUT,,,,,,,,
206,2026-10,EASYHOME,OUT,,,,,,,,
207,2026-10,Carbelle,OUT,,,,,,,,
208,2026-10,Carbelle,OUT,,,,,,,,
209,2026-10,Carbelle,OUT,,,,,,,,
210,2026-10,EASYHOME,OUT,,,,,,,,
211,2026-10,EASYHOME,OUT,,,,,,,,
212,2026-10,,OUT,,,,,,,,
213,2026-10,Continentis,OUT,,,,,,,,
214,2026-10,,OUT,,,,,,,,
215,2026-10,,OUT,,,,,,,,
216,2026-10,Continentis,OUT,,,,,,,,
227,2026-10,Silicon Brain,OUT,,,,,,,,
217,2026-10,,OUT,,,,,,,,
218,2026-10,Continentis,OUT,,,,,,,,
,2026-10,,OUT,,,,,,,,
220,2026-10,Plopsa Coo,OUT,new,,,,,,,
221,2026-10,,OUT,,,,,,,,
226,2026-10,Plopsa Coo,OUT,new,,,,,,,
222,2026-10,Plopsa Coo,OUT,new,,,,,,,
224,2026-10,,OUT,,,,,,,,
230,2026-10,,OUT,,,,,,,,
223,2026-10,EASYHOME,OUT,,,,,,,,
225,2026-10,Plopsa Coo,OUT,new,,,,,,,
231,2026-10,,OUT,,,,,,,,
,2026-10,,OUT,,,,,,,,
,2026-10,,OUT,,,,,,,,
,2026-10,,OUT,,,,,,,,
,2026-10,,OUT,,,,,,,,
,2026-10,,OUT,,,,,,,,
,2026-10,,OUT,,,,,,,,
,2026-10,,OUT,,,,,,,,
,2026-10,,OUT,,,,,,,,
,2026-10,,OUT,,,,,,,,
,2026-10,,OUT,,,,,,,,
301,2026-10,Acces Habitat ,OUT,,,,Acces Habitat-2026,OK,,,
,2026-10,,OUT,,,,,,,,
303,2026-10,Acces Habitat ,OUT,,,,,,,,
304,2026-10,Fintro Huy,OUT,,,,,,,,
305,2026-10,,OUT,,,,,,,,
306,2026-10,Bloqué,OUT,Bloqué,,,,OK,,,
307,2026-10,Poils & Plumes Ciney,OUT,,,,,,,,
367,2026-10,LMV,OUT,,,,,,,,
308,2026-10,Servipools,OUT,Home expo,,,,,,,
319,2026-10,,OUT,,,,,,,,
309,2026-10,Condroz Gibier,OUT,,,,,,,,
310,2026-10,,OUT,,,,,,,,
311,2026-10,EASYHOME,OUT,,,,,,,,
312,2026-10,EASYHOME,OUT,,,,,,,,
313,2026-10,,OUT,,,,,,,,
314,2026-10,,OUT,,,,,,,,
315,2026-10,EASYHOME,OUT,,,,,,,,
316,2026-10,Poils & Plumes Dinant,OUT,,,,,,,,
317,2026-10,Plopsa Coo,OUT,new,,,,,,,
318,2026-10,,OUT,,,,,,,,
320,2026-10,,OUT,,,,,,,,
321,2026-10,EASYHOME,OUT,,,,,,,,
,2026-10,,OUT,,,,,,,,
323,2026-10,Remorque à réparer,OUT,Remorque à réparer,,,,,,,
324,2026-10,,OUT,,,,,,,,
325,2026-10,DEMA,OUT,luminaires,,,,,,,
326,2026-10,,OUT,,,,,,,,
327,2026-10,,OUT,,,,,,,,
328,2026-10,Plopsa Coo,OUT,new,,,,,,,
329,2026-10,Silicon Brain,OUT,,,,,,,,
330,2026-10,,OUT,,,,,,,,
331,2026-10,Acces Habitat ,OUT,,,,,,,,
332,2026-10,,OUT,,,,,,,,
333,2026-10,,OUT,,,,,OK,,,
334,2026-10,Bloqué,OUT,,,,,,,,
335,2026-10,,OUT,,,,,,,,
336,2026-10,EASYHOME,OUT,,,,,,,,
337,2026-10,EASYHOME,OUT,,,,,,,,
338,2026-10,EASYHOME,OUT,,,,,,,,
339,2026-10,Pessleux,OUT,,,,Pessleux-serres,OK,,,
340,2026-10,Carbelle,OUT,,,,,,,,
341,2026-10,,OUT,,,,,,,,
365,2026-10,EASYHOME,OUT,,,,,,,,
342,2026-10,,OUT,,,,,,,,
343,2026-10,Hanse Meubles,OUT,,,,,,,,
344,2026-10,Q-outlet,OUT,RQP,,,,,,,
363,2026-10,Au Stock,OUT,,,,,,,,
345,2026-10,,OUT,,,,,,,,
346,2026-10,,OUT,,,,,,,,
359,2026-10,Palate,OUT,,,,,,,,
360,2026-10,,OUT,,,,,,,,
361,2026-10,,OUT,,,,,,,,
,2026-10,,OUT,,,,,,,,
347,2026-10,deBRY,OUT,,,,,,,,
348,2026-10,DEMA,OUT,luminaires,,,,,,,
349,2026-10,Plopsa Coo,OUT,new,,,,,,,
350,2026-10,Poils & Plumes Rochefort,OUT,,,,Poils&Plumes CDR-2026,OK,,,
351,2026-10,Dema,OUT,Luminaires,,,,,,,
352,2026-10,Poils & Plumes Rochefort,OUT,,,,,,,,
353,2026-10,,OUT,,,,,,,,
,2026-10,,OUT,,,,,,,,
354,2026-10,,OUT,,,,,,,,
355,2026-10,Palate,OUT,,,,,,,,
356,2026-10,,OUT,,,,,,,,
357,2026-10,EASYHOME,OUT,,,,,,,,
,2026-10,,OUT,,,,,,,,
,2026-10,,OUT,,,,,,,,
,2026-10,,OUT,,,,,,,,
,2026-10,,OUT,,,,,,,,
,2026-10,,OUT,,,,,,,,
401,2026-10,,OUT,,,,,,,,
402,2026-10,,OUT,,,,,,,,
403,2026-10,Palate,OUT,,,,,,,,
404,2026-10,Silicon Brain,OUT,,,,,,,,
405,2026-10,DEMA,OUT,luminaires,,,,,,,
406,2026-10,,OUT,,,,,,,,
407,2026-10,,OUT,,,,,,,,
408,2026-10,,OUT,,,,,,,,
409,2026-10,,OUT,,,,,,,,
415,2026-10,,OUT,,,,,,,,
,2026-10,,OUT,,,,,,,,
,2026-10,,OUT,,,,,,,,
,2026-10,,OUT,,,,,,,,
,2026-10,,OUT,,,,,,,,
,2026-10,,OUT,,,,,,,,
,2026-10,,OUT,,,,,,,,
,2026-10,,OUT,,,,,,,,
,2026-10,,OUT,,,,,,,,
,2026-10,,OUT,,,,,,,,
501,2026-10,DPS,OUT,,,,,,,,
502,2026-10,Plopsa Coo,OUT,new,,,,,,,
,2026-10,,OUT,,,,,,,,
,2026-10,,OUT,,,,,,,,
505,2026-10,Plopsa Coo,OUT,new,,,,,,,
506,2026-10,DPS,OUT,,,,,,,,
507,2026-10,Plopsa Coo,OUT,new,,,,,,,
508,2026-10,DPS,OUT,,,,,,,,
509,2026-10,LMV,OUT,,,,,,,,
510,2026-10,Plopsa Coo,OUT,new,,,,,,,
,2026-10,,OUT,,,,,,,,
,2026-10,,OUT,,,,,,,,
527,2026-10,Servipools,OUT,Home Expo,,,,,,,
512,2026-10,Grottes de Han,OUT,new,,,,,,,
513,2026-10,Plopsa Coo,OUT,new,,,,,,,
514,2026-10,Delhaize Lux,OUT,,,,,,,,
515,2026-10,Delhaize Lux,OUT,,,,,,,,
517,2026-10,knauf,OUT,,,,,OK,,,
518,2026-10,Servipools,OUT,Home Expo,,,,,,,
,2026-10,,OUT,,,,,,,,
520,2026-10,Grottes de Han,OUT,new,,,,,,,
521,2026-10,Plopsa Coo,OUT,new,,,,,,,
525,2026-10,Plopsa Coo,OUT,new,,,,,,,
530,2026-10,Servipools,OUT,Home Expo,,,,,,,
,2026-10,,OUT,,,,,,,,
,2026-10,,OUT,,,,,,,,
,2026-10,,OUT,,,,,,,,
,2026-10,,OUT,,,,,,,,
,2026-10,,OUT,,,,,,,,
,2026-10,,OUT,,,,,,,,
,2026-10,,OUT,,,,,,,,
,2026-10,,OUT,,,,,,,,
,2026-10,,OUT,,,,,,,,
,2026-10,,OUT,,,,,,,,
,2026-10,,OUT,,,,,,,,
,2026-10,,OUT,,,,,,,,
,2026-10,,OUT,,,,,,,,
,2026-11,,IN,,,,,,,,
102,2026-11,Silicon Brain,IN,,,,,,,,
,2026-11,,IN,,,,,,,,
104,2026-11,JDW,IN,,,,,,,,
105,2026-11,JDW,IN,,,,,,,,
106,2026-11,JDW,IN,,,,,,,,
107,2026-11,,IN,,,,,,,,
108,2026-11,Brainbox,IN,gr,,,,,,,
109,2026-11,Alictivity,IN,,,,,,,,
110,2026-11,,IN,,,,,,,,
111,2026-11,Christophe Charlet,IN,gr,,,,,,,
112,2026-11,Alictivity,IN,,,,,,,,
113,2026-11,,IN,,,,,,,,
114,2026-11,Alictivity,IN,,,,,,,,
,2026-11,,IN,,,,,,,,
,2026-11,,IN,,,,,,,,
,2026-11,,IN,,,,,,,,
,2026-11,,IN,,,,,,,,
,2026-11,,IN,,,,,,,,
,2026-11,,IN,,,,,,,,
,2026-11,,IN,,,,,,,,
,2026-11,,IN,,,,,,,,
,2026-11,,IN,,,,,,,,
,2026-11,,IN,,,,,,,,
201,2026-11,Hannosset,IN,,,,,,,,
202,2026-11,,IN,,,,,,,,
203,2026-11,Auto 5 Tihange,IN,,,,,,,,
204,2026-11,Hannosset,IN,,,,,,,,
205,2026-11,Hannosset,IN,,,,,,,,
206,2026-11,Carbelle,IN,,,,,,,,
207,2026-11,Carbelle,IN,,,,,,,,
208,2026-11,,IN,,,,,,,,
209,2026-11,,IN,,,,,,,,
210,2026-11,,IN,,,,,,,,
211,2026-11,,IN,,,,,,,,
212,2026-11,,IN,,,,,,,,
213,2026-11,,IN,,,,,,,,
214,2026-11,,IN,,,,,,,,
215,2026-11,,IN,,,,,,,,
216,2026-11,Immo Cube,IN,,,,,,,,
227,2026-11,Silicon Brain,IN,,,,,,,,
217,2026-11,,IN,,,,,,,,
218,2026-11,,IN,,,,,,,,
,2026-11,,IN,,,,,,,,
220,2026-11,,IN,,,,,,,,
221,2026-11,Parallèle,IN,,,,,,,,
226,2026-11,,IN,,,,,,,,
222,2026-11,Silicon Brain,IN,,,,,,,,
224,2026-11,,IN,,,,,,,,
230,2026-11,DEMA,IN,Noel,,,,,,,
223,2026-11,,IN,,,,,,,,
225,2026-11,DEMA,IN,Noel,,,,,,,
231,2026-11,,IN,,,,,,,,
,2026-11,,IN,,,,,,,,
,2026-11,,IN,,,,,,,,
,2026-11,,IN,,,,,,,,
,2026-11,,IN,,,,,,,,
,2026-11,,IN,,,,,,,,
,2026-11,,IN,,,,,,,,
,2026-11,,IN,,,,,,,,
,2026-11,,IN,,,,,,,,
,2026-11,,IN,,,,,,,,
,2026-11,,IN,,,,,,,,
301,2026-11,Carbelle,IN,,,,,,,,
,2026-11,,IN,,,,,,,,
303,2026-11,Parallèle,IN,,,,,,,,
304,2026-11,Au Stock,IN,,,,,,,,
305,2026-11,PromAndenne,IN,,,,,,,,
306,2026-11,Bloqué,IN,Bloqué,,,,,,,
307,2026-11,Au Stock,IN,,,,,,,,
367,2026-11,,IN,,,,,,,,
308,2026-11,,IN,,,,,,,,
319,2026-11,Condroz Gibier,IN,,,,,,,,
309,2026-11,,IN,,,,,,,,
310,2026-11,LMV,IN,,,,,,,,
311,2026-11,DPS,IN,,,,,,,,
312,2026-11,Condroz Gibier,IN,,,,,,,,
313,2026-11,,IN,,,,,,,,
314,2026-11,Condroz Motor,IN,,,,,,,,
315,2026-11,,IN,,,,,,,,
316,2026-11,Condroz Motor,IN,,,,,,,,
317,2026-11,Parallèle,IN,,,,,,,,
318,2026-11,,IN,,,,,,,,
320,2026-11,,IN,,,,,,,,
321,2026-11,,IN,,,,,,,,
,2026-11,,IN,,,,,,,,
323,2026-11,,IN,,,,,,,,
324,2026-11,,IN,,,,,,,,
325,2026-11,,IN,,,,,,,,
326,2026-11,,IN,,,,,,,,
327,2026-11,DPS,IN,,,,,,,,
328,2026-11,Hanse Meubles,IN,,,,,,,,
329,2026-11,DEMA,IN,Noel,,,,,,,
330,2026-11,,IN,,,,,,,,
331,2026-11,,IN,,,,,,,,
332,2026-11,Parallèle,IN,,,,,,,,
333,2026-11,Immo Toma ,IN,,,,,,,,
334,2026-11,,IN,,,,,,,,
335,2026-11,,IN,,,,,,,,
336,2026-11,,IN,,,,,,,,
337,2026-11,Tonton tapis,IN,,,,,,,,
338,2026-11,,IN,,,,,,,,
339,2026-11,Marco Magazzino,IN,,,,,,,,
340,2026-11,Carbelle,IN,,,,,,,,
341,2026-11,Watt4U,IN,,,,,,,,
365,2026-11,Au Stock,IN,,,,,,,,
342,2026-11,Parallèle,IN,,,,,,,,
343,2026-11,DPS,IN,,,,,,,,
344,2026-11,Carbelle,IN,,,,,,,,
363,2026-11,DEMA,IN,Noel,,,,,,,
345,2026-11,Pessleux,IN,,,,,,,,
346,2026-11,Chris Home,IN,gr,,,,,,,
359,2026-11,,IN,,,,,,,,
360,2026-11,,IN,,,,,,,,
361,2026-11,,IN,,,,,,,,
,2026-11,,IN,,,,,,,,
347,2026-11,BP Martelange,IN,,,,,,,,
348,2026-11,deBRY,IN,,,,,,,,
349,2026-11,DEMA,IN,Noel,,,,,,,
350,2026-11,Parallèle,IN,,,,,,,,
351,2026-11,DEMA,IN,Noel,,,,,,,
352,2026-11,Poils & Plumes Rochefort,IN,10 ans,,,,,,,
353,2026-11,Poils & Plumes Rochefort,IN,10 ans,,,,,,,
,2026-11,,IN,,,,,,,,
354,2026-11,Immo Toma ,IN,,,,,,,,
355,2026-11,Watt4U,IN,,,,,,,,
356,2026-11,Immo toma ,IN,,,,,,,,
357,2026-11,DEMA,IN,Noel,,,,,,,
,2026-11,,IN,,,,,,,,
,2026-11,,IN,,,,,,,,
,2026-11,,IN,,,,,,,,
,2026-11,,IN,,,,,,,,
,2026-11,,IN,,,,,,,,
401,2026-11,Immo Toma ,IN,,,,,,,,
402,2026-11,Silicon Brain,IN,,,,,,,,
403,2026-11,Carbelle,IN,,,,,,,,
404,2026-11,Carbelle,IN,,,,,,,,
405,2026-11,,IN,,,,,,,,
406,2026-11,,IN,,,,,,,,
407,2026-11,DEMA,IN,Noel,,,,,,,
408,2026-11,Carbelle,IN,,,,,,,,
409,2026-11,Brainbox,IN,gr,,,,,,,
415,2026-11,Carbelle,IN,,,,,,,,
,2026-11,,IN,,,,,,,,
,2026-11,,IN,,,,,,,,
,2026-11,,IN,,,,,,,,
,2026-11,,IN,,,,,,,,
,2026-11,,IN,,,,,,,,
,2026-11,,IN,,,,,,,,
,2026-11,,IN,,,,,,,,
,2026-11,,IN,,,,,,,,
,2026-11,,IN,,,,,,,,
501,2026-11,LMV,IN,Goffinet,,,,,,,
502,2026-11,DPS,IN,,,,,,,,
,2026-11,,IN,,,,,,,,
,2026-11,,IN,,,,,,,,
505,2026-11,DPS,IN,,,,,,,,
506,2026-11,,IN,,,,,,,,
507,2026-11,DPS,IN,,,,,,,,
508,2026-11,,IN,,,,,,,,
509,2026-11,,IN,,,,,,,,
510,2026-11,DPS,IN,,,,,,,,
,2026-11,,IN,,,,,,,,
,2026-11,,IN,,,,,,,,
527,2026-11,,IN,,,,,,,,
512,2026-11,DPS,IN,,,,,,,,
513,2026-11,LMV,IN,,,,,,,,
514,2026-11,,IN,,,,,,,,
515,2026-11,Silicon Brain,IN,,,,,,,,
517,2026-11,Delhaize Lux,IN,,,,,,,,
518,2026-11,LMV,IN,,,,,,,,
,2026-11,,IN,,,,,,,,
520,2026-11,Delhaize Lux,IN,,,,,,,,
521,2026-11,LMV,IN,,,,,,,,
525,2026-11,,IN,,,,,,,,
530,2026-11,DPS,IN,,,,,,,,
,2026-11,,IN,,,,,,,,
,2026-11,,IN,,,,,,,,
,2026-11,,IN,,,,,,,,
,2026-11,,IN,,,,,,,,
,2026-11,,IN,,,,,,,,
,2026-11,,IN,,,,,,,,
,2026-11,,IN,,,,,,,,
,2026-11,,IN,,,,,,,,
,2026-11,,IN,,,,,,,,
,2026-11,,IN,,,,,,,,
,2026-11,,IN,,,,,,,,
,2026-11,,IN,,,,,,,,
,2026-11,,IN,,,,,,,,
,2026-11,,OUT,,,,,,,,
102,2026-11,,OUT,,,,,,,,
,2026-11,,OUT,,,,,,,,
104,2026-11,,OUT,,,,,,,,
105,2026-11,,OUT,,,,,,,,
106,2026-11,,OUT,,,,,,,,
107,2026-11,,OUT,,,,,,,,
108,2026-11,,OUT,,,,,,,,
109,2026-11,,OUT,,,,,,,,
110,2026-11,Boulangerie Tumulus,OUT,,,,,,,,
111,2026-11,,OUT,,,,,,,,
112,2026-11,,OUT,,,,,,,,
113,2026-11,,OUT,,,,,,,,
114,2026-11,JDW,OUT,,,,,,,,
,2026-11,,OUT,,,,,,,,
,2026-11,,OUT,,,,,,,,
,2026-11,,OUT,,,,,,,,
,2026-11,,OUT,,,,,,,,
,2026-11,,OUT,,,,,,,,
,2026-11,,OUT,,,,,,,,
,2026-11,,OUT,,,,,,,,
,2026-11,,OUT,,,,,,,,
,2026-11,,OUT,,,,,,,,
,2026-11,,OUT,,,,,,,,
201,2026-11,Silicon Brain,OUT,,,,,,,,
202,2026-11,,OUT,,,,,,,,
203,2026-11,Carbelle,OUT,,,,,,,,
204,2026-11,Auto 5 Tihange,OUT,,,,,,,,
205,2026-11,Auto 5 Tihange,OUT,,,,,,,,
206,2026-11,Auto 5 Tihange,OUT,,,,,,,,
207,2026-11,Auto 5 Tihange,OUT,,,,,,,,
208,2026-11,Auto 5 Tihange,OUT,,,,,,,,
209,2026-11,,OUT,,,,,,,,
210,2026-11,Carbelle,OUT,,,,,,,,
211,2026-11,,OUT,,,,,,,,
212,2026-11,,OUT,,,,,,,,
213,2026-11,,OUT,,,,,,,,
214,2026-11,,OUT,,,,,,,,
215,2026-11,Hannosset,OUT,,,,,,,,
216,2026-11,Hannosset,OUT,,,,,,,,
227,2026-11,,OUT,,,,,,,,
217,2026-11,,OUT,,,,,,,,
218,2026-11,,OUT,,,,,,,,
,2026-11,,OUT,,,,,,,,
220,2026-11,,OUT,,,,,,,,
221,2026-11,,OUT,,,,,,,,
226,2026-11,,OUT,,,,,,,,
222,2026-11,,OUT,,,,,,,,
224,2026-11,,OUT,,,,,,,,
230,2026-11,,OUT,,,,,,,,
223,2026-11,,OUT,,,,,,,,
225,2026-11,,OUT,,,,,,,,
231,2026-11,,OUT,,,,,,,,
,2026-11,,OUT,,,,,,,,
,2026-11,,OUT,,,,,,,,
,2026-11,,OUT,,,,,,,,
,2026-11,,OUT,,,,,,,,
,2026-11,,OUT,,,,,,,,
,2026-11,,OUT,,,,,,,,
,2026-11,,OUT,,,,,,,,
,2026-11,,OUT,,,,,,,,
,2026-11,,OUT,,,,,,,,
,2026-11,,OUT,,,,,,,,
301,2026-11,PromAndenne,OUT,,,,,,,,
,2026-11,PromAndenne,OUT,,,,,,,,
303,2026-11,PromAndenne,OUT,,,,,,,,
304,2026-11,PromAndenne,OUT,,,,,,,,
305,2026-11,Carbelle,OUT,,,,,,,,
306,2026-11,Bloqué,OUT,Bloqué,,,,,,,
307,2026-11,,OUT,,,,,,,,
367,2026-11,,OUT,,,,,,,,
308,2026-11,,OUT,,,,,,,,
319,2026-11,,OUT,,,,,,,,
309,2026-11,,OUT,,,,,,,,
310,2026-11,,OUT,,,,,,,,
311,2026-11,,OUT,,,,,,,,
312,2026-11,,OUT,,,,,,,,
313,2026-11,Au Stock,OUT,,,,,,,,
314,2026-11,,OUT,,,,,,,,
315,2026-11,,OUT,,,,,,,,
316,2026-11,,OUT,,,,,,,,
317,2026-11,,OUT,,,,,,,,
318,2026-11,,OUT,,,,,,,,
320,2026-11,,OUT,,,,,,,,
321,2026-11,,OUT,,,,,,,,
,2026-11,,OUT,,,,,,,,
323,2026-11,,OUT,,,,,,,,
324,2026-11,,OUT,,,,,,,,
325,2026-11,JDW,OUT,,,,,,,,
326,2026-11,,OUT,,,,,,,,
327,2026-11,,OUT,,,,,,,,
328,2026-11,,OUT,,,,,,,,
329,2026-11,Silicon Brain,OUT,,,,,,,,
330,2026-11,,OUT,,,,,,,,
331,2026-11,,OUT,,,,,,,,
332,2026-11,Carbelle,OUT,,,,,,,,
333,2026-11,,OUT,,,,,,,,
334,2026-11,Bloqué,OUT,,,,,,,,
335,2026-11,,OUT,,,,,,,,
336,2026-11,,OUT,,,,,,,,
337,2026-11,Carbelle,OUT,,,,,,,,
338,2026-11,,OUT,,,,,,,,
339,2026-11,,OUT,,,,,,,,
340,2026-11,,OUT,,,,,,,,
341,2026-11,,OUT,,,,,,,,
365,2026-11,Carbelle,OUT,,,,,,,,
342,2026-11,Carbelle,OUT,,,,,,,,
343,2026-11,Optic & vous,OUT,,,,,,,,
344,2026-11,Urbaine,OUT,,,,,,,,
363,2026-11,,OUT,,,,,,,,
345,2026-11,,OUT,,,,,,,,
346,2026-11,,OUT,,,,,,,,
359,2026-11,,OUT,,,,,,,,
360,2026-11,,OUT,,,,,,,,
361,2026-11,,OUT,,,,,,,,
,2026-11,,OUT,,,,,,,,
347,2026-11,Poils & Plumes Rochefort,OUT,10 ans,,,,,,,
348,2026-11,DPS,OUT,,,,,,,,
349,2026-11,Poils & Plumes Rochefort,OUT,10 ans,,,,,,,
350,2026-11,deBRY,OUT,,,,,,,,
351,2026-11,Poils & Plumes Rochefort,OUT,10 ans,,,,,,,
352,2026-11,Poils & Plumes Rochefort,OUT,10 ans,,,,,,,
353,2026-11,LMV,OUT,,,,,,,,
,2026-11,,OUT,,,,,,,,
354,2026-11,,OUT,,,,,,,,
355,2026-11,,OUT,,,,,,,,
356,2026-11,,OUT,,,,,,,,
357,2026-11,,OUT,,,,,,,,
,2026-11,,OUT,,,,,,,,
,2026-11,,OUT,,,,,,,,
,2026-11,,OUT,,,,,,,,
,2026-11,,OUT,,,,,,,,
,2026-11,,OUT,,,,,,,,
401,2026-11,Carbelle,OUT,,,,,,,,
402,2026-11,Carbelle,OUT,,,,,,,,
403,2026-11,,OUT,,,,,,,,
404,2026-11,Silicon Brain,OUT,,,,,,,,
405,2026-11,DEMA,OUT,Noel,,,,,,,
406,2026-11,,OUT,,,,,,,,
407,2026-11,,OUT,,,,,,,,
408,2026-11,,OUT,,,,,,,,
409,2026-11,DEMA,OUT,Noel,,,,,,,
415,2026-11,,OUT,,,,,,,,
,2026-11,,OUT,,,,,,,,
,2026-11,,OUT,,,,,,,,
,2026-11,,OUT,,,,,,,,
,2026-11,,OUT,,,,,,,,
,2026-11,,OUT,,,,,,,,
,2026-11,,OUT,,,,,,,,
,2026-11,,OUT,,,,,,,,
,2026-11,,OUT,,,,,,,,
,2026-11,,OUT,,,,,,,,
501,2026-11,DPS,OUT,,,,,,,,
502,2026-11,Carbelle,OUT,,,,,,,,
,2026-11,,OUT,,,,,,,,
,2026-11,,OUT,,,,,,,,
505,2026-11,Carbelle,OUT,,,,,,,,
506,2026-11,DPS,OUT,,,,,,,,
507,2026-11,,OUT,,,,,,,,
508,2026-11,DPS,OUT,,,,,,,,
509,2026-11,,OUT,,,,,,,,
510,2026-11,LMV,OUT,,,,,,,,
,2026-11,,OUT,,,,,,,,
,2026-11,,OUT,,,,,,,,
527,2026-11,,OUT,,,,,,,,
512,2026-11,LMV,OUT,,,,,,,,
513,2026-11,,OUT,,,,,,,,
514,2026-11,Delhaize Lux,OUT,,,,,,,,
515,2026-11,Delhaize Lux,OUT,,,,,,,,
517,2026-11,knauf,OUT,,,,,,,,
518,2026-11,,OUT,,,,,,,,
,2026-11,,OUT,,,,,,,,
520,2026-11,,OUT,,,,,,,,
521,2026-11,,OUT,,,,,,,,
525,2026-11,DEMA,OUT,Noel,,,,,,,
530,2026-11,,OUT,,,,,,,,
,2026-11,,OUT,,,,,,,,
,2026-11,,OUT,,,,,,,,
,2026-11,,OUT,,,,,,,,
,2026-11,,OUT,,,,,,,,
,2026-11,,OUT,,,,,,,,
,2026-11,,OUT,,,,,,,,
,2026-11,,OUT,,,,,,,,
,2026-11,,OUT,,,,,,,,
,2026-11,,OUT,,,,,,,,
,2026-11,,OUT,,,,,,,,
,2026-11,,OUT,,,,,,,,
,2026-11,,OUT,,,,,,,,
,2026-11,,OUT,,,,,,,,
,2026-12,,IN,,,,,,,,
102,2026-12,DEMA,IN,Noel,,,,,,,
,2026-12,,IN,,,,,,,,
104,2026-12,JDW,IN,,,,,,,,
105,2026-12,DEMA,IN,Noel,,,,,,,
106,2026-12,JDW,IN,,,,,,,,
107,2026-12,,IN,,,,,,,,
108,2026-12,,IN,,,,,,,,
109,2026-12,,IN,,,,,,,,
110,2026-12,,IN,,,,,,,,
111,2026-12,,IN,,,,,,,,
112,2026-12,,IN,,,,,,,,
113,2026-12,,IN,,,,,,,,
114,2026-12,JDW,IN,,,,,,,,
,2026-12,,IN,,,,,,,,
,2026-12,,IN,,,,,,,,
,2026-12,,IN,,,,,,,,
,2026-12,,IN,,,,,,,,
,2026-12,,IN,,,,,,,,
,2026-12,,IN,,,,,,,,
,2026-12,,IN,,,,,,,,
,2026-12,,IN,,,,,,,,
,2026-12,,IN,,,,,,,,
,2026-12,,IN,,,,,,,,
201,2026-12,Silicon Brain,IN,,,,,,,,
202,2026-12,,IN,,,,,,,,
203,2026-12,Auto 5 Tihange,IN,,,,,,,,
204,2026-12,Auto 5 Tihange,IN,,,,,,,,
205,2026-12,Carbelle,IN,,,,,,,,
206,2026-12,Auto 5 Tihange,IN,,,,,,,,
207,2026-12,Carbelle,IN,,,,,,,,
208,2026-12,Auto 5 Tihange,IN,,,,,,,,
209,2026-12,Carbelle,IN,,,,,,,,
210,2026-12,,IN,,,,,,,,
211,2026-12,Carbelle,IN,,,,,,,,
212,2026-12,,IN,,,,,,,,
213,2026-12,,IN,,,,,,,,
214,2026-12,,IN,,,,,,,,
215,2026-12,,IN,,,,,,,,
216,2026-12,,IN,,,,,,,,
227,2026-12,Silicon Brain,IN,,,,,,,,
217,2026-12,,IN,,,,,,,,
218,2026-12,,IN,,,,,,,,
,2026-12,,IN,,,,,,,,
220,2026-12,,IN,,,,,,,,
221,2026-12,,IN,,,,,,,,
226,2026-12,,IN,,,,,,,,
222,2026-12,Silicon Brain,IN,,,,,,,,
224,2026-12,,IN,,,,,,,,
230,2026-12,DEMA,IN,Noel,,,,,,,
223,2026-12,,IN,,,,,,,,
225,2026-12,DEMA,IN,Noel,,,,,,,
231,2026-12,,IN,,,,,,,,
,2026-12,,IN,,,,,,,,
,2026-12,,IN,,,,,,,,
,2026-12,,IN,,,,,,,,
,2026-12,,IN,,,,,,,,
,2026-12,,IN,,,,,,,,
,2026-12,,IN,,,,,,,,
,2026-12,,IN,,,,,,,,
,2026-12,,IN,,,,,,,,
,2026-12,,IN,,,,,,,,
,2026-12,,IN,,,,,,,,
301,2026-12,,IN,,,,,,,,
,2026-12,,IN,,,,,,,,
303,2026-12,Lumarvel,IN,,,,,,,,
304,2026-12,Carbelle,IN,,,,,,,,
305,2026-12,,IN,,,,,,,,
306,2026-12,Bloqué,IN,Bloqué,,,,,,,
307,2026-12,LMV,IN,,,,,,,,
367,2026-12,DPS,IN,,,,,,,,
308,2026-12,Condroz Gibier,IN,,,,,,,,
319,2026-12,,IN,,,,,,,,
309,2026-12,deBRY,IN,,,,,,,,
310,2026-12,Poils & Plumes Ciney,IN,,,,,,,,
311,2026-12,,IN,,,,,,,,
312,2026-12,Condroz Motor,IN,,,,,,,,
313,2026-12,Poils & Plumes Dinant,IN,,,,,,,,
314,2026-12,Condroz Motor,IN,,,,,,,,
315,2026-12,,IN,,,,,,,,
316,2026-12,Condroz Gibier,IN,,,,,,,,
317,2026-12,Poils & Plumes Dinant,IN,,,,,,,,
318,2026-12,,IN,,,,,,,,
320,2026-12,,IN,,,,,,,,
321,2026-12,,IN,,,,,,,,
,2026-12,,IN,,,,,,,,
323,2026-12,,IN,,,,,,,,
324,2026-12,,IN,,,,,,,,
325,2026-12,JDW,IN,,,,,,,,
326,2026-12,,IN,,,,,,,,
327,2026-12,,IN,,,,,,,,
328,2026-12,Hanse Meubles,IN,,,,,,,,
329,2026-12,DEMA,IN,Noel,,,,,,,
330,2026-12,D ici,IN,opt,,,,,,,
331,2026-12,,IN,,,,,,,,
332,2026-12,,IN,,,,,,,,
333,2026-12,,IN,,,,,,,,
334,2026-12,Immo Toma ,IN,,,,,,,,
335,2026-12,,IN,,,,,,,,
336,2026-12,,IN,,,,,,,,
337,2026-12,Carbelle,IN,,,,,,,,
338,2026-12,,IN,,,,,,,,
339,2026-12,Immo Toma ,IN,,,,,,,,
340,2026-12,,IN,,,,,,,,
341,2026-12,DPS,IN,,,,,,,,
365,2026-12,Carbelle,IN,,,,,,,,
342,2026-12,,IN,,,,,,,,
343,2026-12,Carbelle,IN,,,,,,,,
344,2026-12,Carbelle,IN,,,,,,,,
363,2026-12,DEMA,IN,Noel,,,,,,,
345,2026-12,,IN,,,,,,,,
346,2026-12,Pessleux,IN,,,,,,,,
359,2026-12,,IN,,,,,,,,
360,2026-12,,IN,,,,,,,,
361,2026-12,,IN,,,,,,,,
,2026-12,,IN,,,,,,,,
347,2026-12,BP Martelange,IN,,,,,,,,
348,2026-12,LMV,IN,,,,,,,,
349,2026-12,DEMA,IN,Noel,,,,,,,
350,2026-12,Poils & Plumes Rochefort,IN,,,,,,,,
351,2026-12,DEMA,IN,Noel,,,,,,,
352,2026-12,,IN,,,,,,,,
353,2026-12,Poils & Plumes Rochefort,IN,,,,,,,,
,2026-12,,IN,,,,,,,,
354,2026-12,Immo Toma ,IN,,,,,,,,
355,2026-12,,IN,,,,,,,,
356,2026-12,,IN,,,,,,,,
357,2026-12,deBRY,IN,,,,,,,,
,2026-12,,IN,,,,,,,,
,2026-12,,IN,,,,,,,,
,2026-12,,IN,,,,,,,,
,2026-12,,IN,,,,,,,,
,2026-12,,IN,,,,,,,,
401,2026-12,,IN,,,,,,,,
402,2026-12,Carbelle,IN,,,,,,,,
403,2026-12,Immo Toma ,IN,,,,,,,,
404,2026-12,Carbelle,IN,,,,,,,,
405,2026-12,,IN,,,,,,,,
406,2026-12,,IN,,,,,,,,
407,2026-12,Carbelle,IN,,,,,,,,
408,2026-12,,IN,,,,,,,,
409,2026-12,,IN,,,,,,,,
415,2026-12,Carbelle,IN,,,,,,,,
,2026-12,,IN,,,,,,,,
,2026-12,,IN,,,,,,,,
,2026-12,,IN,,,,,,,,
,2026-12,,IN,,,,,,,,
,2026-12,,IN,,,,,,,,
,2026-12,,IN,,,,,,,,
,2026-12,,IN,,,,,,,,
,2026-12,,IN,,,,,,,,
,2026-12,,IN,,,,,,,,
501,2026-12,LMV,IN,Goffinet,,,,,,,
502,2026-12,DPS,IN,,,,,,,,
,2026-12,,IN,,,,,,,,
,2026-12,,IN,,,,,,,,
505,2026-12,DPS,IN,,,,,,,,
506,2026-12,,IN,,,,,,,,
507,2026-12,DPS,IN,,,,,,,,
508,2026-12,,IN,,,,,,,,
509,2026-12,,IN,,,,,,,,
510,2026-12,DPS,IN,,,,,,,,
,2026-12,,IN,,,,,,,,
,2026-12,,IN,,,,,,,,
527,2026-12,LMV,IN,,,,,,,,
512,2026-12,DPS,IN,,,,,,,,
513,2026-12,,IN,,,,,,,,
514,2026-12,,IN,,,,,,,,
515,2026-12,Silicon Brain,IN,,,,,,,,
517,2026-12,Delhaize Lux,IN,,,,,,,,
518,2026-12,,IN,,,,,,,,
,2026-12,,IN,,,,,,,,
520,2026-12,Delhaize Lux,IN,,,,,,,,
521,2026-12,,IN,,,,,,,,
525,2026-12,,IN,,,,,,,,
530,2026-12,DPS,IN,,,,,,,,
,2026-12,,IN,,,,,,,,
,2026-12,,IN,,,,,,,,
,2026-12,,IN,,,,,,,,
,2026-12,,IN,,,,,,,,
,2026-12,,IN,,,,,,,,
,2026-12,,IN,,,,,,,,
,2026-12,,IN,,,,,,,,
,2026-12,,IN,,,,,,,,
,2026-12,,IN,,,,,,,,
,2026-12,,IN,,,,,,,,
,2026-12,,IN,,,,,,,,
,2026-12,,IN,,,,,,,,
,2026-12,,IN,,,,,,,,
,2026-12,,OUT,,,,,,,,
102,2026-12,Silicon Brain,OUT,,,,,,,,
,2026-12,,OUT,,,,,,,,
104,2026-12,,OUT,,,,,,,,
105,2026-12,JDW,OUT,,,,,,,,
106,2026-12,,OUT,,,,,,,,
107,2026-12,,OUT,,,,,,,,
108,2026-12,,OUT,,,,,,,,
109,2026-12,,OUT,,,,,,,,
110,2026-12,,OUT,,,,,,,,
111,2026-12,,OUT,,,,,,,,
112,2026-12,,OUT,,,,,,,,
113,2026-12,,OUT,,,,,,,,
114,2026-12,,OUT,,,,,,,,
,2026-12,,OUT,,,,,,,,
,2026-12,,OUT,,,,,,,,
,2026-12,,OUT,,,,,,,,
,2026-12,,OUT,,,,,,,,
,2026-12,,OUT,,,,,,,,
,2026-12,,OUT,,,,,,,,
,2026-12,,OUT,,,,,,,,
,2026-12,,OUT,,,,,,,,
,2026-12,,OUT,,,,,,,,
,2026-12,,OUT,,,,,,,,
201,2026-12,,OUT,,,,,,,,
202,2026-12,,OUT,,,,,,,,
203,2026-12,,OUT,,,,,,,,
204,2026-12,,OUT,,,,,,,,
205,2026-12,Auto 5 Tihange,OUT,,,,,,,,
206,2026-12,,OUT,,,,,,,,
207,2026-12,Auto 5 Tihange,OUT,,,,,,,,
208,2026-12,,OUT,,,,,,,,
209,2026-12,,OUT,,,,,,,,
210,2026-12,,OUT,,,,,,,,
211,2026-12,,OUT,,,,,,,,
212,2026-12,,OUT,,,,,,,,
213,2026-12,,OUT,,,,,,,,
214,2026-12,,OUT,,,,,,,,
215,2026-12,,OUT,,,,,,,,
216,2026-12,,OUT,,,,,,,,
227,2026-12,,OUT,,,,,,,,
217,2026-12,,OUT,,,,,,,,
218,2026-12,,OUT,,,,,,,,
,2026-12,,OUT,,,,,,,,
220,2026-12,,OUT,,,,,,,,
221,2026-12,,OUT,,,,,,,,
226,2026-12,,OUT,,,,,,,,
222,2026-12,,OUT,,,,,,,,
224,2026-12,,OUT,,,,,,,,
230,2026-12,,OUT,,,,,,,,
223,2026-12,,OUT,,,,,,,,
225,2026-12,,OUT,,,,,,,,
231,2026-12,,OUT,,,,,,,,
,2026-12,,OUT,,,,,,,,
,2026-12,,OUT,,,,,,,,
,2026-12,,OUT,,,,,,,,
,2026-12,,OUT,,,,,,,,
,2026-12,,OUT,,,,,,,,
,2026-12,,OUT,,,,,,,,
,2026-12,,OUT,,,,,,,,
,2026-12,,OUT,,,,,,,,
,2026-12,,OUT,,,,,,,,
,2026-12,,OUT,,,,,,,,
301,2026-12,,OUT,,,,,,,,
,2026-12,,OUT,,,,,,,,
303,2026-12,Carbelle,OUT,,,,,,,,
304,2026-12,,OUT,,,,,,,,
305,2026-12,,OUT,,,,,,,,
306,2026-12,Bloqué,OUT,Bloqué,,,,,,,
307,2026-12,,OUT,,,,,,,,
367,2026-12,,OUT,,,,,,,,
308,2026-12,,OUT,,,,,,,,
319,2026-12,,OUT,,,,,,,,
309,2026-12,,OUT,,,,,,,,
310,2026-12,,OUT,,,,,,,,
311,2026-12,,OUT,,,,,,,,
312,2026-12,,OUT,,,,,,,,
313,2026-12,,OUT,,,,,,,,
314,2026-12,,OUT,,,,,,,,
315,2026-12,,OUT,,,,,,,,
316,2026-12,,OUT,,,,,,,,
317,2026-12,,OUT,,,,,,,,
318,2026-12,,OUT,,,,,,,,
320,2026-12,,OUT,,,,,,,,
321,2026-12,,OUT,,,,,,,,
,2026-12,,OUT,,,,,,,,
323,2026-12,,OUT,,,,,,,,
324,2026-12,,OUT,,,,,,,,
325,2026-12,DEMA,OUT,Noel,,,,,,,
326,2026-12,,OUT,,,,,,,,
327,2026-12,,OUT,,,,,,,,
328,2026-12,,OUT,,,,,,,,
329,2026-12,Silicon Brain,OUT,,,,,,,,
330,2026-12,,OUT,,,,,,,,
331,2026-12,,OUT,,,,,,,,
332,2026-12,,OUT,,,,,,,,
333,2026-12,,OUT,,,,,,,,
334,2026-12,Bloqué,OUT,,,,,,,,
335,2026-12,,OUT,,,,,,,,
336,2026-12,,OUT,,,,,,,,
337,2026-12,,OUT,,,,,,,,
338,2026-12,,OUT,,,,,,,,
339,2026-12,Marco Magazzino,OUT,,,,,,,,
340,2026-12,,OUT,,,,,,,,
341,2026-12,,OUT,,,,,,,,
365,2026-12,,OUT,,,,,,,,
342,2026-12,,OUT,,,,,,,,
343,2026-12,,OUT,,,,,,,,
344,2026-12,D ici,OUT,,,,,,,,
363,2026-12,DPS,OUT,,,,,,,,
345,2026-12,,OUT,,,,,,,,
346,2026-12,,OUT,,,,,,,,
359,2026-12,,OUT,,,,,,,,
360,2026-12,,OUT,,,,,,,,
361,2026-12,,OUT,,,,,,,,
,2026-12,,OUT,,,,,,,,
347,2026-12,,OUT,,,,,,,,
348,2026-12,,OUT,,,,,,,,
349,2026-12,,OUT,,,,,,,,
350,2026-12,DEMA,OUT,Noel,,,,,,,
351,2026-12,LMV,OUT,,,,,,,,
352,2026-12,,OUT,,,,,,,,
353,2026-12,,OUT,,,,,,,,
,2026-12,,OUT,,,,,,,,
354,2026-12,,OUT,,,,,,,,
355,2026-12,,OUT,,,,,,,,
356,2026-12,,OUT,,,,,,,,
357,2026-12,Poils & Plumes Ciney,OUT,,,,,,,,
,2026-12,,OUT,,,,,,,,
,2026-12,,OUT,,,,,,,,
,2026-12,,OUT,,,,,,,,
,2026-12,,OUT,,,,,,,,
,2026-12,,OUT,,,,,,,,
401,2026-12,,OUT,,,,,,,,
402,2026-12,Silicon Brain,OUT,,,,,,,,
403,2026-12,,OUT,,,,,,,,
404,2026-12,Silicon Brain,OUT,,,,,,,,
405,2026-12,DEMA,OUT,Noel,,,,,,,
406,2026-12,,OUT,,,,,,,,
407,2026-12,Carbelle,OUT,,,,,,,,
408,2026-12,,OUT,,,,,,,,
409,2026-12,,OUT,,,,,,,,
415,2026-12,,OUT,,,,,,,,
,2026-12,,OUT,,,,,,,,
,2026-12,,OUT,,,,,,,,
,2026-12,,OUT,,,,,,,,
,2026-12,,OUT,,,,,,,,
,2026-12,,OUT,,,,,,,,
,2026-12,,OUT,,,,,,,,
,2026-12,,OUT,,,,,,,,
,2026-12,,OUT,,,,,,,,
,2026-12,,OUT,,,,,,,,
501,2026-12,DPS,OUT,,,,,,,,
502,2026-12,Carbelle,OUT,,,,,,,,
,2026-12,,OUT,,,,,,,,
,2026-12,,OUT,,,,,,,,
505,2026-12,Carbelle,OUT,,,,,,,,
506,2026-12,DPS,OUT,,,,,,,,
507,2026-12,,OUT,,,,,,,,
508,2026-12,DPS,OUT,,,,,,,,
509,2026-12,,OUT,,,,,,,,
510,2026-12,,OUT,,,,,,,,
,2026-12,,OUT,,,,,,,,
,2026-12,,OUT,,,,,,,,
527,2026-12,,OUT,,,,,,,,
512,2026-12,,OUT,,,,,,,,
513,2026-12,,OUT,,,,,,,,
514,2026-12,Delhaize Lux,OUT,,,,,,,,
515,2026-12,Delhaize Lux,OUT,,,,,,,,
517,2026-12,knauf,OUT,,,,,,,,
518,2026-12,,OUT,,,,,,,,
,2026-12,,OUT,,,,,,,,
520,2026-12,,OUT,,,,,,,,
521,2026-12,,OUT,,,,,,,,
525,2026-12,DEMA,OUT,Noel,,,,,,,
530,2026-12,,OUT,,,,,,,,
,2026-12,,OUT,,,,,,,,
,2026-12,,OUT,,,,,,,,
,2026-12,,OUT,,,,,,,,
,2026-12,,OUT,,,,,,,,
,2026-12,,OUT,,,,,,,,
,2026-12,,OUT,,,,,,,,
,2026-12,,OUT,,,,,,,,
,2026-12,,OUT,,,,,,,,
,2026-12,,OUT,,,,,,,,
,2026-12,,OUT,,,,,,,,
,2026-12,,OUT,,,,,,,,
,2026-12,,OUT,,,,,,,,
,2026-12,,OUT,,,,,,,,
,2027-01,,IN,,,,,,,,
102,2027-01,DEMA,IN,OPTION,,,,,,,
,2027-01,,IN,,TRUE,,,,,,
104,2027-01,JDW,IN,opt,TRUE,,,,,,
105,2027-01,JDW,IN,opt,,,,,,,
106,2027-01,Schmidt cuisines- Wavre ,IN,,,,,,,,
107,2027-01,Schmidt cuisines- Wavre ,IN,,,,,,,,
108,2027-01,Schmidt cuisines- Wavre ,IN,,,,,,,,
109,2027-01,,IN,,,,,,,,
110,2027-01,,IN,,,,,,,,
111,2027-01,Schmidt cuisines- Wavre ,IN,,,,,,,,
112,2027-01,,IN,,,,,,,,
113,2027-01,,IN,,,,,,,,
114,2027-01,JDW,IN,opt,,,,,,,
,2027-01,,IN,,,,,,,,
,2027-01,,IN,,,,,,,,
,2027-01,,IN,,,,,,,,
,2027-01,,IN,,,,,,,,
,2027-01,,IN,,,,,,,,
,2027-01,,IN,,,,,,,,
,2027-01,,IN,,,,,,,,
,2027-01,,IN,,,,,,,,
,2027-01,,IN,,,,,,,,
,2027-01,,IN,,,,,,,,
201,2027-01,,IN,,,,,,,,
202,2027-01,,IN,,,,,,,,
203,2027-01,Carbelle,IN,,,,,,,,
204,2027-01,Carbelle,IN,,,,,,,,
205,2027-01,Carbelle,IN,,,,,,,,
206,2027-01,Carbelle,IN,,,,,,,,
207,2027-01,Carbelle,IN,,,,,,,,
208,2027-01,Carbelle,IN,,,,,,,,
209,2027-01,Carbelle,IN,,,,,,,,
210,2027-01,Carbelle,IN,,,,,,,,
211,2027-01,Carbelle,IN,,,,,,,,
212,2027-01,,IN,,,,,,,,
213,2027-01,,IN,,,,,,,,
214,2027-01,,IN,,,,,,,,
215,2027-01,,IN,,,,,,,,
216,2027-01,,IN,,,,,,,,
227,2027-01,,IN,,,,,,,,
217,2027-01,,IN,,,,,,,,
218,2027-01,,IN,,,,,,,,
,2027-01,,IN,,,,,,,,
220,2027-01,,IN,,,,,,,,
221,2027-01,,IN,,,,,,,,
226,2027-01,,IN,,,,,,,,
222,2027-01,,IN,,,,,,,,
224,2027-01,,IN,,,,,,,,
223,2027-01,,IN,,,,,,,,
225,2027-01,,IN,Batimoi,,,,,,,
230,2027-01,,IN,,,,,,,,
231,2027-01,,IN,,,,,,,,
,2027-01,,IN,,,,,,,,
,2027-01,,IN,,,,,,,,
,2027-01,,IN,,,,,,,,
,2027-01,,IN,,,,,,,,
,2027-01,,IN,,,,,,,,
,2027-01,,IN,,,,,,,,
,2027-01,,IN,,,,,,,,
,2027-01,,IN,,,,,,,,
,2027-01,,IN,,,,,,,,
,2027-01,,IN,,,,,,,,
301,2027-01,Carbelle,IN,,,,,,,,
,2027-01,,IN,,,,,,,,
303,2027-01,Carbelle,IN,,,,,,,,
304,2027-01,Carbelle,IN,,,,,,,,
305,2027-01,,IN,,,,,,,,
306,2027-01,,IN,,,,,,,,
307,2027-01,,IN,Batimoi,,,,,,,
367,2027-01,,IN,,,,,,,,
308,2027-01,,IN,,,,,,,,
319,2027-01,,IN,,,,,,,,
309,2027-01,,IN,,,,,,,,
310,2027-01,,IN,,,,,,,,
311,2027-01,,IN,Batimoi,,,,,,,
312,2027-01,,IN,,,,,,,,
313,2027-01,,IN,Batimoi,,,,,,,
314,2027-01,,IN,,,,,,,,
315,2027-01,,IN,,,,,,,,
316,2027-01,,IN,,,,,,,,
317,2027-01,,IN,,,,,,,,
318,2027-01,,IN,,,,,,,,
320,2027-01,,IN,,,,,,,,
321,2027-01,,IN,,,,,,,,
,2027-01,,IN,,,,,,,,
323,2027-01,,IN,,,,,,,,
324,2027-01,,IN,,,,,,,,
325,2027-01,JDW,IN,opt,,,,,,,
326,2027-01,,IN,,,,,,,,
327,2027-01,,IN,,,,,,,,
328,2027-01,Hanse Meubles,IN,OPTION,,,,,,,
329,2027-01,DEMA,IN,,,,,,,,
330,2027-01,,IN,,,,,,,,
331,2027-01,DEMA,IN,,,,,,,,
332,2027-01,Carbelle,IN,,,,,,,,
333,2027-01,,IN,,,,,,,,
334,2027-01,,IN,,,,,,,,
335,2027-01,DEMA,IN,,,,,,,,
336,2027-01,,IN,,,,,,,,
337,2027-01,Immo Toma ,IN,,,,,,,,
338,2027-01,,IN,,,,,,,,
339,2027-01,,IN,,,,,,,,
340,2027-01,DPS,IN,,,,,,,,
341,2027-01,,IN,Batimoi,,,,,,,
365,2027-01,,IN,,,,,,,,
342,2027-01,Carbelle,IN,,,,,,,,
343,2027-01,DPS,IN,,,,,,,,
344,2027-01,Immo Toma ,IN,,,,,,,,
363,2027-01,DPS,IN,,,,,,,,
345,2027-01,,IN,,,,,,,,
346,2027-01,Immo Toma ,IN,,,,,,,,
359,2027-01,,IN,,,,,,,,
360,2027-01,,IN,,,,,,,,
361,2027-01,,IN,,,,,,,,
,2027-01,,IN,,,,,,,,
347,2027-01,BP Martelange,IN,,,,,,,,
348,2027-01,Batimoi,IN,,,,,,,,
349,2027-01,Batimoi,IN,,,,,,,,
350,2027-01,Batimoi,IN,,,,,,,,
351,2027-01,Batimoi,IN,,,,,,,,
352,2027-01,,IN,Batimoi,,,,,,,
353,2027-01,,IN,,,,,,,,
,2027-01,,IN,,,,,,,,
354,2027-01,,IN,,,,,,,,
355,2027-01,,IN,,,,,,,,
356,2027-01,,IN,,,,,,,,
357,2027-01,DEMA,IN,,,,,,,,
,2027-01,,IN,,,,,,,,
,2027-01,,IN,,,,,,,,
,2027-01,,IN,,,,,,,,
,2027-01,,IN,,,,,,,,
,2027-01,,IN,,,,,,,,
401,2027-01,Carbelle,IN,,,,,,,,
402,2027-01,Immo Toma ,IN,,,,,,,,
403,2027-01,Carbelle,IN,,,,,,,,
404,2027-01,Carbelle,IN,,,,,,,,
405,2027-01,DEMA,IN,,,,,,,,
406,2027-01,,IN,,,,,,,,
407,2027-01,Carbelle,IN,,,,,,,,
408,2027-01,Carbelle,IN,,,,,,,,
409,2027-01,,IN,,,,,,,,
415,2027-01,Carbelle,IN,,,,,,,,
,2027-01,,IN,,,,,,,,
,2027-01,,IN,,,,,,,,
,2027-01,,IN,,,,,,,,
,2027-01,,IN,,,,,,,,
,2027-01,,IN,,,,,,,,
,2027-01,,IN,,,,,,,,
,2027-01,,IN,,,,,,,,
,2027-01,,IN,,,,,,,,
,2027-01,,IN,,,,,,,,
501,2027-01,,IN,,,,,,,,
502,2027-01,DPS,IN,,,,,,,,
,2027-01,DPS,IN,,,,,,,,
,2027-01,DPS,IN,,,,,,,,
505,2027-01,DPS,IN,,,,,,,,
506,2027-01,,IN,,,,,,,,
507,2027-01,DPS,IN,,,,,,,,
508,2027-01,,IN,,,,,,,,
509,2027-01,,IN,,,,,,,,
510,2027-01,DPS,IN,,,,,,,,
,2027-01,,IN,,,,,,,,
,2027-01,,IN,,,,,,,,
527,2027-01,,IN,,,,,,,,
512,2027-01,DPS,IN,,,,,,,,
513,2027-01,,IN,,,,,,,,
514,2027-01,,IN,,,,,,,,
515,2027-01,,IN,,,,,,,,
517,2027-01,,IN,,,,,,,,
518,2027-01,,IN,,,,,,,,
,2027-01,,IN,,,,,,,,
520,2027-01,,IN,,,,,,,,
521,2027-01,,IN,,,,,,,,
525,2027-01,DEMA,IN,Soldes,,,,,,,
530,2027-01,DPS,IN,,,,,,,,
,2027-01,,IN,,,,,,,,
,2027-01,,IN,,,,,,,,
,2027-01,,IN,,,,,,,,
,2027-01,,IN,,,,,,,,
,2027-01,,IN,,,,,,,,
,2027-01,,IN,,,,,,,,
,2027-01,,IN,,,,,,,,
,2027-01,,IN,,,,,,,,
,2027-01,,IN,,,,,,,,
,2027-01,,IN,,,,,,,,
,2027-01,,IN,,,,,,,,
,2027-01,,IN,,,,,,,,
,2027-01,,IN,,,,,,,,
,2027-01,,OUT,,,,,,,,
102,2027-01,Usico,OUT,Decorex,,,,,,,
,2027-01,,OUT,,,,,,,,
104,2027-01,Schmidt cuisines- Wavre ,OUT,,,,,,,,
105,2027-01,,OUT,,,,,,,,
106,2027-01,JDW,OUT,opt,,,,,,,
107,2027-01,,OUT,,,,,,,,
108,2027-01,,OUT,,,,,,,,
109,2027-01,,OUT,,,,,,,,
110,2027-01,,OUT,,,,,,,,
111,2027-01,,OUT,,,,,,,,
112,2027-01,,OUT,,,,,,,,
113,2027-01,,OUT,,,,,,,,
114,2027-01,,OUT,,,,,,,,
,2027-01,,OUT,,,,,,,,
,2027-01,,OUT,,,,,,,,
,2027-01,,OUT,,,,,,,,
,2027-01,,OUT,,,,,,,,
,2027-01,,OUT,,,,,,,,
,2027-01,,OUT,,,,,,,,
,2027-01,,OUT,,,,,,,,
,2027-01,,OUT,,,,,,,,
,2027-01,,OUT,,,,,,,,
,2027-01,,OUT,,,,,,,,
201,2027-01,,OUT,,,,,,,,
202,2027-01,,OUT,,,,,,,,
203,2027-01,,OUT,,,,,,,,
204,2027-01,,OUT,,,,,,,,
205,2027-01,,OUT,,,,,,,,
206,2027-01,,OUT,,,,,,,,
207,2027-01,,OUT,,,,,,,,
208,2027-01,,OUT,,,,,,,,
209,2027-01,,OUT,,,,,,,,
210,2027-01,,OUT,,,,,,,,
211,2027-01,,OUT,,,,,,,,
212,2027-01,,OUT,,,,,,,,
213,2027-01,,OUT,,,,,,,,
214,2027-01,,OUT,,,,,,,,
215,2027-01,,OUT,,,,,,,,
216,2027-01,,OUT,,,,,,,,
227,2027-01,,OUT,,,,,,,,
217,2027-01,,OUT,,,,,,,,
218,2027-01,,OUT,,,,,,,,
,2027-01,,OUT,,,,,,,,
220,2027-01,,OUT,,,,,,,,
221,2027-01,,OUT,,,,,,,,
226,2027-01,,OUT,,,,,,,,
222,2027-01,,OUT,,,,,,,,
224,2027-01,,OUT,,,,,,,,
223,2027-01,,OUT,,,,,,,,
225,2027-01,,OUT,,,,,,,,
230,2027-01,,OUT,,,,,,,,
231,2027-01,,OUT,,,,,,,,
,2027-01,,OUT,,,,,,,,
,2027-01,,OUT,,,,,,,,
,2027-01,,OUT,,,,,,,,
,2027-01,,OUT,,,,,,,,
,2027-01,,OUT,,,,,,,,
,2027-01,,OUT,,,,,,,,
,2027-01,,OUT,,,,,,,,
,2027-01,,OUT,,,,,,,,
,2027-01,,OUT,,,,,,,,
,2027-01,,OUT,,,,,,,,
301,2027-01,,OUT,,,,,,,,
,2027-01,,OUT,,,,,,,,
303,2027-01,,OUT,,,,,,,,
304,2027-01,,OUT,Batimoi,,,,,,,
305,2027-01,,OUT,,,,,,,,
306,2027-01,,OUT,,,,,,,,
307,2027-01,,OUT,,,,,,,,
367,2027-01,,OUT,,,,,,,,
308,2027-01,,OUT,,,,,,,,
319,2027-01,,OUT,,,,,,,,
309,2027-01,,OUT,,,,,,,,
310,2027-01,,OUT,,,,,,,,
311,2027-01,,OUT,,,,,,,,
312,2027-01,,OUT,,,,,,,,
313,2027-01,,OUT,,,,,,,,
314,2027-01,,OUT,,,,,,,,
315,2027-01,,OUT,,,,,,,,
316,2027-01,,OUT,,,,,,,,
317,2027-01,,OUT,,,,,,,,
318,2027-01,,OUT,,,,,,,,
320,2027-01,,OUT,,,,,,,,
321,2027-01,,OUT,,,,,,,,
,2027-01,,OUT,,,,,,,,
323,2027-01,,OUT,,,,,,,,
324,2027-01,,OUT,,,,,,,,
325,2027-01,DEMA,OUT,OPTION,,,,,,,
326,2027-01,,OUT,,,,,,,,
327,2027-01,,OUT,,,,,,,,
328,2027-01,,OUT,,,,,,,,
329,2027-01,,OUT,,,,,,,,
330,2027-01,DEMA,OUT,,,,,,,,
331,2027-01,Carbelle,OUT,,,,,,,,
332,2027-01,,OUT,,,,,,,,
333,2027-01,DEMA,OUT,,,,,,,,
334,2027-01,Bloqué,OUT,,,,,,,,
335,2027-01,Carbelle,OUT,,,,,,,,
336,2027-01,,OUT,,,,,,,,
337,2027-01,Carbelle,OUT,,,,,,,,
338,2027-01,,OUT,,,,,,,,
339,2027-01,,OUT,,,,,,,,
340,2027-01,,OUT,,,,,,,,
341,2027-01,,OUT,,,,,,,,
365,2027-01,Carbelle,OUT,,,,,,,,
342,2027-01,,OUT,,,,,,,,
343,2027-01,,OUT,,,,,,,,
344,2027-01,Usico,OUT,,,,,,,,
363,2027-01,,OUT,,,,,,,,
345,2027-01,,OUT,,,,,,,,
346,2027-01,,OUT,,,,,,,,
359,2027-01,,OUT,,,,,,,,
360,2027-01,,OUT,,,,,,,,
361,2027-01,,OUT,,,,,,,,
,2027-01,,OUT,,,,,,,,
347,2027-01,Batimoi,OUT,,,,,,,,
348,2027-01,,OUT,Batimoi,,,,,,,
349,2027-01,DEMA,OUT,,,,,,,,
350,2027-01,,OUT,Batimoi,,,,,,,
351,2027-01,,OUT,Batimoi,,,,,,,
352,2027-01,DEMA,OUT,,,,,,,,
353,2027-01,,OUT,,,,,,,,
,2027-01,,OUT,,,,,,,,
354,2027-01,,OUT,,,,,,,,
355,2027-01,,OUT,,,,,,,,
356,2027-01,,OUT,,,,,,,,
357,2027-01,,OUT,,TRUE,,,,,,
,2027-01,,OUT,,,,,,,,
,2027-01,,OUT,,,,,,,,
,2027-01,,OUT,,,,,,,,
,2027-01,,OUT,,,,,,,,
,2027-01,,OUT,,,,,,,,
401,2027-01,,OUT,,,,,,,,
402,2027-01,Carbelle,OUT,,,,,,,,
403,2027-01,,OUT,,,,,,,,
404,2027-01,,OUT,,,,,,,,
405,2027-01,,OUT,,,,,,,,
406,2027-01,,OUT,,,,,,,,
407,2027-01,,OUT,,,,,,,,
408,2027-01,,OUT,,,,,,,,
409,2027-01,,OUT,,,,,,,,
415,2027-01,,OUT,,,,,,,,
,2027-01,,OUT,,,,,,,,
,2027-01,,OUT,,,,,,,,
,2027-01,,OUT,,,,,,,,
,2027-01,,OUT,,,,,,,,
,2027-01,,OUT,,,,,,,,
,2027-01,,OUT,,,,,,,,
,2027-01,,OUT,,,,,,,,
,2027-01,,OUT,,,,,,,,
,2027-01,,OUT,,,,,,,,
501,2027-01,DPS,OUT,,,,,,,,
502,2027-01,Carbelle,OUT,,,,,,,,
,2027-01,Carbelle,OUT,,,,,,,,
,2027-01,Carbelle,OUT,,,,,,,,
505,2027-01,Carbelle,OUT,,,,,,,,
506,2027-01,DPS,OUT,,,,,,,,
507,2027-01,,OUT,,,,,,,,
508,2027-01,DPS,OUT,,,,,,,,
509,2027-01,,OUT,,,,,,,,
510,2027-01,,OUT,,,,,,,,
,2027-01,,OUT,,,,,,,,
,2027-01,,OUT,,,,,,,,
527,2027-01,,OUT,,,,,,,,
512,2027-01,,OUT,,,,,,,,
513,2027-01,,OUT,,,,,,,,
514,2027-01,,OUT,,,,,,,,
515,2027-01,,OUT,,,,,,,,
517,2027-01,,OUT,,,,,,,,
518,2027-01,,OUT,,,,,,,,
,2027-01,,OUT,,,,,,,,
520,2027-01,,OUT,,,,,,,,
521,2027-01,,OUT,,,,,,,,
525,2027-01,,OUT,Batimoi,,,,,,,
530,2027-01,,OUT,,,,,,,,
,2027-01,,OUT,,,,,,,,
,2027-01,,OUT,,,,,,,,
,2027-01,,OUT,,,,,,,,
,2027-01,,OUT,,,,,,,,
,2027-01,,OUT,,,,,,,,
,2027-01,,OUT,,,,,,,,
,2027-01,,OUT,,,,,,,,
,2027-01,,OUT,,,,,,,,
,2027-01,,OUT,,,,,,,,
,2027-01,,OUT,,,,,,,,
,2027-01,,OUT,,,,,,,,
,2027-01,,OUT,,,,,,,,
,2027-01,,OUT,,,,,,,,
,2027-02,,IN,,,,,,,,
102,2027-02,,IN,Cond Salon,,,,,,,
,2027-02,,IN,,,,,,,,
104,2027-02,,IN,Cond Salon,,,,,,,
105,2027-02,,IN,Cond Salon,,,,,,,
106,2027-02,,IN,,,,,,,,
107,2027-02,,IN,Cond Salon,,,,,,,
108,2027-02,,IN,,,,,,,,
109,2027-02,,IN,Cond Salon,,,,,,,
110,2027-02,,IN,,,,,,,,
111,2027-02,,IN,,,,,,,,
112,2027-02,,IN,,,,,,,,
113,2027-02,,IN,Cond Salon,,,,,,,
114,2027-02,,IN,,,,,,,,
,2027-02,,IN,,,,,,,,
,2027-02,,IN,,,,,,,,
,2027-02,,IN,,,,,,,,
,2027-02,,IN,,,,,,,,
,2027-02,,IN,,,,,,,,
,2027-02,,IN,,,,,,,,
,2027-02,,IN,,,,,,,,
,2027-02,,IN,,,,,,,,
,2027-02,,IN,,,,,,,,
,2027-02,,IN,,,,,,,,
201,2027-02,,IN,,,,,,,,
202,2027-02,,IN,,,,,,,,
203,2027-02,Carbelle,IN,,,,,,,,
204,2027-02,Carbelle,IN,,,,,,,,
205,2027-02,Carbelle,IN,,,,,,,,
206,2027-02,Carbelle,IN,,,,,,,,
207,2027-02,Carbelle,IN,,,,,,,,
208,2027-02,Carbelle,IN,,,,,,,,
209,2027-02,Carbelle,IN,,,,,,,,
210,2027-02,Carbelle,IN,,,,,,,,
211,2027-02,Carbelle,IN,,,,,,,,
212,2027-02,,IN,,,,,,,,
213,2027-02,,IN,,,,,,,,
214,2027-02,,IN,,,,,,,,
215,2027-02,,IN,,,,,,,,
216,2027-02,,IN,,,,,,,,
227,2027-02,,IN,,,,,,,,
217,2027-02,,IN,,,,,,,,
218,2027-02,,IN,,,,,,,,
,2027-02,,IN,,,,,,,,
220,2027-02,,IN,,,,,,,,
221,2027-02,,IN,,,,,,,,
226,2027-02,,IN,,,,,,,,
222,2027-02,,IN,,,,,,,,
224,2027-02,,IN,,,,,,,,
223,2027-02,,IN,,,,,,,,
225,2027-02,,IN,,,,,,,,
230,2027-02,,IN,,,,,,,,
231,2027-02,,IN,,,,,,,,
,2027-02,,IN,,,,,,,,
,2027-02,,IN,,,,,,,,
,2027-02,,IN,,,,,,,,
,2027-02,,IN,,,,,,,,
,2027-02,,IN,,,,,,,,
,2027-02,,IN,,,,,,,,
,2027-02,,IN,,,,,,,,
,2027-02,,IN,,,,,,,,
,2027-02,,IN,,,,,,,,
,2027-02,,IN,,,,,,,,
301,2027-02,Carbelle,IN,,,,,,,,
,2027-02,Carbelle,IN,,,,,,,,
303,2027-02,Carbelle,IN,,,,,,,,
304,2027-02,Carbelle,IN,,,,,,,,
305,2027-02,,IN,,,,,,,,
306,2027-02,,IN,,,,,,,,
307,2027-02,,IN,,,,,,,,
367,2027-02,,IN,,,,,,,,
308,2027-02,,IN,,,,,,,,
319,2027-02,,IN,,,,,,,,
309,2027-02,,IN,,,,,,,,
310,2027-02,,IN,,,,,,,,
311,2027-02,,IN,,,,,,,,
312,2027-02,,IN,,,,,,,,
313,2027-02,,IN,,,,,,,,
314,2027-02,,IN,,,,,,,,
315,2027-02,,IN,,,,,,,,
316,2027-02,,IN,,,,,,,,
317,2027-02,,IN,,,,,,,,
318,2027-02,,IN,,,,,,,,
320,2027-02,,IN,,,,,,,,
321,2027-02,,IN,,,,,,,,
,2027-02,,IN,,,,,,,,
323,2027-02,,IN,,,,,,,,
324,2027-02,,IN,Cond Salon,,,,,,,
325,2027-02,,IN,,,,,,,,
326,2027-02,,IN,,,,,,,,
327,2027-02,,IN,,,,,,,,
328,2027-02,,IN,,,,,,,,
329,2027-02,,IN,,,,,,,,
330,2027-02,,IN,,,,,,,,
331,2027-02,Carbelle,IN,,,,,,,,
332,2027-02,Carbelle,IN,,,,,,,,
333,2027-02,,IN,,,,,,,,
334,2027-02,,IN,,,,,,,,
335,2027-02,Carbelle,IN,,,,,,,,
336,2027-02,,IN,,,,,,,,
337,2027-02,,IN,Cond Salon,,,,,,,
338,2027-02,Immo Toma ,IN,,,,,,,,
339,2027-02,,IN,,,,,,,,
340,2027-02,Carbelle,IN,,,,,,,,
341,2027-02,Carbelle,IN,,,,,,,,
365,2027-02,,IN,,,,,,,,
342,2027-02,Carbelle,IN,,,,,,,,
343,2027-02,DPS,IN,,,,,,,,
344,2027-02,,IN,Cond Salon,,,,,,,
363,2027-02,,IN,,,,,,,,
345,2027-02,,IN,,,,,,,,
346,2027-02,,IN,,,,,,,,
359,2027-02,,IN,,,,,,,,
360,2027-02,,IN,,,,,,,,
361,2027-02,,IN,,,,,,,,
,2027-02,,IN,,,,,,,,
347,2027-02,BP Martelange,IN,,,,,,,,
348,2027-02,Carbelle,IN,,,,,,,,
349,2027-02,Carbelle,IN,,,,,,,,
350,2027-02,Carbelle,IN,,,,,,,,
351,2027-02,Carbelle,IN,,,,,,,,
352,2027-02,,IN,,,,,,,,
353,2027-02,,IN,,,,,,,,
,2027-02,,IN,,,,,,,,
354,2027-02,Immo Toma ,IN,,,,,,,,
355,2027-02,,IN,,,,,,,,
356,2027-02,Immo Toma ,IN,,,,,,,,
357,2027-02,,IN,,,,,,,,
,2027-02,,IN,,,,,,,,
,2027-02,,IN,,,,,,,,
,2027-02,,IN,,,,,,,,
,2027-02,,IN,,,,,,,,
,2027-02,,IN,,,,,,,,
401,2027-02,Carbelle,IN,,,,,,,,
402,2027-02,Carbelle,IN,,,,,,,,
403,2027-02,Carbelle,IN,,,,,,,,
404,2027-02,Immo Toma ,IN,,,,,,,,
405,2027-02,,IN,,,,,,,,
406,2027-02,,IN,,,,,,,,
407,2027-02,Carbelle,IN,,,,,,,,
408,2027-02,Carbelle,IN,,,,,,,,
409,2027-02,,IN,Cond Salon,,,,,,,
415,2027-02,Carbelle,IN,,,,,,,,
,2027-02,,IN,,,,,,,,
,2027-02,,IN,,,,,,,,
,2027-02,,IN,,,,,,,,
,2027-02,,IN,,,,,,,,
,2027-02,,IN,,,,,,,,
,2027-02,,IN,,,,,,,,
,2027-02,,IN,,,,,,,,
,2027-02,,IN,,,,,,,,
,2027-02,,IN,,,,,,,,
501,2027-02,,IN,,,,,,,,
502,2027-02,DPS,IN,,,,,,,,
,2027-02,DPS,IN,,,,,,,,
,2027-02,DPS,IN,,,,,,,,
505,2027-02,DPS,IN,,,,,,,,
506,2027-02,,IN,,,,,,,,
507,2027-02,DPS,IN,,,,,,,,
508,2027-02,,IN,,,,,,,,
509,2027-02,,IN,,,,,,,,
510,2027-02,DPS,IN,,,,,,,,
,2027-02,,IN,,,,,,,,
,2027-02,,IN,,,,,,,,
527,2027-02,,IN,,,,,,,,
512,2027-02,DPS,IN,,,,,,,,
513,2027-02,,IN,,,,,,,,
514,2027-02,,IN,,,,,,,,
515,2027-02,,IN,,,,,,,,
517,2027-02,,IN,,,,,,,,
518,2027-02,,IN,,,,,,,,
,2027-02,,IN,,,,,,,,
520,2027-02,,IN,,,,,,,,
521,2027-02,,IN,,,,,,,,
525,2027-02,,IN,,,,,,,,
530,2027-02,DPS,IN,,,,,,,,
,2027-02,,IN,,,,,,,,
,2027-02,,IN,,,,,,,,
,2027-02,,IN,,,,,,,,
,2027-02,,IN,,,,,,,,
,2027-02,,IN,,,,,,,,
,2027-02,,IN,,,,,,,,
,2027-02,,IN,,,,,,,,
,2027-02,,IN,,,,,,,,
,2027-02,,IN,,,,,,,,
,2027-02,,IN,,,,,,,,
,2027-02,,IN,,,,,,,,
,2027-02,,IN,,,,,,,,
,2027-02,,IN,,,,,,,,
,2027-02,,OUT,,,,,,,,
102,2027-02,,OUT,,,,,,,,
,2027-02,,OUT,,,,,,,,
104,2027-02,,OUT,,,,,,,,
105,2027-02,,OUT,,,,,,,,
106,2027-02,,OUT,,,,,,,,
107,2027-02,,OUT,,,,,,,,
108,2027-02,,OUT,,,,,,,,
109,2027-02,,OUT,,,,,,,,
110,2027-02,,OUT,,,,,,,,
111,2027-02,,OUT,,,,,,,,
112,2027-02,,OUT,,,,,,,,
113,2027-02,,OUT,,,,,,,,
114,2027-02,,OUT,,,,,,,,
,2027-02,,OUT,,,,,,,,
,2027-02,,OUT,,,,,,,,
,2027-02,,OUT,,,,,,,,
,2027-02,,OUT,,,,,,,,
,2027-02,,OUT,,,,,,,,
,2027-02,,OUT,,,,,,,,
,2027-02,,OUT,,,,,,,,
,2027-02,,OUT,,,,,,,,
,2027-02,,OUT,,,,,,,,
,2027-02,,OUT,,,,,,,,
201,2027-02,,OUT,,,,,,,,
202,2027-02,,OUT,,,,,,,,
203,2027-02,,OUT,,,,,,,,
204,2027-02,,OUT,,,,,,,,
205,2027-02,,OUT,,,,,,,,
206,2027-02,,OUT,,,,,,,,
207,2027-02,,OUT,,,,,,,,
208,2027-02,,OUT,,,,,,,,
209,2027-02,,OUT,,,,,,,,
210,2027-02,,OUT,,,,,,,,
211,2027-02,,OUT,,,,,,,,
212,2027-02,,OUT,,,,,,,,
213,2027-02,,OUT,,,,,,,,
214,2027-02,,OUT,,,,,,,,
215,2027-02,,OUT,,,,,,,,
216,2027-02,,OUT,,,,,,,,
227,2027-02,,OUT,,,,,,,,
217,2027-02,,OUT,,,,,,,,
218,2027-02,,OUT,,,,,,,,
,2027-02,,OUT,,,,,,,,
220,2027-02,,OUT,,,,,,,,
221,2027-02,,OUT,,,,,,,,
226,2027-02,,OUT,,,,,,,,
222,2027-02,,OUT,,,,,,,,
224,2027-02,,OUT,,,,,,,,
223,2027-02,,OUT,,,,,,,,
225,2027-02,,OUT,,,,,,,,
230,2027-02,,OUT,,,,,,,,
231,2027-02,,OUT,,,,,,,,
,2027-02,,OUT,,,,,,,,
,2027-02,,OUT,,,,,,,,
,2027-02,,OUT,,,,,,,,
,2027-02,,OUT,,,,,,,,
,2027-02,,OUT,,,,,,,,
,2027-02,,OUT,,,,,,,,
,2027-02,,OUT,,,,,,,,
,2027-02,,OUT,,,,,,,,
,2027-02,,OUT,,,,,,,,
,2027-02,,OUT,,,,,,,,
301,2027-02,,OUT,,,,,,,,
,2027-02,,OUT,,,,,,,,
303,2027-02,,OUT,,,,,,,,
304,2027-02,,OUT,,,,,,,,
305,2027-02,,OUT,,,,,,,,
306,2027-02,,OUT,,,,,,,,
307,2027-02,,OUT,,,,,,,,
367,2027-02,,OUT,,,,,,,,
308,2027-02,,OUT,,,,,,,,
319,2027-02,,OUT,,,,,,,,
309,2027-02,,OUT,,,,,,,,
310,2027-02,,OUT,,,,,,,,
311,2027-02,,OUT,,,,,,,,
312,2027-02,,OUT,,,,,,,,
313,2027-02,,OUT,,,,,,,,
314,2027-02,,OUT,,,,,,,,
315,2027-02,,OUT,,,,,,,,
316,2027-02,,OUT,,,,,,,,
317,2027-02,,OUT,,,,,,,,
318,2027-02,,OUT,,,,,,,,
320,2027-02,,OUT,,,,,,,,
321,2027-02,,OUT,,,,,,,,
,2027-02,,OUT,,,,,,,,
323,2027-02,,OUT,,,,,,,,
324,2027-02,,OUT,,,,,,,,
325,2027-02,,OUT,,,,,,,,
326,2027-02,,OUT,,,,,,,,
327,2027-02,,OUT,,,,,,,,
328,2027-02,,OUT,,,,,,,,
329,2027-02,,OUT,,,,,,,,
330,2027-02,,OUT,,,,,,,,
331,2027-02,,OUT,,,,,,,,
332,2027-02,,OUT,,,,,,,,
333,2027-02,,OUT,,,,,,,,
334,2027-02,Bloqué,OUT,,,,,,,,
335,2027-02,,OUT,,,,,,,,
336,2027-02,,OUT,,,,,,,,
337,2027-02,Carbelle,OUT,,,,,,,,
338,2027-02,,OUT,,,,,,,,
339,2027-02,,OUT,,,,,,,,
340,2027-02,,OUT,,,,,,,,
341,2027-02,,OUT,,,,,,,,
365,2027-02,,OUT,,,,,,,,
342,2027-02,,OUT,,,,,,,,
343,2027-02,,OUT,,,,,,,,
344,2027-02,,OUT,,,,,,,,
363,2027-02,DPS,OUT,,,,,,,,
345,2027-02,,OUT,,,,,,,,
346,2027-02,,OUT,,,,,,,,
359,2027-02,,OUT,,,,,,,,
360,2027-02,,OUT,,,,,,,,
361,2027-02,,OUT,,,,,,,,
,2027-02,,OUT,,,,,,,,
347,2027-02,Carbelle,OUT,,,,,,,,
348,2027-02,,OUT,,,,,,,,
349,2027-02,,OUT,,,,,,,,
350,2027-02,,OUT,,,,,,,,
351,2027-02,,OUT,,,,,,,,
352,2027-02,,OUT,,,,,,,,
353,2027-02,,OUT,,,,,,,,
,2027-02,,OUT,,,,,,,,
354,2027-02,,OUT,,,,,,,,
355,2027-02,,OUT,,,,,,,,
356,2027-02,,OUT,,,,,,,,
357,2027-02,,OUT,,,,,,,,
,2027-02,,OUT,,,,,,,,
,2027-02,,OUT,,,,,,,,
,2027-02,,OUT,,,,,,,,
,2027-02,,OUT,,,,,,,,
,2027-02,,OUT,,,,,,,,
401,2027-02,,OUT,,,,,,,,
402,2027-02,,OUT,,,,,,,,
403,2027-02,,OUT,,,,,,,,
404,2027-02,Carbelle,OUT,,,,,,,,
405,2027-02,,OUT,,,,,,,,
406,2027-02,,OUT,,,,,,,,
407,2027-02,,OUT,,,,,,,,
408,2027-02,,OUT,,,,,,,,
409,2027-02,,OUT,,,,,,,,
415,2027-02,,OUT,,,,,,,,
,2027-02,,OUT,,,,,,,,
,2027-02,,OUT,,,,,,,,
,2027-02,,OUT,,,,,,,,
,2027-02,,OUT,,,,,,,,
,2027-02,,OUT,,,,,,,,
,2027-02,,OUT,,,,,,,,
,2027-02,,OUT,,,,,,,,
,2027-02,,OUT,,,,,,,,
,2027-02,,OUT,,,,,,,,
501,2027-02,DPS,OUT,,,,,,,,
502,2027-02,Carbelle,OUT,,,,,,,,
,2027-02,Carbelle,OUT,,,,,,,,
,2027-02,Carbelle,OUT,,,,,,,,
505,2027-02,Carbelle,OUT,,,,,,,,
506,2027-02,DPS,OUT,,,,,,,,
507,2027-02,,OUT,,,,,,,,
508,2027-02,DPS,OUT,,,,,,,,
509,2027-02,,OUT,,,,,,,,
510,2027-02,,OUT,,,,,,,,
,2027-02,,OUT,,,,,,,,
,2027-02,,OUT,,,,,,,,
527,2027-02,,OUT,,,,,,,,
512,2027-02,,OUT,,,,,,,,
513,2027-02,,OUT,,,,,,,,
514,2027-02,,OUT,,,,,,,,
515,2027-02,,OUT,,,,,,,,
517,2027-02,,OUT,,,,,,,,
518,2027-02,,OUT,,,,,,,,
,2027-02,,OUT,,,,,,,,
520,2027-02,,OUT,,,,,,,,
521,2027-02,,OUT,,,,,,,,
525,2027-02,,OUT,,,,,,,,
530,2027-02,,OUT,,,,,,,,
,2027-02,,OUT,,,,,,,,
,2027-02,,OUT,,,,,,,,
,2027-02,,OUT,,,,,,,,
,2027-02,,OUT,,,,,,,,
,2027-02,,OUT,,,,,,,,
,2027-02,,OUT,,,,,,,,
,2027-02,,OUT,,,,,,,,
,2027-02,,OUT,,,,,,,,
,2027-02,,OUT,,,,,,,,
,2027-02,,OUT,,,,,,,,
,2027-02,,OUT,,,,,,,,
,2027-02,,OUT,,,,,,,,
,2027-02,,OUT,,,,,,,,
,2027-03,,IN,,,,,,,,
102,2027-03,,IN,,,,,,,,
,2027-03,,IN,,,,,,,,
104,2027-03,Schmidt cuisines- Wavre ,IN,,,,,,,,
105,2027-03,,IN,,,,,,,,
106,2027-03,Schmidt cuisines- Wavre ,IN,,,,,,,,
107,2027-03,Schmidt cuisines- Wavre ,IN,,,,,,,,
108,2027-03,Schmidt cuisines- Wavre ,IN,,,,,,,,
109,2027-03,,IN,,,,,,,,
110,2027-03,,IN,,,,,,,,
111,2027-03,Schmidt cuisines- Wavre ,IN,,,,,,,,
112,2027-03,,IN,,,,,,,,
113,2027-03,,IN,,,,,,,,
114,2027-03,,IN,,,,,,,,
,2027-03,,IN,,,,,,,,
,2027-03,,IN,,,,,,,,
,2027-03,,IN,,,,,,,,
,2027-03,,IN,,,,,,,,
,2027-03,,IN,,,,,,,,
,2027-03,,IN,,,,,,,,
,2027-03,,IN,,,,,,,,
,2027-03,,IN,,,,,,,,
,2027-03,,IN,,,,,,,,
,2027-03,,IN,,,,,,,,
201,2027-03,,IN,,,,,,,,
202,2027-03,,IN,,,,,,,,
203,2027-03,Carbelle,IN,,,,,,,,
204,2027-03,Carbelle,IN,,,,,,,,
205,2027-03,Carbelle,IN,,,,,,,,
206,2027-03,Carbelle,IN,,,,,,,,
207,2027-03,Carbelle,IN,,,,,,,,
208,2027-03,Carbelle,IN,,,,,,,,
209,2027-03,Carbelle,IN,,,,,,,,
210,2027-03,Carbelle,IN,,,,,,,,
211,2027-03,Carbelle,IN,,,,,,,,
212,2027-03,,IN,,,,,,,,
213,2027-03,,IN,,,,,,,,
214,2027-03,,IN,,,,,,,,
215,2027-03,,IN,,,,,,,,
216,2027-03,,IN,,,,,,,,
227,2027-03,,IN,,,,,,,,
217,2027-03,,IN,,,,,,,,
218,2027-03,,IN,,,,,,,,
,2027-03,,IN,,,,,,,,
220,2027-03,,IN,,,,,,,,
221,2027-03,,IN,,,,,,,,
226,2027-03,,IN,,,,,,,,
222,2027-03,,IN,,,,,,,,
224,2027-03,,IN,,,,,,,,
223,2027-03,,IN,,,,,,,,
225,2027-03,,IN,,,,,,,,
230,2027-03,,IN,,,,,,,,
231,2027-03,,IN,,,,,,,,
,2027-03,,IN,,,,,,,,
,2027-03,,IN,,,,,,,,
,2027-03,,IN,,,,,,,,
,2027-03,,IN,,,,,,,,
,2027-03,,IN,,,,,,,,
,2027-03,,IN,,,,,,,,
,2027-03,,IN,,,,,,,,
,2027-03,,IN,,,,,,,,
,2027-03,,IN,,,,,,,,
,2027-03,,IN,,,,,,,,
301,2027-03,Carbelle,IN,,,,,,,,
,2027-03,,IN,,,,,,,,
303,2027-03,Carbelle,IN,,,,,,,,
304,2027-03,Carbelle,IN,,,,,,,,
305,2027-03,,IN,,,,,,,,
306,2027-03,,IN,,,,,,,,
307,2027-03,,IN,,,,,,,,
367,2027-03,,IN,,,,,,,,
308,2027-03,,IN,,,,,,,,
319,2027-03,,IN,,,,,,,,
309,2027-03,,IN,,,,,,,,
310,2027-03,,IN,,,,,,,,
311,2027-03,,IN,,,,,,,,
312,2027-03,,IN,,,,,,,,
313,2027-03,,IN,,,,,,,,
314,2027-03,,IN,,,,,,,,
315,2027-03,,IN,,,,,,,,
316,2027-03,,IN,,,,,,,,
317,2027-03,,IN,,,,,,,,
318,2027-03,,IN,,,,,,,,
320,2027-03,,IN,,,,,,,,
321,2027-03,,IN,,,,,,,,
,2027-03,,IN,,,,,,,,
323,2027-03,,IN,,,,,,,,
324,2027-03,,IN,,,,,,,,
325,2027-03,,IN,,,,,,,,
326,2027-03,,IN,,,,,,,,
327,2027-03,,IN,,,,,,,,
328,2027-03,,IN,,,,,,,,
329,2027-03,,IN,,,,,,,,
330,2027-03,,IN,,,,,,,,
331,2027-03,Carbelle,IN,,,,,,,,
332,2027-03,Carbelle,IN,,,,,,,,
333,2027-03,,IN,,,,,,,,
334,2027-03,,IN,,,,,,,,
335,2027-03,Carbelle,IN,,,,,,,,
336,2027-03,Immo Toma ,IN,,,,,,,,
337,2027-03,Carbelle,IN,,,,,,,,
338,2027-03,,IN,,,,,,,,
339,2027-03,Immo Toma ,IN,,,,,,,,
340,2027-03,Carbelle,IN,,,,,,,,
341,2027-03,Carbelle,IN,,,,,,,,
365,2027-03,,IN,,,,,,,,
342,2027-03,Carbelle,IN,,,,,,,,
343,2027-03,Carbelle,IN,,,,,,,,
344,2027-03,Immo Toma ,IN,,,,,,,,
363,2027-03,,IN,,,,,,,,
345,2027-03,,IN,,,,,,,,
346,2027-03,,IN,,,,,,,,
359,2027-03,,IN,,,,,,,,
360,2027-03,,IN,,,,,,,,
361,2027-03,,IN,,,,,,,,
,2027-03,,IN,,,,,,,,
347,2027-03,BP Martelange,IN,,,,,,,,
348,2027-03,Carbelle,IN,,,,,,,,
349,2027-03,Carbelle,IN,,,,,,,,
350,2027-03,Carbelle,IN,,,,,,,,
351,2027-03,Carbelle,IN,,,,,,,,
352,2027-03,,IN,,,,,,,,
353,2027-03,,IN,,,,,,,,
,2027-03,,IN,,,,,,,,
354,2027-03,,IN,,,,,,,,
355,2027-03,,IN,,,,,,,,
356,2027-03,,IN,,,,,,,,
357,2027-03,,IN,,,,,,,,
,2027-03,,IN,,,,,,,,
,2027-03,,IN,,,,,,,,
,2027-03,,IN,,,,,,,,
,2027-03,,IN,,,,,,,,
,2027-03,,IN,,,,,,,,
401,2027-03,Immo Toma ,IN,,,,,,,,
402,2027-03,Carbelle,IN,,,,,,,,
403,2027-03,Carbelle,IN,,,,,,,,
404,2027-03,Carbelle,IN,,,,,,,,
405,2027-03,,IN,,,,,,,,
406,2027-03,,IN,,,,,,,,
407,2027-03,Carbelle,IN,,,,,,,,
408,2027-03,Carbelle,IN,,,,,,,,
409,2027-03,,IN,,,,,,,,
415,2027-03,Carbelle,IN,,,,,,,,
,2027-03,,IN,,,,,,,,
,2027-03,,IN,,,,,,,,
,2027-03,,IN,,,,,,,,
,2027-03,,IN,,,,,,,,
,2027-03,,IN,,,,,,,,
,2027-03,,IN,,,,,,,,
,2027-03,,IN,,,,,,,,
,2027-03,,IN,,,,,,,,
,2027-03,,IN,,,,,,,,
501,2027-03,,IN,,,,,,,,
502,2027-03,DPS,IN,,,,,,,,
,2027-03,DPS,IN,,,,,,,,
,2027-03,DPS,IN,,,,,,,,
505,2027-03,DPS,IN,,,,,,,,
506,2027-03,,IN,,,,,,,,
507,2027-03,DPS,IN,,,,,,,,
508,2027-03,,IN,,,,,,,,
509,2027-03,,IN,,,,,,,,
510,2027-03,DPS,IN,,,,,,,,
,2027-03,,IN,,,,,,,,
,2027-03,,IN,,,,,,,,
527,2027-03,,IN,,,,,,,,
512,2027-03,DPS,IN,,,,,,,,
513,2027-03,,IN,,,,,,,,
514,2027-03,,IN,,,,,,,,
515,2027-03,,IN,,,,,,,,
517,2027-03,,IN,,,,,,,,
518,2027-03,,IN,,,,,,,,
,2027-03,,IN,,,,,,,,
520,2027-03,,IN,,,,,,,,
521,2027-03,,IN,,,,,,,,
525,2027-03,,IN,,,,,,,,
530,2027-03,DPS,IN,,,,,,,,
,2027-03,,IN,,,,,,,,
,2027-03,,IN,,,,,,,,
,2027-03,,IN,,,,,,,,
,2027-03,,IN,,,,,,,,
,2027-03,,IN,,,,,,,,
,2027-03,,IN,,,,,,,,
,2027-03,,IN,,,,,,,,
,2027-03,,IN,,,,,,,,
,2027-03,,IN,,,,,,,,
,2027-03,,IN,,,,,,,,
,2027-03,,IN,,,,,,,,
,2027-03,,IN,,,,,,,,
,2027-03,,IN,,,,,,,,
,2027-03,,OUT,,,,,,,,
102,2027-03,,OUT,,,,,,,,
,2027-03,,OUT,,,,,,,,
104,2027-03,,OUT,,,,,,,,
105,2027-03,,OUT,,,,,,,,
106,2027-03,,OUT,,,,,,,,
107,2027-03,,OUT,,,,,,,,
108,2027-03,,OUT,,,,,,,,
109,2027-03,,OUT,,,,,,,,
110,2027-03,,OUT,,,,,,,,
111,2027-03,,OUT,,,,,,,,
112,2027-03,,OUT,,,,,,,,
113,2027-03,,OUT,,,,,,,,
114,2027-03,,OUT,,,,,,,,
,2027-03,,OUT,,,,,,,,
,2027-03,,OUT,,,,,,,,
,2027-03,,OUT,,,,,,,,
,2027-03,,OUT,,,,,,,,
,2027-03,,OUT,,,,,,,,
,2027-03,,OUT,,,,,,,,
,2027-03,,OUT,,,,,,,,
,2027-03,,OUT,,,,,,,,
,2027-03,,OUT,,,,,,,,
,2027-03,,OUT,,,,,,,,
201,2027-03,,OUT,,,,,,,,
202,2027-03,,OUT,,,,,,,,
203,2027-03,,OUT,,,,,,,,
204,2027-03,,OUT,,,,,,,,
205,2027-03,,OUT,,,,,,,,
206,2027-03,,OUT,,,,,,,,
207,2027-03,,OUT,,,,,,,,
208,2027-03,,OUT,,,,,,,,
209,2027-03,,OUT,,,,,,,,
210,2027-03,,OUT,,,,,,,,
211,2027-03,,OUT,,,,,,,,
212,2027-03,,OUT,,,,,,,,
213,2027-03,,OUT,,,,,,,,
214,2027-03,,OUT,,,,,,,,
215,2027-03,,OUT,,,,,,,,
216,2027-03,,OUT,,,,,,,,
227,2027-03,,OUT,,,,,,,,
217,2027-03,,OUT,,,,,,,,
218,2027-03,,OUT,,,,,,,,
,2027-03,,OUT,,,,,,,,
220,2027-03,,OUT,,,,,,,,
221,2027-03,,OUT,,,,,,,,
226,2027-03,,OUT,,,,,,,,
222,2027-03,,OUT,,,,,,,,
224,2027-03,,OUT,,,,,,,,
223,2027-03,,OUT,,,,,,,,
225,2027-03,,OUT,,,,,,,,
230,2027-03,,OUT,,,,,,,,
231,2027-03,,OUT,,,,,,,,
,2027-03,,OUT,,,,,,,,
,2027-03,,OUT,,,,,,,,
,2027-03,,OUT,,,,,,,,
,2027-03,,OUT,,,,,,,,
,2027-03,,OUT,,,,,,,,
,2027-03,,OUT,,,,,,,,
,2027-03,,OUT,,,,,,,,
,2027-03,,OUT,,,,,,,,
,2027-03,,OUT,,,,,,,,
,2027-03,,OUT,,,,,,,,
301,2027-03,,OUT,,,,,,,,
,2027-03,,OUT,,,,,,,,
303,2027-03,,OUT,,,,,,,,
304,2027-03,,OUT,,,,,,,,
305,2027-03,,OUT,,,,,,,,
306,2027-03,,OUT,,,,,,,,
307,2027-03,,OUT,,,,,,,,
367,2027-03,,OUT,,,,,,,,
308,2027-03,,OUT,,,,,,,,
319,2027-03,,OUT,,,,,,,,
309,2027-03,,OUT,,,,,,,,
310,2027-03,,OUT,,,,,,,,
311,2027-03,,OUT,,,,,,,,
312,2027-03,,OUT,,,,,,,,
313,2027-03,,OUT,,,,,,,,
314,2027-03,,OUT,,,,,,,,
315,2027-03,,OUT,,,,,,,,
316,2027-03,,OUT,,,,,,,,
317,2027-03,,OUT,,,,,,,,
318,2027-03,,OUT,,,,,,,,
320,2027-03,,OUT,,,,,,,,
321,2027-03,,OUT,,,,,,,,
,2027-03,,OUT,,,,,,,,
323,2027-03,,OUT,,,,,,,,
324,2027-03,,OUT,,,,,,,,
325,2027-03,,OUT,,,,,,,,
326,2027-03,,OUT,,,,,,,,
327,2027-03,,OUT,,,,,,,,
328,2027-03,,OUT,,,,,,,,
329,2027-03,,OUT,,,,,,,,
330,2027-03,,OUT,,,,,,,,
331,2027-03,,OUT,,,,,,,,
332,2027-03,,OUT,,,,,,,,
333,2027-03,,OUT,,,,,,,,
334,2027-03,Bloqué,OUT,,,,,,,,
335,2027-03,,OUT,,,,,,,,
336,2027-03,,OUT,,,,,,,,
337,2027-03,,OUT,,,,,,,,
338,2027-03,,OUT,,,,,,,,
339,2027-03,,OUT,,,,,,,,
340,2027-03,,OUT,,,,,,,,
341,2027-03,,OUT,,,,,,,,
365,2027-03,,OUT,,,,,,,,
342,2027-03,DPS,OUT,,,,,,,,
343,2027-03,Urbaine,OUT,,,,,,,,
344,2027-03,Optic & vous,OUT,,,,,,,,
363,2027-03,,OUT,,,,,,,,
345,2027-03,,OUT,,,,,,,,
346,2027-03,,OUT,,,,,,,,
359,2027-03,,OUT,,,,,,,,
360,2027-03,,OUT,,,,,,,,
361,2027-03,,OUT,,,,,,,,
,2027-03,,OUT,,,,,,,,
347,2027-03,Carbelle,OUT,,,,,,,,
348,2027-03,,OUT,,,,,,,,
349,2027-03,,OUT,,,,,,,,
350,2027-03,,OUT,,,,,,,,
351,2027-03,,OUT,,,,,,,,
352,2027-03,,OUT,,,,,,,,
353,2027-03,,OUT,,,,,,,,
,2027-03,,OUT,,,,,,,,
354,2027-03,,OUT,,,,,,,,
355,2027-03,,OUT,,,,,,,,
356,2027-03,,OUT,,,,,,,,
357,2027-03,,OUT,,,,,,,,
,2027-03,,OUT,,,,,,,,
,2027-03,,OUT,,,,,,,,
,2027-03,,OUT,,,,,,,,
,2027-03,,OUT,,,,,,,,
,2027-03,,OUT,,,,,,,,
401,2027-03,Carbelle,OUT,,,,,,,,
402,2027-03,,OUT,,,,,,,,
403,2027-03,,OUT,,,,,,,,
404,2027-03,,OUT,,,,,,,,
405,2027-03,,OUT,,,,,,,,
406,2027-03,,OUT,,,,,,,,
407,2027-03,,OUT,,,,,,,,
408,2027-03,,OUT,,,,,,,,
409,2027-03,DEMA,OUT,,,,,,,,
415,2027-03,,OUT,,,,,,,,
,2027-03,,OUT,,,,,,,,
,2027-03,,OUT,,,,,,,,
,2027-03,,OUT,,,,,,,,
,2027-03,,OUT,,,,,,,,
,2027-03,,OUT,,,,,,,,
,2027-03,,OUT,,,,,,,,
,2027-03,,OUT,,,,,,,,
,2027-03,,OUT,,,,,,,,
,2027-03,,OUT,,,,,,,,
501,2027-03,DPS,OUT,,,,,,,,
502,2027-03,Carbelle,OUT,,,,,,,,
,2027-03,Carbelle,OUT,,,,,,,,
,2027-03,Carbelle,OUT,,,,,,,,
505,2027-03,Carbelle,OUT,,,,,,,,
506,2027-03,DPS,OUT,,,,,,,,
507,2027-03,,OUT,,,,,,,,
508,2027-03,DPS,OUT,,,,,,,,
509,2027-03,,OUT,,,,,,,,
510,2027-03,,OUT,,,,,,,,
,2027-03,,OUT,,,,,,,,
,2027-03,,OUT,,,,,,,,
527,2027-03,,OUT,,,,,,,,
512,2027-03,,OUT,,,,,,,,
513,2027-03,,OUT,,,,,,,,
514,2027-03,,OUT,,,,,,,,
515,2027-03,,OUT,,,,,,,,
517,2027-03,,OUT,,,,,,,,
518,2027-03,,OUT,,,,,,,,
,2027-03,,OUT,,,,,,,,
520,2027-03,,OUT,,,,,,,,
521,2027-03,,OUT,,,,,,,,
525,2027-03,DEMA,OUT,,,,,,,,
530,2027-03,,OUT,,,,,,,,
,2027-03,,OUT,,,,,,,,
,2027-03,,OUT,,,,,,,,
,2027-03,,OUT,,,,,,,,
,2027-03,,OUT,,,,,,,,
,2027-03,,OUT,,,,,,,,
,2027-03,,OUT,,,,,,,,
,2027-03,,OUT,,,,,,,,
,2027-03,,OUT,,,,,,,,
,2027-03,,OUT,,,,,,,,
,2027-03,,OUT,,,,,,,,
,2027-03,,OUT,,,,,,,,
,2027-03,,OUT,,,,,,,,
,2027-03,,OUT,,,,,,,,
,2027-04,,IN,,,,,,,,
102,2027-04,,IN,,,,,,,,
,2027-04,,IN,,,,,,,,
104,2027-04,CLL- langues,IN,,,,,,,,
105,2027-04,,IN,,,,,,,,
106,2027-04,,IN,,,,,,,,
107,2027-04,CLL- langues,IN,,,,,,,,
108,2027-04,,IN,,,,,,,,
109,2027-04,,IN,,,,,,,,
110,2027-04,,IN,,,,,,,,
111,2027-04,,IN,,,,,,,,
112,2027-04,,IN,,,,,,,,
113,2027-04,,IN,,,,,,,,
114,2027-04,,IN,,,,,,,,
,2027-04,,IN,,,,,,,,
,2027-04,,IN,,,,,,,,
,2027-04,,IN,,,,,,,,
,2027-04,,IN,,,,,,,,
,2027-04,,IN,,,,,,,,
,2027-04,,IN,,,,,,,,
,2027-04,,IN,,,,,,,,
,2027-04,,IN,,,,,,,,
,2027-04,,IN,,,,,,,,
,2027-04,,IN,,,,,,,,
201,2027-04,,IN,,,,,,,,
202,2027-04,,IN,,,,,,,,
203,2027-04,Carbelle,IN,,,,,,,,
204,2027-04,Carbelle,IN,,,,,,,,
205,2027-04,Carbelle,IN,,,,,,,,
206,2027-04,Carbelle,IN,,,,,,,,
207,2027-04,Carbelle,IN,,,,,,,,
208,2027-04,Carbelle,IN,,,,,,,,
209,2027-04,Carbelle,IN,,,,,,,,
210,2027-04,Carbelle,IN,,,,,,,,
211,2027-04,Carbelle,IN,,,,,,,,
212,2027-04,,IN,,,,,,,,
213,2027-04,,IN,,,,,,,,
214,2027-04,,IN,,,,,,,,
215,2027-04,,IN,,,,,,,,
216,2027-04,,IN,,,,,,,,
227,2027-04,,IN,,,,,,,,
217,2027-04,,IN,,,,,,,,
218,2027-04,,IN,,,,,,,,
,2027-04,,IN,,,,,,,,
220,2027-04,,IN,,,,,,,,
221,2027-04,,IN,,,,,,,,
226,2027-04,,IN,,,,,,,,
222,2027-04,,IN,,,,,,,,
224,2027-04,,IN,,,,,,,,
223,2027-04,,IN,,,,,,,,
225,2027-04,DEMA,IN,,,,,,,,
230,2027-04,,IN,,,,,,,,
231,2027-04,,IN,,,,,,,,
,2027-04,,IN,,,,,,,,
,2027-04,,IN,,,,,,,,
,2027-04,,IN,,,,,,,,
,2027-04,,IN,,,,,,,,
,2027-04,,IN,,,,,,,,
,2027-04,,IN,,,,,,,,
,2027-04,,IN,,,,,,,,
,2027-04,,IN,,,,,,,,
,2027-04,,IN,,,,,,,,
,2027-04,,IN,,,,,,,,
301,2027-04,Carbelle,IN,,,,,,,,
,2027-04,,IN,,,,,,,,
303,2027-04,Carbelle,IN,,,,,,,,
304,2027-04,Carbelle,IN,,,,,,,,
305,2027-04,,IN,,,,,,,,
306,2027-04,,IN,,,,,,,,
307,2027-04,,IN,,,,,,,,
367,2027-04,,IN,,,,,,,,
308,2027-04,,IN,,,,,,,,
319,2027-04,,IN,,,,,,,,
309,2027-04,,IN,,,,,,,,
310,2027-04,,IN,,,,,,,,
311,2027-04,DPS,IN,,,,,,,,
312,2027-04,,IN,,,,,,,,
313,2027-04,,IN,,,,,,,,
314,2027-04,,IN,,,,,,,,
315,2027-04,,IN,,,,,,,,
316,2027-04,,IN,,,,,,,,
317,2027-04,,IN,,,,,,,,
318,2027-04,,IN,,,,,,,,
320,2027-04,,IN,,,,,,,,
321,2027-04,,IN,,,,,,,,
,2027-04,,IN,,,,,,,,
323,2027-04,,IN,,,,,,,,
324,2027-04,,IN,,,,,,,,
325,2027-04,,IN,,,,,,,,
326,2027-04,,IN,,,,,,,,
327,2027-04,,IN,,,,,,,,
328,2027-04,,IN,,,,,,,,
329,2027-04,DEMA,IN,,,,,,,,
330,2027-04,,IN,,,,,,,,
331,2027-04,Carbelle,IN,,,,,,,,
332,2027-04,Carbelle,IN,,,,,,,,
333,2027-04,Immo Toma ,IN,,,,,,,,
334,2027-04,,IN,,,,,,,,
335,2027-04,Carbelle,IN,,,,,,,,
336,2027-04,,IN,,,,,,,,
337,2027-04,Carbelle,IN,,,,,,,,
338,2027-04,,IN,,,,,,,,
339,2027-04,,IN,,,,,,,,
340,2027-04,Carbelle,IN,,,,,,,,
341,2027-04,Carbelle,IN,,,,,,,,
365,2027-04,,IN,,,,,,,,
342,2027-04,Carbelle,IN,,,,,,,,
343,2027-04,Carbelle / Urbaine,IN,,,,,,,,
344,2027-04,Optic & vous,IN,,,,,,,,
363,2027-04,Carbelle,IN,,,,,,,,
345,2027-04,,IN,,,,,,,,
346,2027-04,Immo Toma ,IN,,,,,,,,
359,2027-04,,IN,,,,,,,,
360,2027-04,DEMA,IN,,,,,,,,
361,2027-04,,IN,,,,,,,,
,2027-04,,IN,,,,,,,,
347,2027-04,BP Martelange,IN,,,,,,,,
348,2027-04,Carbelle,IN,,,,,,,,
349,2027-04,Carbelle / DEMA,IN,,,,,,,,
350,2027-04,Carbelle,IN,,,,,,,,
351,2027-04,Carbelle,IN,,,,,,,,
352,2027-04,,IN,,,,,,,,
353,2027-04,,IN,,,,,,,,
,2027-04,,IN,,,,,,,,
354,2027-04,,IN,,,,,,,,
355,2027-04,Immo Toma ,IN,,,,,,,,
356,2027-04,,IN,,,,,,,,
357,2027-04,,IN,,,,,,,,
,2027-04,,IN,,,,,,,,
,2027-04,,IN,,,,,,,,
,2027-04,,IN,,,,,,,,
,2027-04,,IN,,,,,,,,
,2027-04,,IN,,,,,,,,
401,2027-04,Carbelle,IN,,,,,,,,
402,2027-04,Carbelle,IN,,,,,,,,
403,2027-04,Carbelle,IN,,,,,,,,
404,2027-04,Immo Toma ,IN,,,,,,,,
405,2027-04,DEMA,IN,,,,,,,,
406,2027-04,,IN,,,,,,,,
407,2027-04,Carbelle,IN,,,,,,,,
408,2027-04,Carbelle / DEMA,IN,,,,,,,,
409,2027-04,,IN,,,,,,,,
415,2027-04,Carbelle,IN,,,,,,,,
,2027-04,,IN,,,,,,,,
,2027-04,,IN,,,,,,,,
,2027-04,,IN,,,,,,,,
,2027-04,,IN,,,,,,,,
,2027-04,,IN,,,,,,,,
,2027-04,,IN,,,,,,,,
,2027-04,,IN,,,,,,,,
,2027-04,,IN,,,,,,,,
,2027-04,,IN,,,,,,,,
501,2027-04,,IN,,,,,,,,
502,2027-04,DPS,IN,,,,,,,,
,2027-04,DPS,IN,,,,,,,,
,2027-04,DPS,IN,,,,,,,,
505,2027-04,DPS,IN,,,,,,,,
506,2027-04,,IN,,,,,,,,
507,2027-04,DPS,IN,,,,,,,,
508,2027-04,,IN,,,,,,,,
509,2027-04,,IN,,,,,,,,
510,2027-04,DPS,IN,,,,,,,,
,2027-04,,IN,,,,,,,,
,2027-04,,IN,,,,,,,,
527,2027-04,,IN,,,,,,,,
512,2027-04,DPS,IN,,,,,,,,
513,2027-04,,IN,,,,,,,,
514,2027-04,,IN,,,,,,,,
515,2027-04,,IN,,,,,,,,
517,2027-04,,IN,,,,,,,,
518,2027-04,,IN,,,,,,,,
,2027-04,,IN,,,,,,,,
520,2027-04,,IN,,,,,,,,
521,2027-04,,IN,,,,,,,,
525,2027-04,,IN,,,,,,,,
530,2027-04,DPS,IN,,,,,,,,
,2027-04,,IN,,,,,,,,
,2027-04,,IN,,,,,,,,
,2027-04,,IN,,,,,,,,
,2027-04,,IN,,,,,,,,
,2027-04,,IN,,,,,,,,
,2027-04,,IN,,,,,,,,
,2027-04,,IN,,,,,,,,
,2027-04,,IN,,,,,,,,
,2027-04,,IN,,,,,,,,
,2027-04,,IN,,,,,,,,
,2027-04,,IN,,,,,,,,
,2027-04,,IN,,,,,,,,
,2027-04,,IN,,,,,,,,
,2027-04,,OUT,,,,,,,,
102,2027-04,DEMA,OUT,,,,,,,,
,2027-04,,OUT,,,,,,,,
104,2027-04,,OUT,,,,,,,,
105,2027-04,,OUT,,,,,,,,
106,2027-04,,OUT,,,,,,,,
107,2027-04,,OUT,,,,,,,,
108,2027-04,,OUT,,,,,,,,
109,2027-04,,OUT,,,,,,,,
110,2027-04,,OUT,,,,,,,,
111,2027-04,,OUT,,,,,,,,
112,2027-04,,OUT,,,,,,,,
113,2027-04,,OUT,,,,,,,,
114,2027-04,,OUT,,,,,,,,
,2027-04,,OUT,,,,,,,,
,2027-04,,OUT,,,,,,,,
,2027-04,,OUT,,,,,,,,
,2027-04,,OUT,,,,,,,,
,2027-04,,OUT,,,,,,,,
,2027-04,,OUT,,,,,,,,
,2027-04,,OUT,,,,,,,,
,2027-04,,OUT,,,,,,,,
,2027-04,,OUT,,,,,,,,
,2027-04,,OUT,,,,,,,,
201,2027-04,,OUT,,,,,,,,
202,2027-04,,OUT,,,,,,,,
203,2027-04,,OUT,,,,,,,,
204,2027-04,,OUT,,,,,,,,
205,2027-04,,OUT,,,,,,,,
206,2027-04,,OUT,,,,,,,,
207,2027-04,,OUT,,,,,,,,
208,2027-04,,OUT,,,,,,,,
209,2027-04,,OUT,,,,,,,,
210,2027-04,,OUT,,,,,,,,
211,2027-04,,OUT,,,,,,,,
212,2027-04,,OUT,,,,,,,,
213,2027-04,,OUT,,,,,,,,
214,2027-04,,OUT,,,,,,,,
215,2027-04,,OUT,,,,,,,,
216,2027-04,,OUT,,,,,,,,
227,2027-04,,OUT,,,,,,,,
217,2027-04,,OUT,,,,,,,,
218,2027-04,,OUT,,,,,,,,
,2027-04,,OUT,,,,,,,,
220,2027-04,,OUT,,,,,,,,
221,2027-04,,OUT,,,,,,,,
226,2027-04,,OUT,,,,,,,,
222,2027-04,,OUT,,,,,,,,
224,2027-04,,OUT,,,,,,,,
223,2027-04,,OUT,,,,,,,,
225,2027-04,,OUT,,,,,,,,
230,2027-04,DEMA,OUT,,,,,,,,
231,2027-04,,OUT,,,,,,,,
,2027-04,,OUT,,,,,,,,
,2027-04,,OUT,,,,,,,,
,2027-04,,OUT,,,,,,,,
,2027-04,,OUT,,,,,,,,
,2027-04,,OUT,,,,,,,,
,2027-04,,OUT,,,,,,,,
,2027-04,,OUT,,,,,,,,
,2027-04,,OUT,,,,,,,,
,2027-04,,OUT,,,,,,,,
,2027-04,,OUT,,,,,,,,
301,2027-04,,OUT,,,,,,,,
,2027-04,,OUT,,,,,,,,
303,2027-04,,OUT,,,,,,,,
304,2027-04,,OUT,,,,,,,,
305,2027-04,,OUT,,,,,,,,
306,2027-04,,OUT,,,,,,,,
307,2027-04,,OUT,,,,,,,,
367,2027-04,,OUT,,,,,,,,
308,2027-04,,OUT,,,,,,,,
319,2027-04,,OUT,,,,,,,,
309,2027-04,,OUT,,,,,,,,
310,2027-04,,OUT,,,,,,,,
311,2027-04,,OUT,,,,,,,,
312,2027-04,,OUT,,,,,,,,
313,2027-04,,OUT,,,,,,,,
314,2027-04,,OUT,,,,,,,,
315,2027-04,,OUT,,,,,,,,
316,2027-04,,OUT,,,,,,,,
317,2027-04,,OUT,,,,,,,,
318,2027-04,,OUT,,,,,,,,
320,2027-04,,OUT,,,,,,,,
321,2027-04,,OUT,,,,,,,,
,2027-04,,OUT,,,,,,,,
323,2027-04,,OUT,,,,,,,,
324,2027-04,,OUT,,,,,,,,
325,2027-04,,OUT,,,,,,,,
326,2027-04,,OUT,,,,,,,,
327,2027-04,,OUT,,,,,,,,
328,2027-04,,OUT,,,,,,,,
329,2027-04,,OUT,,,,,,,,
330,2027-04,,OUT,,,,,,,,
331,2027-04,,OUT,,,,,,,,
332,2027-04,,OUT,,,,,,,,
333,2027-04,DEMA,OUT,,,,,,,,
334,2027-04,Bloqué,OUT,,,,,,,,
335,2027-04,,OUT,,,,,,,,
336,2027-04,,OUT,,,,,,,,
337,2027-04,,OUT,,,,,,,,
338,2027-04,,OUT,,,,,,,,
339,2027-04,,OUT,,,,,,,,
340,2027-04,,OUT,,,,,,,,
341,2027-04,,OUT,,,,,,,,
365,2027-04,,OUT,,,,,,,,
342,2027-04,,OUT,,,,,,,,
343,2027-04,,OUT,,,,,,,,
344,2027-04,,OUT,,,,,,,,
363,2027-04,,OUT,,,,,,,,
345,2027-04,,OUT,,,,,,,,
346,2027-04,,OUT,,,,,,,,
359,2027-04,,OUT,,,,,,,,
360,2027-04,,OUT,,,,,,,,
361,2027-04,,OUT,,,,,,,,
,2027-04,,OUT,,,,,,,,
347,2027-04,Carbelle,OUT,,,,,,,,
348,2027-04,,OUT,,,,,,,,
349,2027-04,,OUT,,,,,,,,
350,2027-04,DEMA,OUT,,,,,,,,
351,2027-04,DPS,OUT,,,,,,,,
352,2027-04,,OUT,,,,,,,,
353,2027-04,DEMA,OUT,,,,,,,,
,2027-04,,OUT,,,,,,,,
354,2027-04,,OUT,,,,,,,,
355,2027-04,,OUT,,,,,,,,
356,2027-04,,OUT,,,,,,,,
357,2027-04,,OUT,,,,,,,,
,2027-04,,OUT,,,,,,,,
,2027-04,,OUT,,,,,,,,
,2027-04,,OUT,,,,,,,,
,2027-04,,OUT,,,,,,,,
,2027-04,,OUT,,,,,,,,
401,2027-04,,OUT,,,,,,,,
402,2027-04,,OUT,,,,,,,,
403,2027-04,,OUT,,,,,,,,
404,2027-04,Carbelle,OUT,,,,,,,,
405,2027-04,,OUT,,,,,,,,
406,2027-04,,OUT,,,,,,,,
407,2027-04,,OUT,,,,,,,,
408,2027-04,,OUT,,,,,,,,
409,2027-04,,OUT,,,,,,,,
415,2027-04,,OUT,,,,,,,,
,2027-04,,OUT,,,,,,,,
,2027-04,,OUT,,,,,,,,
,2027-04,,OUT,,,,,,,,
,2027-04,,OUT,,,,,,,,
,2027-04,,OUT,,,,,,,,
,2027-04,,OUT,,,,,,,,
,2027-04,,OUT,,,,,,,,
,2027-04,,OUT,,,,,,,,
,2027-04,,OUT,,,,,,,,
501,2027-04,DPS,OUT,,,,,,,,
502,2027-04,Carbelle,OUT,,,,,,,,
,2027-04,Carbelle,OUT,,,,,,,,
,2027-04,Carbelle,OUT,,,,,,,,
505,2027-04,Carbelle,OUT,,,,,,,,
506,2027-04,DPS,OUT,,,,,,,,
507,2027-04,,OUT,,,,,,,,
508,2027-04,DPS,OUT,,,,,,,,
509,2027-04,,OUT,,,,,,,,
510,2027-04,,OUT,,,,,,,,
,2027-04,,OUT,,,,,,,,
,2027-04,,OUT,,,,,,,,
527,2027-04,,OUT,,,,,,,,
512,2027-04,,OUT,,,,,,,,
513,2027-04,,OUT,,,,,,,,
514,2027-04,,OUT,,,,,,,,
515,2027-04,,OUT,,,,,,,,
517,2027-04,,OUT,,,,,,,,
518,2027-04,,OUT,,,,,,,,
,2027-04,,OUT,,,,,,,,
520,2027-04,,OUT,,,,,,,,
521,2027-04,,OUT,,,,,,,,
525,2027-04,DEMA,OUT,,,,,,,,
530,2027-04,,OUT,,,,,,,,
,2027-04,,OUT,,,,,,,,
,2027-04,,OUT,,,,,,,,
,2027-04,,OUT,,,,,,,,
,2027-04,,OUT,,,,,,,,
,2027-04,,OUT,,,,,,,,
,2027-04,,OUT,,,,,,,,
,2027-04,,OUT,,,,,,,,
,2027-04,,OUT,,,,,,,,
,2027-04,,OUT,,,,,,,,
,2027-04,,OUT,,,,,,,,
,2027-04,,OUT,,,,,,,,
,2027-04,,OUT,,,,,,,,
,2027-04,,OUT,,,,,,,,
,2027-05,,IN,,,,,,,,
102,2027-05,,IN,,,,,,,,
,2027-05,,IN,,,,,,,,
104,2027-05,CLL- langues,IN,,,,,,,,
105,2027-05,CLL- langues,IN,,,,,,,,
106,2027-05,CLL- langues,IN,,,,,,,,
107,2027-05,CLL- langues,IN,,,,,,,,
108,2027-05,CLL- langues,IN,,,,,,,,
109,2027-05,,IN,,,,,,,,
110,2027-05,,IN,,,,,,,,
111,2027-05,,IN,,,,,,,,
112,2027-05,,IN,,,,,,,,
113,2027-05,,IN,,,,,,,,
114,2027-05,,IN,,,,,,,,
,2027-05,,IN,,,,,,,,
,2027-05,,IN,,,,,,,,
,2027-05,,IN,,,,,,,,
,2027-05,,IN,,,,,,,,
,2027-05,,IN,,,,,,,,
,2027-05,,IN,,,,,,,,
,2027-05,,IN,,,,,,,,
,2027-05,,IN,,,,,,,,
,2027-05,,IN,,,,,,,,
,2027-05,,IN,,,,,,,,
201,2027-05,,IN,,,,,,,,
202,2027-05,,IN,,,,,,,,
203,2027-05,Carbelle,IN,,,,,,,,
204,2027-05,Carbelle,IN,,,,,,,,
205,2027-05,Carbelle,IN,,,,,,,,
206,2027-05,Carbelle,IN,,,,,,,,
207,2027-05,Carbelle,IN,,,,,,,,
208,2027-05,Carbelle,IN,,,,,,,,
209,2027-05,Carbelle,IN,,,,,,,,
210,2027-05,Carbelle,IN,,,,,,,,
211,2027-05,Carbelle,IN,,,,,,,,
212,2027-05,,IN,,,,,,,,
213,2027-05,,IN,,,,,,,,
214,2027-05,,IN,,,,,,,,
215,2027-05,,IN,,,,,,,,
216,2027-05,,IN,,,,,,,,
227,2027-05,,IN,,,,,,,,
217,2027-05,,IN,,,,,,,,
218,2027-05,,IN,,,,,,,,
,2027-05,,IN,,,,,,,,
220,2027-05,,IN,,,,,,,,
221,2027-05,,IN,,,,,,,,
226,2027-05,,IN,,,,,,,,
222,2027-05,,IN,,,,,,,,
224,2027-05,,IN,,,,,,,,
223,2027-05,,IN,,,,,,,,
225,2027-05,,IN,,,,,,,,
230,2027-05,,IN,,,,,,,,
231,2027-05,,IN,,,,,,,,
,2027-05,,IN,,,,,,,,
,2027-05,,IN,,,,,,,,
,2027-05,,IN,,,,,,,,
,2027-05,,IN,,,,,,,,
,2027-05,,IN,,,,,,,,
,2027-05,,IN,,,,,,,,
,2027-05,,IN,,,,,,,,
,2027-05,,IN,,,,,,,,
,2027-05,,IN,,,,,,,,
,2027-05,,IN,,,,,,,,
301,2027-05,Carbelle,IN,,,,,,,,
,2027-05,,IN,,,,,,,,
303,2027-05,Carbelle,IN,,,,,,,,
304,2027-05,Carbelle,IN,,,,,,,,
305,2027-05,,IN,,,,,,,,
306,2027-05,,IN,,,,,,,,
307,2027-05,,IN,,,,,,,,
367,2027-05,,IN,,,,,,,,
308,2027-05,,IN,,,,,,,,
319,2027-05,,IN,,,,,,,,
309,2027-05,,IN,,,,,,,,
310,2027-05,,IN,,,,,,,,
311,2027-05,,IN,,,,,,,,
312,2027-05,,IN,,,,,,,,
313,2027-05,,IN,,,,,,,,
314,2027-05,,IN,,,,,,,,
315,2027-05,,IN,,,,,,,,
316,2027-05,,IN,,,,,,,,
317,2027-05,,IN,,,,,,,,
318,2027-05,,IN,,,,,,,,
320,2027-05,,IN,,,,,,,,
321,2027-05,,IN,,,,,,,,
,2027-05,,IN,,,,,,,,
323,2027-05,,IN,,,,,,,,
324,2027-05,,IN,,,,,,,,
325,2027-05,,IN,,,,,,,,
326,2027-05,,IN,,,,,,,,
327,2027-05,,IN,,,,,,,,
328,2027-05,,IN,,,,,,,,
329,2027-05,,IN,,,,,,,,
330,2027-05,,IN,,,,,,,,
331,2027-05,Carbelle,IN,,,,,,,,
332,2027-05,Carbelle,IN,,,,,,,,
333,2027-05,,IN,,,,,,,,
334,2027-05,,IN,,,,,,,,
335,2027-05,Carbelle / DEMA,IN,,,,,,,,
336,2027-05,Immo Toma ,IN,,,,,,,,
337,2027-05,Carbelle,IN,,,,,,,,
338,2027-05,,IN,,,,,,,,
339,2027-05,,IN,,,,,,,,
340,2027-05,Carbelle,IN,,,,,,,,
341,2027-05,Carbelle,IN,,,,,,,,
365,2027-05,,IN,,,,,,,,
342,2027-05,Carbelle,IN,,,,,,,,
343,2027-05,Carbelle,IN,,,,,,,,
344,2027-05,Immo Toma ,IN,,,,,,,,
363,2027-05,DEMA,IN,,,,,,,,
345,2027-05,,IN,,,,,,,,
346,2027-05,,IN,,,,,,,,
359,2027-05,,IN,,,,,,,,
360,2027-05,,IN,,,,,,,,
361,2027-05,,IN,,,,,,,,
,2027-05,,IN,,,,,,,,
347,2027-05,BP Martelange,IN,,,,,,,,
348,2027-05,Carbelle,IN,,,,,,,,
349,2027-05,Carbelle / DEMA,IN,,,,,,,,
350,2027-05,Carbelle,IN,,,,,,,,
351,2027-05,Carbelle / DEMA,IN,,,,,,,,
352,2027-05,,IN,,,,,,,,
353,2027-05,,IN,,,,,,,,
,2027-05,,IN,,,,,,,,
354,2027-05,,IN,,,,,,,,
355,2027-05,,IN,,,,,,,,
356,2027-05,Immo Toma ,IN,,,,,,,,
357,2027-05,,IN,,,,,,,,
,2027-05,,IN,,,,,,,,
,2027-05,,IN,,,,,,,,
,2027-05,,IN,,,,,,,,
,2027-05,,IN,,,,,,,,
,2027-05,,IN,,,,,,,,
401,2027-05,Carbelle,IN,,,,,,,,
402,2027-05,Carbelle,IN,IN,,,,,,,
403,2027-05,Immo Toma ,IN,,,,,,,,
404,2027-05,Carbelle,IN,,,,,,,,
405,2027-05,,IN,,,,,,,,
406,2027-05,,IN,,,,,,,,
407,2027-05,Carbelle,IN,,,,,,,,
408,2027-05,Carbelle,IN,,,,,,,,
409,2027-05,,IN,,,,,,,,
415,2027-05,Carbelle,IN,,,,,,,,
,2027-05,,IN,,,,,,,,
,2027-05,,IN,,,,,,,,
,2027-05,,IN,,,,,,,,
,2027-05,,IN,,,,,,,,
,2027-05,,IN,,,,,,,,
,2027-05,,IN,,,,,,,,
,2027-05,,IN,,,,,,,,
,2027-05,,IN,,,,,,,,
,2027-05,,IN,,,,,,,,
501,2027-05,,IN,,,,,,,,
502,2027-05,DPS,IN,,,,,,,,
,2027-05,DPS,IN,,,,,,,,
,2027-05,DPS,IN,,,,,,,,
505,2027-05,DPS,IN,,,,,,,,
506,2027-05,,IN,,,,,,,,
507,2027-05,DPS,IN,,,,,,,,
508,2027-05,,IN,,,,,,,,
509,2027-05,,IN,,,,,,,,
510,2027-05,DPS,IN,,,,,,,,
,2027-05,,IN,,,,,,,,
,2027-05,,IN,,,,,,,,
527,2027-05,,IN,,,,,,,,
512,2027-05,DPS,IN,,,,,,,,
513,2027-05,,IN,,,,,,,,
514,2027-05,,IN,,,,,,,,
515,2027-05,,IN,,,,,,,,
517,2027-05,,IN,,,,,,,,
518,2027-05,,IN,,,,,,,,
,2027-05,,IN,,,,,,,,
520,2027-05,,IN,,,,,,,,
521,2027-05,,IN,,,,,,,,
525,2027-05,,IN,,,,,,,,
530,2027-05,DPS,IN,,,,,,,,
,2027-05,,IN,,,,,,,,
,2027-05,,IN,,,,,,,,
,2027-05,,IN,,,,,,,,
,2027-05,,IN,,,,,,,,
,2027-05,,IN,,,,,,,,
,2027-05,,IN,,,,,,,,
,2027-05,,IN,,,,,,,,
,2027-05,,IN,,,,,,,,
,2027-05,,IN,,,,,,,,
,2027-05,,IN,,,,,,,,
,2027-05,,IN,,,,,,,,
,2027-05,,IN,,,,,,,,
,2027-05,,IN,,,,,,,,
,2027-05,,OUT,,,,,,,,
102,2027-05,DEMA,OUT,,,,,,,,
,2027-05,,OUT,,,,,,,,
104,2027-05,,OUT,,,,,,,,
105,2027-05,,OUT,,,,,,,,
106,2027-05,,OUT,,,,,,,,
107,2027-05,,OUT,,,,,,,,
108,2027-05,,OUT,,,,,,,,
109,2027-05,,OUT,,,,,,,,
110,2027-05,,OUT,,,,,,,,
111,2027-05,,OUT,,,,,,,,
112,2027-05,,OUT,,,,,,,,
113,2027-05,,OUT,,,,,,,,
114,2027-05,,OUT,,,,,,,,
,2027-05,,OUT,,,,,,,,
,2027-05,,OUT,,,,,,,,
,2027-05,,OUT,,,,,,,,
,2027-05,,OUT,,,,,,,,
,2027-05,,OUT,,,,,,,,
,2027-05,,OUT,,,,,,,,
,2027-05,,OUT,,,,,,,,
,2027-05,,OUT,,,,,,,,
,2027-05,,OUT,,,,,,,,
,2027-05,,OUT,,,,,,,,
201,2027-05,,OUT,,,,,,,,
202,2027-05,,OUT,,,,,,,,
203,2027-05,,OUT,,,,,,,,
204,2027-05,,OUT,,,,,,,,
205,2027-05,,OUT,,,,,,,,
206,2027-05,,OUT,,,,,,,,
207,2027-05,,OUT,,,,,,,,
208,2027-05,,OUT,,,,,,,,
209,2027-05,,OUT,,,,,,,,
210,2027-05,,OUT,,,,,,,,
211,2027-05,,OUT,,,,,,,,
212,2027-05,,OUT,,,,,,,,
213,2027-05,,OUT,,,,,,,,
214,2027-05,,OUT,,,,,,,,
215,2027-05,,OUT,,,,,,,,
216,2027-05,,OUT,,,,,,,,
227,2027-05,,OUT,,,,,,,,
217,2027-05,,OUT,,,,,,,,
218,2027-05,,OUT,,,,,,,,
,2027-05,,OUT,,,,,,,,
220,2027-05,,OUT,,,,,,,,
221,2027-05,,OUT,,,,,,,,
226,2027-05,,OUT,,,,,,,,
222,2027-05,,OUT,,,,,,,,
224,2027-05,,OUT,,,,,,,,
223,2027-05,,OUT,,,,,,,,
225,2027-05,,OUT,,,,,,,,
230,2027-05,DEMA,OUT,,,,,,,,
231,2027-05,,OUT,,,,,,,,
,2027-05,,OUT,,,,,,,,
,2027-05,,OUT,,,,,,,,
,2027-05,,OUT,,,,,,,,
,2027-05,,OUT,,,,,,,,
,2027-05,,OUT,,,,,,,,
,2027-05,,OUT,,,,,,,,
,2027-05,,OUT,,,,,,,,
,2027-05,,OUT,,,,,,,,
,2027-05,,OUT,,,,,,,,
,2027-05,,OUT,,,,,,,,
301,2027-05,,OUT,,,,,,,,
,2027-05,,OUT,,,,,,,,
303,2027-05,,OUT,,,,,,,,
304,2027-05,,OUT,,,,,,,,
305,2027-05,,OUT,,,,,,,,
306,2027-05,,OUT,,,,,,,,
307,2027-05,,OUT,,,,,,,,
367,2027-05,,OUT,,,,,,,,
308,2027-05,,OUT,,,,,,,,
319,2027-05,,OUT,,,,,,,,
309,2027-05,,OUT,,,,,,,,
310,2027-05,,OUT,,,,,,,,
311,2027-05,,OUT,,,,,,,,
312,2027-05,,OUT,,,,,,,,
313,2027-05,,OUT,,,,,,,,
314,2027-05,,OUT,,,,,,,,
315,2027-05,,OUT,,,,,,,,
316,2027-05,,OUT,,,,,,,,
317,2027-05,,OUT,,,,,,,,
318,2027-05,,OUT,,,,,,,,
320,2027-05,,OUT,,,,,,,,
321,2027-05,,OUT,,,,,,,,
,2027-05,,OUT,,,,,,,,
323,2027-05,,OUT,,,,,,,,
324,2027-05,,OUT,,,,,,,,
325,2027-05,DEMA,OUT,,,,,,,,
326,2027-05,,OUT,,,,,,,,
327,2027-05,,OUT,,,,,,,,
328,2027-05,,OUT,,,,,,,,
329,2027-05,,OUT,,,,,,,,
330,2027-05,DEMA,OUT,,,,,,,,
331,2027-05,DEMA,OUT,,,,,,,,
332,2027-05,,OUT,,,,,,,,
333,2027-05,,OUT,,,,,,,,
334,2027-05,Bloqué,OUT,,,,,,,,
335,2027-05,,OUT,,,,,,,,
336,2027-05,,OUT,,,,,,,,
337,2027-05,,OUT,,,,,,,,
338,2027-05,,OUT,,,,,,,,
339,2027-05,,OUT,,,,,,,,
340,2027-05,,OUT,,,,,,,,
341,2027-05,,OUT,,,,,,,,
365,2027-05,,OUT,,,,,,,,
342,2027-05,,OUT,,,,,,,,
343,2027-05,,OUT,,,,,,,,
344,2027-05,,OUT,,,,,,,,
363,2027-05,DPS,OUT,,,,,,,,
345,2027-05,,OUT,,,,,,,,
346,2027-05,,OUT,,,,,,,,
359,2027-05,,OUT,,,,,,,,
360,2027-05,,OUT,,,,,,,,
361,2027-05,,OUT,,,,,,,,
,2027-05,,OUT,,,,,,,,
347,2027-05,Carbelle,OUT,,,,,,,,
348,2027-05,,OUT,,,,,,,,
349,2027-05,,OUT,,,,,,,,
350,2027-05,,OUT,,,,,,,,
351,2027-05,,OUT,,,,,,,,
352,2027-05,,OUT,,,,,,,,
353,2027-05,,OUT,,,,,,,,
,2027-05,,OUT,,,,,,,,
354,2027-05,,OUT,,,,,,,,
355,2027-05,,OUT,,,,,,,,
356,2027-05,,OUT,,,,,,,,
357,2027-05,,OUT,,,,,,,,
,2027-05,,OUT,,,,,,,,
,2027-05,,OUT,,,,,,,,
,2027-05,,OUT,,,,,,,,
,2027-05,,OUT,,,,,,,,
,2027-05,,OUT,,,,,,,,
401,2027-05,,OUT,,,,,,,,
402,2027-05,,OUT,,,,,,,,
403,2027-05,Carbelle,OUT,,,,,,,,
404,2027-05,,OUT,,,,,,,,
405,2027-05,,OUT,,,,,,,,
406,2027-05,,OUT,,,,,,,,
407,2027-05,DEMA,OUT,,,,,,,,
408,2027-05,,OUT,,,,,,,,
409,2027-05,,OUT,,,,,,,,
415,2027-05,,OUT,,,,,,,,
,2027-05,,OUT,,,,,,,,
,2027-05,,OUT,,,,,,,,
,2027-05,,OUT,,,,,,,,
,2027-05,,OUT,,,,,,,,
,2027-05,,OUT,,,,,,,,
,2027-05,,OUT,,,,,,,,
,2027-05,,OUT,,,,,,,,
,2027-05,,OUT,,,,,,,,
,2027-05,,OUT,,,,,,,,
501,2027-05,DPS,OUT,,,,,,,,
502,2027-05,Carbelle,OUT,,,,,,,,
,2027-05,Carbelle,OUT,,,,,,,,
,2027-05,Carbelle,OUT,,,,,,,,
505,2027-05,Carbelle,OUT,,,,,,,,
506,2027-05,DPS,OUT,,,,,,,,
507,2027-05,,OUT,,,,,,,,
508,2027-05,DPS,OUT,,,,,,,,
509,2027-05,,OUT,,,,,,,,
510,2027-05,,OUT,,,,,,,,
,2027-05,,OUT,,,,,,,,
,2027-05,,OUT,,,,,,,,
527,2027-05,,OUT,,,,,,,,
512,2027-05,,OUT,,,,,,,,
513,2027-05,,OUT,,,,,,,,
514,2027-05,,OUT,,,,,,,,
515,2027-05,,OUT,,,,,,,,
517,2027-05,,OUT,,,,,,,,
518,2027-05,,OUT,,,,,,,,
,2027-05,,OUT,,,,,,,,
520,2027-05,,OUT,,,,,,,,
521,2027-05,,OUT,,,,,,,,
525,2027-05,DEMA,OUT,,,,,,,,
530,2027-05,,OUT,,,,,,,,
,2027-05,,OUT,,,,,,,,
,2027-05,,OUT,,,,,,,,
,2027-05,,OUT,,,,,,,,
,2027-05,,OUT,,,,,,,,
,2027-05,,OUT,,,,,,,,
,2027-05,,OUT,,,,,,,,
,2027-05,,OUT,,,,,,,,
,2027-05,,OUT,,,,,,,,
,2027-05,,OUT,,,,,,,,
,2027-05,,OUT,,,,,,,,
,2027-05,,OUT,,,,,,,,
,2027-05,,OUT,,,,,,,,
,2027-05,,OUT,,,,,,,,
,2027-06,,IN,,,,,,,,
102,2027-06,,IN,,,,,,,,
,2027-06,,IN,,,,,,,,
104,2027-06,Schmidt cuisines- Wavre ,IN,,,,,,,,
105,2027-06,CLL- langues,IN,,,,,,,,
106,2027-06,CLL- langues,IN,,,,,,,,
107,2027-06,Schmidt cuisines- Wavre ,IN,,,,,,,,
108,2027-06,CLL- langues,IN,,,,,,,,
109,2027-06,,IN,,,,,,,,
110,2027-06,,IN,,,,,,,,
111,2027-06,Schmidt cuisines- Wavre ,IN,,,,,,,,
112,2027-06,,IN,,,,,,,,
113,2027-06,,IN,,,,,,,,
114,2027-06,,IN,,,,,,,,
,2027-06,,IN,,,,,,,,
,2027-06,,IN,,,,,,,,
,2027-06,,IN,,,,,,,,
,2027-06,,IN,,,,,,,,
,2027-06,,IN,,,,,,,,
,2027-06,,IN,,,,,,,,
,2027-06,,IN,,,,,,,,
,2027-06,,IN,,,,,,,,
,2027-06,,IN,,,,,,,,
,2027-06,,IN,,,,,,,,
201,2027-06,,IN,,,,,,,,
202,2027-06,,IN,,,,,,,,
203,2027-06,,IN,,,,,,,,
204,2027-06,,IN,,,,,,,,
205,2027-06,,IN,,,,,,,,
206,2027-06,,IN,,,,,,,,
207,2027-06,,IN,,,,,,,,
208,2027-06,,IN,,,,,,,,
209,2027-06,,IN,,,,,,,,
210,2027-06,,IN,,,,,,,,
211,2027-06,,IN,,,,,,,,
212,2027-06,,IN,,,,,,,,
213,2027-06,,IN,,,,,,,,
214,2027-06,,IN,,,,,,,,
215,2027-06,,IN,,,,,,,,
216,2027-06,,IN,,,,,,,,
227,2027-06,,IN,,,,,,,,
217,2027-06,,IN,,,,,,,,
218,2027-06,,IN,,,,,,,,
,2027-06,,IN,,,,,,,,
220,2027-06,,IN,,,,,,,,
221,2027-06,,IN,,,,,,,,
226,2027-06,,IN,,,,,,,,
222,2027-06,,IN,,,,,,,,
224,2027-06,,IN,,,,,,,,
223,2027-06,,IN,,,,,,,,
225,2027-06,DEMA,IN,,,,,,,,
230,2027-06,,IN,,,,,,,,
231,2027-06,,IN,,,,,,,,
,2027-06,,IN,,,,,,,,
,2027-06,,IN,,,,,,,,
,2027-06,,IN,,,,,,,,
,2027-06,,IN,,,,,,,,
,2027-06,,IN,,,,,,,,
,2027-06,,IN,,,,,,,,
,2027-06,,IN,,,,,,,,
,2027-06,,IN,,,,,,,,
,2027-06,,IN,,,,,,,,
,2027-06,,IN,,,,,,,,
301,2027-06,,IN,,,,,,,,
,2027-06,,IN,,,,,,,,
303,2027-06,,IN,,,,,,,,
304,2027-06,,IN,,,,,,,,
305,2027-06,,IN,,,,,,,,
306,2027-06,,IN,,,,,,,,
307,2027-06,,IN,,,,,,,,
367,2027-06,,IN,,,,,,,,
308,2027-06,,IN,,,,,,,,
319,2027-06,,IN,,,,,,,,
309,2027-06,,IN,,,,,,,,
310,2027-06,,IN,,,,,,,,
311,2027-06,DPS,IN,,,,,,,,
312,2027-06,,IN,,,,,,,,
313,2027-06,,IN,,,,,,,,
314,2027-06,,IN,,,,,,,,
315,2027-06,,IN,,,,,,,,
316,2027-06,,IN,,,,,,,,
317,2027-06,,IN,,,,,,,,
318,2027-06,,IN,,,,,,,,
320,2027-06,,IN,,,,,,,,
321,2027-06,,IN,,,,,,,,
,2027-06,,IN,,,,,,,,
323,2027-06,,IN,,,,,,,,
324,2027-06,,IN,,,,,,,,
325,2027-06,,IN,,,,,,,,
326,2027-06,,IN,,,,,,,,
327,2027-06,,IN,,,,,,,,
328,2027-06,,IN,,,,,,,,
329,2027-06,,IN,,,,,,,,
330,2027-06,,IN,,,,,,,,
331,2027-06,,IN,,,,,,,,
332,2027-06,,IN,,,,,,,,
333,2027-06,,IN,,,,,,,,
334,2027-06,Immmo Toma ,IN,,,,,,,,
335,2027-06,,IN,,,,,,,,
336,2027-06,,IN,,,,,,,,
337,2027-06,,IN,,,,,,,,
338,2027-06,Immo Toma ,IN,,,,,,,,
339,2027-06,,IN,,,,,,,,
340,2027-06,,IN,,,,,,,,
341,2027-06,,IN,,,,,,,,
365,2027-06,,IN,,,,,,,,
342,2027-06,Concours Arville,IN,,,,,,,,
343,2027-06,Concours Arville,IN,,,,,,,,
344,2027-06,,IN,,,,,,,,
363,2027-06,,IN,,,,,,,,
345,2027-06,,IN,,,,,,,,
346,2027-06,,IN,,,,,,,,
359,2027-06,,IN,,,,,,,,
360,2027-06,,IN,,,,,,,,
361,2027-06,,IN,,,,,,,,
,2027-06,,IN,,,,,,,,
347,2027-06,BP Martelange,IN,,,,,,,,
348,2027-06,,IN,,,,,,,,
349,2027-06,DEMA,IN,,,,,,,,
350,2027-06,,IN,,,,,,,,
351,2027-06,DEMA,IN,,,,,,,,
352,2027-06,,IN,,,,,,,,
353,2027-06,,IN,,,,,,,,
,2027-06,,IN,,,,,,,,
354,2027-06,Immo Toma ,IN,,,,,,,,
355,2027-06,,IN,,,,,,,,
356,2027-06,,IN,,,,,,,,
357,2027-06,,IN,,,,,,,,
,2027-06,,IN,,,,,,,,
,2027-06,,IN,,,,,,,,
,2027-06,,IN,,,,,,,,
,2027-06,,IN,,,,,,,,
,2027-06,,IN,,,,,,,,
401,2027-06,Immo Toma ,IN,,,,,,,,
402,2027-06,,IN,,,,,,,,
403,2027-06,,IN,,,,,,,,
404,2027-06,,IN,,,,,,,,
405,2027-06,DEMA,IN,,,,,,,,
406,2027-06,,IN,,,,,,,,
407,2027-06,,IN,,,,,,,,
408,2027-06,DEMA,IN,,,,,,,,
409,2027-06,,IN,,,,,,,,
415,2027-06,,IN,,,,,,,,
,2027-06,,IN,,,,,,,,
,2027-06,,IN,,,,,,,,
,2027-06,,IN,,,,,,,,
,2027-06,,IN,,,,,,,,
,2027-06,,IN,,,,,,,,
,2027-06,,IN,,,,,,,,
,2027-06,,IN,,,,,,,,
,2027-06,,IN,,,,,,,,
,2027-06,,IN,,,,,,,,
501,2027-06,,IN,,,,,,,,
502,2027-06,DPS,IN,,,,,,,,
,2027-06,DPS,IN,,,,,,,,
,2027-06,DPS,IN,,,,,,,,
505,2027-06,DPS,IN,,,,,,,,
506,2027-06,,IN,,,,,,,,
507,2027-06,DPS,IN,,,,,,,,
508,2027-06,,IN,,,,,,,,
509,2027-06,,IN,,,,,,,,
510,2027-06,DPS,IN,,,,,,,,
,2027-06,,IN,,,,,,,,
,2027-06,,IN,,,,,,,,
527,2027-06,,IN,,,,,,,,
512,2027-06,DPS,IN,,,,,,,,
513,2027-06,,IN,,,,,,,,
514,2027-06,,IN,,,,,,,,
515,2027-06,,IN,,,,,,,,
517,2027-06,,IN,,,,,,,,
518,2027-06,,IN,,,,,,,,
,2027-06,,IN,,,,,,,,
520,2027-06,,IN,,,,,,,,
521,2027-06,,IN,,,,,,,,
525,2027-06,,IN,,,,,,,,
530,2027-06,DPS,IN,,,,,,,,
,2027-06,,IN,,,,,,,,
,2027-06,,IN,,,,,,,,
,2027-06,,IN,,,,,,,,
,2027-06,,IN,,,,,,,,
,2027-06,,IN,,,,,,,,
,2027-06,,IN,,,,,,,,
,2027-06,,IN,,,,,,,,
,2027-06,,IN,,,,,,,,
,2027-06,,IN,,,,,,,,
,2027-06,,IN,,,,,,,,
,2027-06,,IN,,,,,,,,
,2027-06,,IN,,,,,,,,
,2027-06,,IN,,,,,,,,
,2027-06,,OUT,,,,,,,,
102,2027-06,,OUT,,,,,,,,
,2027-06,,OUT,,,,,,,,
104,2027-06,,OUT,,,,,,,,
105,2027-06,,OUT,,,,,,,,
106,2027-06,Schmidt cuisines- Wavre ,OUT,,,,,,,,
107,2027-06,,OUT,,,,,,,,
108,2027-06,Schmidt cuisines- Wavre ,OUT,,,,,,,,
109,2027-06,,OUT,,,,,,,,
110,2027-06,,OUT,,,,,,,,
111,2027-06,,OUT,,,,,,,,
112,2027-06,,OUT,,,,,,,,
113,2027-06,,OUT,,,,,,,,
114,2027-06,,OUT,,,,,,,,
,2027-06,,OUT,,,,,,,,
,2027-06,,OUT,,,,,,,,
,2027-06,,OUT,,,,,,,,
,2027-06,,OUT,,,,,,,,
,2027-06,,OUT,,,,,,,,
,2027-06,,OUT,,,,,,,,
,2027-06,,OUT,,,,,,,,
,2027-06,,OUT,,,,,,,,
,2027-06,,OUT,,,,,,,,
,2027-06,,OUT,,,,,,,,
201,2027-06,,OUT,,,,,,,,
202,2027-06,,OUT,,,,,,,,
203,2027-06,,OUT,,,,,,,,
204,2027-06,,OUT,,,,,,,,
205,2027-06,,OUT,,,,,,,,
206,2027-06,,OUT,,,,,,,,
207,2027-06,,OUT,,,,,,,,
208,2027-06,,OUT,,,,,,,,
209,2027-06,,OUT,,,,,,,,
210,2027-06,,OUT,,,,,,,,
211,2027-06,,OUT,,,,,,,,
212,2027-06,,OUT,,,,,,,,
213,2027-06,,OUT,,,,,,,,
214,2027-06,,OUT,,,,,,,,
215,2027-06,,OUT,,,,,,,,
216,2027-06,,OUT,,,,,,,,
227,2027-06,,OUT,,,,,,,,
217,2027-06,,OUT,,,,,,,,
218,2027-06,,OUT,,,,,,,,
,2027-06,,OUT,,,,,,,,
220,2027-06,,OUT,,,,,,,,
221,2027-06,,OUT,,,,,,,,
226,2027-06,,OUT,,,,,,,,
222,2027-06,,OUT,,,,,,,,
224,2027-06,,OUT,,,,,,,,
223,2027-06,,OUT,,,,,,,,
225,2027-06,,OUT,,,,,,,,
230,2027-06,DEMA,OUT,,,,,,,,
231,2027-06,,OUT,,,,,,,,
,2027-06,,OUT,,,,,,,,
,2027-06,,OUT,,,,,,,,
,2027-06,,OUT,,,,,,,,
,2027-06,,OUT,,,,,,,,
,2027-06,,OUT,,,,,,,,
,2027-06,,OUT,,,,,,,,
,2027-06,,OUT,,,,,,,,
,2027-06,,OUT,,,,,,,,
,2027-06,,OUT,,,,,,,,
,2027-06,,OUT,,,,,,,,
301,2027-06,,OUT,,,,,,,,
,2027-06,,OUT,,,,,,,,
303,2027-06,,OUT,,,,,,,,
304,2027-06,,OUT,,,,,,,,
305,2027-06,,OUT,,,,,,,,
306,2027-06,,OUT,,,,,,,,
307,2027-06,,OUT,,,,,,,,
367,2027-06,,OUT,,,,,,,,
308,2027-06,,OUT,,,,,,,,
319,2027-06,,OUT,,,,,,,,
309,2027-06,,OUT,,,,,,,,
310,2027-06,,OUT,,,,,,,,
311,2027-06,,OUT,,,,,,,,
312,2027-06,,OUT,,,,,,,,
313,2027-06,,OUT,,,,,,,,
314,2027-06,,OUT,,,,,,,,
315,2027-06,,OUT,,,,,,,,
316,2027-06,,OUT,,,,,,,,
317,2027-06,,OUT,,,,,,,,
318,2027-06,,OUT,,,,,,,,
320,2027-06,,OUT,,,,,,,,
321,2027-06,,OUT,,,,,,,,
,2027-06,,OUT,,,,,,,,
323,2027-06,,OUT,,,,,,,,
324,2027-06,,OUT,,,,,,,,
325,2027-06,,OUT,,,,,,,,
326,2027-06,,OUT,,,,,,,,
327,2027-06,,OUT,,,,,,,,
328,2027-06,,OUT,,,,,,,,
329,2027-06,,OUT,,,,,,,,
330,2027-06,DEMA,OUT,,,,,,,,
331,2027-06,,OUT,,,,,,,,
332,2027-06,,OUT,,,,,,,,
333,2027-06,DEMA,OUT,,,,,,,,
334,2027-06,Bloqué,OUT,,,,,,,,
335,2027-06,,OUT,,,,,,,,
336,2027-06,,OUT,,,,,,,,
337,2027-06,,OUT,,,,,,,,
338,2027-06,,OUT,,,,,,,,
339,2027-06,,OUT,,,,,,,,
340,2027-06,,OUT,,,,,,,,
341,2027-06,,OUT,,,,,,,,
365,2027-06,,OUT,,,,,,,,
342,2027-06,,OUT,,,,,,,,
343,2027-06,Concours Arville,OUT,,,,,,,,
344,2027-06,,OUT,,,,,,,,
363,2027-06,DEMA,OUT,,,,,,,,
345,2027-06,,OUT,,,,,,,,
346,2027-06,,OUT,,,,,,,,
359,2027-06,,OUT,,,,,,,,
360,2027-06,,OUT,,,,,,,,
361,2027-06,,OUT,,,,,,,,
,2027-06,,OUT,,,,,,,,
347,2027-06,,OUT,,,,,,,,
348,2027-06,,OUT,,,,,,,,
349,2027-06,,OUT,,,,,,,,
350,2027-06,DPS,OUT,,,,,,,,
351,2027-06,,OUT,,,,,,,,
352,2027-06,,OUT,,,,,,,,
353,2027-06,,OUT,,,,,,,,
,2027-06,,OUT,,,,,,,,
354,2027-06,,OUT,,,,,,,,
355,2027-06,,OUT,,,,,,,,
356,2027-06,,OUT,,,,,,,,
357,2027-06,,OUT,,,,,,,,
,2027-06,,OUT,,,,,,,,
,2027-06,,OUT,,,,,,,,
,2027-06,,OUT,,,,,,,,
,2027-06,,OUT,,,,,,,,
,2027-06,,OUT,,,,,,,,
401,2027-06,,OUT,,,,,,,,
402,2027-06,,OUT,,,,,,,,
403,2027-06,,OUT,,,,,,,,
404,2027-06,,OUT,,,,,,,,
405,2027-06,,OUT,,,,,,,,
406,2027-06,,OUT,,,,,,,,
407,2027-06,,OUT,,,,,,,,
408,2027-06,,OUT,,,,,,,,
409,2027-06,DEMA,OUT,,,,,,,,
415,2027-06,,OUT,,,,,,,,
,2027-06,,OUT,,,,,,,,
,2027-06,,OUT,,,,,,,,
,2027-06,,OUT,,,,,,,,
,2027-06,,OUT,,,,,,,,
,2027-06,,OUT,,,,,,,,
,2027-06,,OUT,,,,,,,,
,2027-06,,OUT,,,,,,,,
,2027-06,,OUT,,,,,,,,
,2027-06,,OUT,,,,,,,,
501,2027-06,DPS,OUT,,,,,,,,
502,2027-06,Carbelle,OUT,,,,,,,,
,2027-06,Carbelle,OUT,,,,,,,,
,2027-06,Carbelle,OUT,,,,,,,,
505,2027-06,Carbelle,OUT,,,,,,,,
506,2027-06,DPS,OUT,,,,,,,,
507,2027-06,,OUT,,,,,,,,
508,2027-06,DPS,OUT,,,,,,,,
509,2027-06,,OUT,,,,,,,,
510,2027-06,,OUT,,,,,,,,
,2027-06,,OUT,,,,,,,,
,2027-06,,OUT,,,,,,,,
527,2027-06,,OUT,,,,,,,,
512,2027-06,,OUT,,,,,,,,
513,2027-06,,OUT,,,,,,,,
514,2027-06,,OUT,,,,,,,,
515,2027-06,,OUT,,,,,,,,
517,2027-06,,OUT,,,,,,,,
518,2027-06,,OUT,,,,,,,,
,2027-06,,OUT,,,,,,,,
520,2027-06,,OUT,,,,,,,,
521,2027-06,,OUT,,,,,,,,
525,2027-06,DEMA,OUT,,,,,,,,
530,2027-06,,OUT,,,,,,,,
,2027-06,,OUT,,,,,,,,
,2027-06,,OUT,,,,,,,,
,2027-06,,OUT,,,,,,,,
,2027-06,,OUT,,,,,,,,
,2027-06,,OUT,,,,,,,,
,2027-06,,OUT,,,,,,,,
,2027-06,,OUT,,,,,,,,
,2027-06,,OUT,,,,,,,,
,2027-06,,OUT,,,,,,,,
,2027-06,,OUT,,,,,,,,
,2027-06,,OUT,,,,,,,,
,2027-06,,OUT,,,,,,,,
,2027-06,,OUT,,,,,,,,
,2027-07,,IN,,,,,,,,
102,2027-07,DEMA,IN,,,,,,,,
,2027-07,,IN,,,,,,,,
104,2027-07,,IN,,,,,,,,
105,2027-07,DEMA,IN,,,,,,,,
106,2027-07,,IN,,,,,,,,
107,2027-07,,IN,,,,,,,,
108,2027-07,Schmidt cuisines- Wavre ,IN,,,,,,,,
109,2027-07,,IN,,,,,,,,
110,2027-07,,IN,,,,,,,,
111,2027-07,Schmidt cuisines- Wavre ,IN,,,,,,,,
112,2027-07,,IN,,,,,,,,
113,2027-07,,IN,,,,,,,,
114,2027-07,,IN,,,,,,,,
,2027-07,,IN,,,,,,,,
,2027-07,,IN,,,,,,,,
,2027-07,,IN,,,,,,,,
,2027-07,,IN,,,,,,,,
,2027-07,,IN,,,,,,,,
,2027-07,,IN,,,,,,,,
,2027-07,,IN,,,,,,,,
,2027-07,,IN,,,,,,,,
,2027-07,,IN,,,,,,,,
,2027-07,,IN,,,,,,,,
201,2027-07,,IN,,,,,,,,
202,2027-07,,IN,,,,,,,,
203,2027-07,,IN,,,,,,,,
204,2027-07,,IN,,,,,,,,
205,2027-07,,IN,,,,,,,,
206,2027-07,,IN,,,,,,,,
207,2027-07,,IN,,,,,,,,
208,2027-07,,IN,,,,,,,,
209,2027-07,,IN,,,,,,,,
210,2027-07,Grottes de Han,IN,,,,,,,,
211,2027-07,,IN,,,,,,,,
212,2027-07,,IN,,,,,,,,
213,2027-07,,IN,,,,,,,,
214,2027-07,,IN,,,,,,,,
215,2027-07,,IN,,,,,,,,
216,2027-07,,IN,,,,,,,,
227,2027-07,,IN,,,,,,,,
217,2027-07,,IN,,,,,,,,
218,2027-07,,IN,,,,,,,,
,2027-07,,IN,,,,,,,,
220,2027-07,,IN,,,,,,,,
221,2027-07,,IN,,,,,,,,
226,2027-07,,IN,,,,,,,,
222,2027-07,,IN,,,,,,,,
224,2027-07,,IN,,,,,,,,
223,2027-07,,IN,,,,,,,,
225,2027-07,DEMA,IN,,,,,,,,
230,2027-07,Grottes de Han,IN,,,,,,,,
231,2027-07,,IN,,,,,,,,
,2027-07,,IN,,,,,,,,
,2027-07,,IN,,,,,,,,
,2027-07,,IN,,,,,,,,
,2027-07,,IN,,,,,,,,
,2027-07,,IN,,,,,,,,
,2027-07,,IN,,,,,,,,
,2027-07,,IN,,,,,,,,
,2027-07,,IN,,,,,,,,
,2027-07,,IN,,,,,,,,
,2027-07,,IN,,,,,,,,
301,2027-07,,IN,,,,,,,,
,2027-07,,IN,,,,,,,,
303,2027-07,,IN,,,,,,,,
304,2027-07,,IN,,,,,,,,
305,2027-07,,IN,,,,,,,,
306,2027-07,,IN,,,,,,,,
307,2027-07,,IN,,,,,,,,
367,2027-07,,IN,,,,,,,,
308,2027-07,,IN,,,,,,,,
319,2027-07,,IN,,,,,,,,
309,2027-07,,IN,,,,,,,,
310,2027-07,,IN,,,,,,,,
311,2027-07,,IN,,,,,,,,
312,2027-07,,IN,,,,,,,,
313,2027-07,,IN,,,,,,,,
314,2027-07,,IN,,,,,,,,
315,2027-07,,IN,,,,,,,,
316,2027-07,,IN,,,,,,,,
317,2027-07,,IN,,,,,,,,
318,2027-07,,IN,,,,,,,,
320,2027-07,,IN,,,,,,,,
321,2027-07,,IN,,,,,,,,
,2027-07,,IN,,,,,,,,
323,2027-07,,IN,,,,,,,,
324,2027-07,,IN,,,,,,,,
325,2027-07,,IN,,,,,,,,
326,2027-07,,IN,,,,,,,,
327,2027-07,Grottes de Han,IN,,,,,,,,
328,2027-07,,IN,,,,,,,,
329,2027-07,,IN,,,,,,,,
330,2027-07,,IN,,,,,,,,
331,2027-07,DEMA,IN,,,,,,,,
332,2027-07,,IN,,,,,,,,
333,2027-07,,IN,,,,,,,,
334,2027-07,,IN,,,,,,,,
335,2027-07,DEMA,IN,,,,,,,,
336,2027-07,,IN,,,,,,,,
337,2027-07,Immo Toma ,IN,,,,,,,,
338,2027-07,,IN,,,,,,,,
339,2027-07,Immo Toma ,IN,,,,,,,,
340,2027-07,,IN,,,,,,,,
341,2027-07,DPS,IN,,,,,,,,
365,2027-07,,IN,,,,,,,,
342,2027-07,Concours Arville,IN,,,,,,,,
343,2027-07,Concours Arville,IN,,,,,,,,
344,2027-07,,IN,,,,,,,,
363,2027-07,Grottes de Han,IN,,,,,,,,
345,2027-07,,IN,,,,,,,,
346,2027-07,Immo Toma ,IN,,,,,,,,
359,2027-07,,IN,,,,,,,,
360,2027-07,,IN,,,,,,,,
361,2027-07,Grottes de Han,IN,,,,,,,,
,2027-07,,IN,,,,,,,,
347,2027-07,BP Martelange,IN,,,,,,,,
348,2027-07,,IN,,,,,,,,
349,2027-07,Grottes de Han,IN,,,,,,,,
350,2027-07,,IN,,,,,,,,
351,2027-07,DEMA,IN,,,,,,,,
352,2027-07,,IN,,,,,,,,
353,2027-07,,IN,,,,,,,,
,2027-07,,IN,,,,,,,,
354,2027-07,,IN,,,,,,,,
355,2027-07,,IN,,,,,,,,
356,2027-07,,IN,,,,,,,,
357,2027-07,,IN,,,,,,,,
,2027-07,,IN,,,,,,,,
,2027-07,,IN,,,,,,,,
,2027-07,,IN,,,,,,,,
,2027-07,,IN,,,,,,,,
,2027-07,,IN,,,,,,,,
401,2027-07,,IN,,,,,,,,
402,2027-07,Grottes de Han,IN,,,,,,,,
403,2027-07,,IN,,,,,,,,
404,2027-07,Immo Toma ,IN,,,,,,,,
405,2027-07,,IN,,,,,,,,
406,2027-07,,IN,,,,,,,,
407,2027-07,,IN,,,,,,,,
408,2027-07,,IN,,,,,,,,
409,2027-07,,IN,,,,,,,,
415,2027-07,,IN,,,,,,,,
,2027-07,,IN,,,,,,,,
,2027-07,,IN,,,,,,,,
,2027-07,,IN,,,,,,,,
,2027-07,,IN,,,,,,,,
,2027-07,,IN,,,,,,,,
,2027-07,,IN,,,,,,,,
,2027-07,,IN,,,,,,,,
,2027-07,,IN,,,,,,,,
,2027-07,,IN,,,,,,,,
501,2027-07,,IN,,,,,,,,
502,2027-07,DPS,IN,,,,,,,,
,2027-07,,IN,,,,,,,,
,2027-07,,IN,,,,,,,,
505,2027-07,DPS,IN,,,,,,,,
506,2027-07,,IN,,,,,,,,
507,2027-07,DPS,IN,,,,,,,,
508,2027-07,,IN,,,,,,,,
509,2027-07,,IN,,,,,,,,
510,2027-07,DPS,IN,,,,,,,,
,2027-07,,IN,,,,,,,,
,2027-07,,IN,,,,,,,,
527,2027-07,,IN,,,,,,,,
512,2027-07,Grottes de Han,IN,,,,,,,,
513,2027-07,,IN,,,,,,,,
514,2027-07,,IN,,,,,,,,
515,2027-07,,IN,,,,,,,,
517,2027-07,,IN,,,,,,,,
518,2027-07,,IN,,,,,,,,
,2027-07,,IN,,,,,,,,
520,2027-07,,IN,,,,,,,,
521,2027-07,Grottes de Han,IN,,,,,,,,
525,2027-07,Grottes de Han,IN,,,,,,,,
530,2027-07,Grottes de Han,IN,,,,,,,,
,2027-07,,IN,,,,,,,,
,2027-07,,IN,,,,,,,,
,2027-07,,IN,,,,,,,,
,2027-07,,IN,,,,,,,,
,2027-07,,IN,,,,,,,,
,2027-07,,IN,,,,,,,,
,2027-07,,IN,,,,,,,,
,2027-07,,IN,,,,,,,,
,2027-07,,IN,,,,,,,,
,2027-07,,IN,,,,,,,,
,2027-07,,IN,,,,,,,,
,2027-07,,IN,,,,,,,,
,2027-07,,IN,,,,,,,,
,2027-07,,OUT,,,,,,,,
102,2027-07,Decorex,OUT,,,,,,,,
,2027-07,,OUT,,,,,,,,
104,2027-07,,OUT,,,,,,,,
105,2027-07,,OUT,,,,,,,,
106,2027-07,,OUT,,,,,,,,
107,2027-07,,OUT,,,,,,,,
108,2027-07,,OUT,,,,,,,,
109,2027-07,,OUT,,,,,,,,
110,2027-07,,OUT,,,,,,,,
111,2027-07,,OUT,,,,,,,,
112,2027-07,,OUT,,,,,,,,
113,2027-07,,OUT,,,,,,,,
114,2027-07,,OUT,,,,,,,,
,2027-07,,OUT,,,,,,,,
,2027-07,,OUT,,,,,,,,
,2027-07,,OUT,,,,,,,,
,2027-07,,OUT,,,,,,,,
,2027-07,,OUT,,,,,,,,
,2027-07,,OUT,,,,,,,,
,2027-07,,OUT,,,,,,,,
,2027-07,,OUT,,,,,,,,
,2027-07,,OUT,,,,,,,,
,2027-07,,OUT,,,,,,,,
201,2027-07,,OUT,,,,,,,,
202,2027-07,,OUT,,,,,,,,
203,2027-07,,OUT,,,,,,,,
204,2027-07,,OUT,,,,,,,,
205,2027-07,,OUT,,,,,,,,
206,2027-07,,OUT,,,,,,,,
207,2027-07,,OUT,,,,,,,,
208,2027-07,,OUT,,,,,,,,
209,2027-07,,OUT,,,,,,,,
210,2027-07,,OUT,,,,,,,,
211,2027-07,,OUT,,,,,,,,
212,2027-07,,OUT,,,,,,,,
213,2027-07,,OUT,,,,,,,,
214,2027-07,,OUT,,,,,,,,
215,2027-07,,OUT,,,,,,,,
216,2027-07,,OUT,,,,,,,,
227,2027-07,,OUT,,,,,,,,
217,2027-07,,OUT,,,,,,,,
218,2027-07,,OUT,,,,,,,,
,2027-07,,OUT,,,,,,,,
220,2027-07,,OUT,,,,,,,,
221,2027-07,,OUT,,,,,,,,
226,2027-07,,OUT,,,,,,,,
222,2027-07,,OUT,,,,,,,,
224,2027-07,,OUT,,,,,,,,
223,2027-07,,OUT,,,,,,,,
225,2027-07,,OUT,,,,,,,,
230,2027-07,,OUT,,,,,,,,
231,2027-07,,OUT,,,,,,,,
,2027-07,,OUT,,,,,,,,
,2027-07,,OUT,,,,,,,,
,2027-07,,OUT,,,,,,,,
,2027-07,,OUT,,,,,,,,
,2027-07,,OUT,,,,,,,,
,2027-07,,OUT,,,,,,,,
,2027-07,,OUT,,,,,,,,
,2027-07,,OUT,,,,,,,,
,2027-07,,OUT,,,,,,,,
,2027-07,,OUT,,,,,,,,
301,2027-07,,OUT,,,,,,,,
,2027-07,,OUT,,,,,,,,
303,2027-07,,OUT,,,,,,,,
304,2027-07,,OUT,,,,,,,,
305,2027-07,,OUT,,,,,,,,
306,2027-07,,OUT,,,,,,,,
307,2027-07,DPS,OUT,,,,,,,,
367,2027-07,,OUT,,,,,,,,
308,2027-07,,OUT,,,,,,,,
319,2027-07,,OUT,,,,,,,,
309,2027-07,,OUT,,,,,,,,
310,2027-07,,OUT,,,,,,,,
311,2027-07,,OUT,,,,,,,,
312,2027-07,,OUT,,,,,,,,
313,2027-07,,OUT,,,,,,,,
314,2027-07,,OUT,,,,,,,,
315,2027-07,,OUT,,,,,,,,
316,2027-07,,OUT,,,,,,,,
317,2027-07,,OUT,,,,,,,,
318,2027-07,,OUT,,,,,,,,
320,2027-07,,OUT,,,,,,,,
321,2027-07,,OUT,,,,,,,,
,2027-07,,OUT,,,,,,,,
323,2027-07,,OUT,,,,,,,,
324,2027-07,,OUT,,,,,,,,
325,2027-07,DEMA,OUT,,,,,,,,
326,2027-07,,OUT,,,,,,,,
327,2027-07,,OUT,,,,,,,,
328,2027-07,,OUT,,,,,,,,
329,2027-07,DEMA,OUT,,,,,,,,
330,2027-07,DEMA,OUT,,,,,,,,
331,2027-07,,OUT,,,,,,,,
332,2027-07,,OUT,,,,,,,,
333,2027-07,DEMA,OUT,,,,,,,,
334,2027-07,Bloqué,OUT,,,,,,,,
335,2027-07,,OUT,,,,,,,,
336,2027-07,,OUT,,,,,,,,
337,2027-07,,OUT,,,,,,,,
338,2027-07,,OUT,,,,,,,,
339,2027-07,,OUT,,,,,,,,
340,2027-07,,OUT,,,,,,,,
341,2027-07,,OUT,,,,,,,,
365,2027-07,,OUT,,,,,,,,
342,2027-07,,OUT,,,,,,,,
343,2027-07,,OUT,,,,,,,,
344,2027-07,Usico,OUT,,,,,,,,
363,2027-07,DPS,OUT,,,,,,,,
345,2027-07,,OUT,,,,,,,,
346,2027-07,,OUT,,,,,,,,
359,2027-07,,OUT,,,,,,,,
360,2027-07,,OUT,,,,,,,,
361,2027-07,,OUT,,,,,,,,
,2027-07,,OUT,,,,,,,,
347,2027-07,,OUT,,,,,,,,
348,2027-07,,OUT,,,,,,,,
349,2027-07,DEMA,OUT,,,,,,,,
350,2027-07,,OUT,,,,,,,,
351,2027-07,,OUT,,,,,,,,
352,2027-07,,OUT,,,,,,,,
353,2027-07,,OUT,,,,,,,,
,2027-07,,OUT,,,,,,,,
354,2027-07,,OUT,,,,,,,,
355,2027-07,,OUT,,,,,,,,
356,2027-07,,OUT,,,,,,,,
357,2027-07,,OUT,,,,,,,,
,2027-07,,OUT,,,,,,,,
,2027-07,,OUT,,,,,,,,
,2027-07,,OUT,,,,,,,,
,2027-07,,OUT,,,,,,,,
,2027-07,,OUT,,,,,,,,
401,2027-07,,OUT,,,,,,,,
402,2027-07,,OUT,,,,,,,,
403,2027-07,,OUT,,,,,,,,
404,2027-07,,OUT,,,,,,,,
405,2027-07,,OUT,,,,,,,,
406,2027-07,,OUT,,,,,,,,
407,2027-07,,OUT,,,,,,,,
408,2027-07,,OUT,,,,,,,,
409,2027-07,DEMA,OUT,,,,,,,,
415,2027-07,,OUT,,,,,,,,
,2027-07,,OUT,,,,,,,,
,2027-07,,OUT,,,,,,,,
,2027-07,,OUT,,,,,,,,
,2027-07,,OUT,,,,,,,,
,2027-07,,OUT,,,,,,,,
,2027-07,,OUT,,,,,,,,
,2027-07,,OUT,,,,,,,,
,2027-07,,OUT,,,,,,,,
,2027-07,,OUT,,,,,,,,
501,2027-07,DPS,OUT,,,,,,,,
502,2027-07,,OUT,,,,,,,,
,2027-07,,OUT,,,,,,,,
,2027-07,,OUT,,,,,,,,
505,2027-07,,OUT,,,,,,,,
506,2027-07,DPS,OUT,,,,,,,,
507,2027-07,,OUT,,,,,,,,
508,2027-07,DPS,OUT,,,,,,,,
509,2027-07,,OUT,,,,,,,,
510,2027-07,,OUT,,,,,,,,
,2027-07,,OUT,,,,,,,,
,2027-07,,OUT,,,,,,,,
527,2027-07,,OUT,,,,,,,,
512,2027-07,DPS,OUT,,,,,,,,
513,2027-07,,OUT,,,,,,,,
514,2027-07,,OUT,,,,,,,,
515,2027-07,,OUT,,,,,,,,
517,2027-07,,OUT,,,,,,,,
518,2027-07,,OUT,,,,,,,,
,2027-07,,OUT,,,,,,,,
520,2027-07,,OUT,,,,,,,,
521,2027-07,,OUT,,,,,,,,
525,2027-07,,OUT,,,,,,,,
530,2027-07,DPS,OUT,,,,,,,,
,2027-07,,OUT,,,,,,,,
,2027-07,,OUT,,,,,,,,
,2027-07,,OUT,,,,,,,,
,2027-07,,OUT,,,,,,,,
,2027-07,,OUT,,,,,,,,
,2027-07,,OUT,,,,,,,,
,2027-07,,OUT,,,,,,,,
,2027-07,,OUT,,,,,,,,
,2027-07,,OUT,,,,,,,,
,2027-07,,OUT,,,,,,,,
,2027-07,,OUT,,,,,,,,
,2027-07,,OUT,,,,,,,,
,2027-07,,OUT,,,,,,,,
,2027-08,,IN,,,,,,,,
102,2027-08,,IN,,,,,,,,
,2027-08,,IN,,,,,,,,
104,2027-08,,IN,,,,,,,,
105,2027-08,,IN,,,,,,,,
106,2027-08,,IN,,,,,,,,
107,2027-08,,IN,,,,,,,,
108,2027-08,,IN,,,,,,,,
109,2027-08,,IN,,,,,,,,
110,2027-08,,IN,,,,,,,,
111,2027-08,,IN,,,,,,,,
112,2027-08,,IN,,,,,,,,
113,2027-08,,IN,,,,,,,,
114,2027-08,,IN,,,,,,,,
,2027-08,,IN,,,,,,,,
,2027-08,,IN,,,,,,,,
,2027-08,,IN,,,,,,,,
,2027-08,,IN,,,,,,,,
,2027-08,,IN,,,,,,,,
,2027-08,,IN,,,,,,,,
,2027-08,,IN,,,,,,,,
,2027-08,,IN,,,,,,,,
,2027-08,,IN,,,,,,,,
,2027-08,,IN,,,,,,,,
201,2027-08,,IN,,,,,,,,
202,2027-08,,IN,,,,,,,,
203,2027-08,,IN,,,,,,,,
204,2027-08,,IN,,,,,,,,
205,2027-08,,IN,,,,,,,,
206,2027-08,,IN,,,,,,,,
207,2027-08,,IN,,,,,,,,
208,2027-08,,IN,,,,,,,,
209,2027-08,,IN,,,,,,,,
210,2027-08,Grottes de Han,IN,,,,,,,,
211,2027-08,,IN,,,,,,,,
212,2027-08,,IN,,,,,,,,
213,2027-08,,IN,,,,,,,,
214,2027-08,,IN,,,,,,,,
215,2027-08,,IN,,,,,,,,
216,2027-08,,IN,,,,,,,,
227,2027-08,,IN,,,,,,,,
217,2027-08,,IN,,,,,,,,
218,2027-08,,IN,,,,,,,,
,2027-08,,IN,,,,,,,,
220,2027-08,,IN,,,,,,,,
221,2027-08,,IN,,,,,,,,
226,2027-08,,IN,,,,,,,,
222,2027-08,,IN,,,,,,,,
224,2027-08,,IN,,,,,,,,
223,2027-08,,IN,,,,,,,,
225,2027-08,,IN,,,,,,,,
230,2027-08,Grottes de Han,IN,,,,,,,,
231,2027-08,,IN,,,,,,,,
,2027-08,,IN,,,,,,,,
,2027-08,,IN,,,,,,,,
,2027-08,,IN,,,,,,,,
,2027-08,,IN,,,,,,,,
,2027-08,,IN,,,,,,,,
,2027-08,,IN,,,,,,,,
,2027-08,,IN,,,,,,,,
,2027-08,,IN,,,,,,,,
,2027-08,,IN,,,,,,,,
,2027-08,,IN,,,,,,,,
301,2027-08,,IN,,,,,,,,
,2027-08,,IN,,,,,,,,
303,2027-08,,IN,,,,,,,,
304,2027-08,,IN,,,,,,,,
305,2027-08,,IN,,,,,,,,
306,2027-08,,IN,,,,,,,,
307,2027-08,,IN,,,,,,,,
367,2027-08,,IN,,,,,,,,
308,2027-08,,IN,,,,,,,,
319,2027-08,,IN,,,,,,,,
309,2027-08,,IN,,,,,,,,
310,2027-08,,IN,,,,,,,,
311,2027-08,,IN,,,,,,,,
312,2027-08,,IN,,,,,,,,
313,2027-08,,IN,,,,,,,,
314,2027-08,,IN,,,,,,,,
315,2027-08,,IN,,,,,,,,
316,2027-08,,IN,,,,,,,,
317,2027-08,,IN,,,,,,,,
318,2027-08,,IN,,,,,,,,
320,2027-08,,IN,,,,,,,,
321,2027-08,,IN,,,,,,,,
,2027-08,,IN,,,,,,,,
323,2027-08,,IN,,,,,,,,
324,2027-08,,IN,,,,,,,,
325,2027-08,,IN,,,,,,,,
326,2027-08,,IN,,,,,,,,
327,2027-08,Grottes de Han,IN,,,,,,,,
328,2027-08,,IN,,,,,,,,
329,2027-08,,IN,,,,,,,,
330,2027-08,,IN,,,,,,,,
331,2027-08,,IN,,,,,,,,
332,2027-08,Immo Toma,IN,,,,,,,,
333,2027-08,,IN,,,,,,,,
334,2027-08,,IN,,,,,,,,
335,2027-08,,IN,,,,,,,,
336,2027-08,,IN,,,,,,,,
337,2027-08,,IN,,,,,,,,
338,2027-08,,IN,,,,,,,,
339,2027-08,,IN,,,,,,,,
340,2027-08,,IN,,,,,,,,
341,2027-08,,IN,,,,,,,,
365,2027-08,DPS,IN,,,,,,,,
342,2027-08,,IN,,,,,,,,
343,2027-08,Immo Toma,IN,,,,,,,,
344,2027-08,,IN,,,,,,,,
363,2027-08,Grottes de Han,IN,,,,,,,,
345,2027-08,,IN,,,,,,,,
346,2027-08,,IN,,,,,,,,
359,2027-08,,IN,,,,,,,,
360,2027-08,,IN,,,,,,,,
361,2027-08,Grottes de Han,IN,,,,,,,,
,2027-08,,IN,,,,,,,,
347,2027-08,BP Martelange,IN,,,,,,,,
348,2027-08,,IN,,,,,,,,
349,2027-08,Grottes de Han,IN,,,,,,,,
350,2027-08,,IN,,,,,,,,
351,2027-08,,IN,,,,,,,,
352,2027-08,,IN,,,,,,,,
353,2027-08,,IN,,,,,,,,
,2027-08,,IN,,,,,,,,
354,2027-08,,IN,,,,,,,,
355,2027-08,,IN,,,,,,,,
356,2027-08,Immo Toma,IN,,,,,,,,
357,2027-08,,IN,,,,,,,,
,2027-08,,IN,,,,,,,,
,2027-08,,IN,,,,,,,,
,2027-08,,IN,,,,,,,,
,2027-08,,IN,,,,,,,,
,2027-08,,IN,,,,,,,,
401,2027-08,Immo Toma,IN,,,,,,,,
402,2027-08,Grottes de Han,IN,,,,,,,,
403,2027-08,,IN,,,,,,,,
404,2027-08,,IN,,,,,,,,
405,2027-08,,IN,,,,,,,,
406,2027-08,,IN,,,,,,,,
407,2027-08,,IN,,,,,,,,
408,2027-08,,IN,,,,,,,,
409,2027-08,,IN,,,,,,,,
415,2027-08,,IN,,,,,,,,
,2027-08,,IN,,,,,,,,
,2027-08,,IN,,,,,,,,
,2027-08,,IN,,,,,,,,
,2027-08,,IN,,,,,,,,
,2027-08,,IN,,,,,,,,
,2027-08,,IN,,,,,,,,
,2027-08,,IN,,,,,,,,
,2027-08,,IN,,,,,,,,
,2027-08,,IN,,,,,,,,
501,2027-08,,IN,,,,,,,,
502,2027-08,DPS,IN,,,,,,,,
,2027-08,,IN,,,,,,,,
,2027-08,,IN,,,,,,,,
505,2027-08,DPS,IN,,,,,,,,
506,2027-08,,IN,,,,,,,,
507,2027-08,DPS,IN,,,,,,,,
508,2027-08,,IN,,,,,,,,
509,2027-08,,IN,,,,,,,,
510,2027-08,DPS,IN,,,,,,,,
,2027-08,,IN,,,,,,,,
,2027-08,,IN,,,,,,,,
527,2027-08,,IN,,,,,,,,
512,2027-08,Grottes de Han,IN,,,,,,,,
513,2027-08,,IN,,,,,,,,
514,2027-08,,IN,,,,,,,,
515,2027-08,,IN,,,,,,,,
517,2027-08,,IN,,,,,,,,
518,2027-08,,IN,,,,,,,,
,2027-08,,IN,,,,,,,,
520,2027-08,,IN,,,,,,,,
521,2027-08,Grottes de Han,IN,,,,,,,,
525,2027-08,Grottes de Han,IN,,,,,,,,
530,2027-08,Grottes de Han,IN,,,,,,,,
,2027-08,,IN,,,,,,,,
,2027-08,,IN,,,,,,,,
,2027-08,,IN,,,,,,,,
,2027-08,,IN,,,,,,,,
,2027-08,,IN,,,,,,,,
,2027-08,,IN,,,,,,,,
,2027-08,,IN,,,,,,,,
,2027-08,,IN,,,,,,,,
,2027-08,,IN,,,,,,,,
,2027-08,,IN,,,,,,,,
,2027-08,,IN,,,,,,,,
,2027-08,,IN,,,,,,,,
,2027-08,,IN,,,,,,,,
,2027-08,,OUT,,,,,,,,
102,2027-08,,OUT,,,,,,,,
,2027-08,,OUT,,,,,,,,
104,2027-08,,OUT,,,,,,,,
105,2027-08,,OUT,,,,,,,,
106,2027-08,,OUT,,,,,,,,
107,2027-08,,OUT,,,,,,,,
108,2027-08,,OUT,,,,,,,,
109,2027-08,,OUT,,,,,,,,
110,2027-08,,OUT,,,,,,,,
111,2027-08,,OUT,,,,,,,,
112,2027-08,,OUT,,,,,,,,
113,2027-08,,OUT,,,,,,,,
114,2027-08,,OUT,,,,,,,,
,2027-08,,OUT,,,,,,,,
,2027-08,,OUT,,,,,,,,
,2027-08,,OUT,,,,,,,,
,2027-08,,OUT,,,,,,,,
,2027-08,,OUT,,,,,,,,
,2027-08,,OUT,,,,,,,,
,2027-08,,OUT,,,,,,,,
,2027-08,,OUT,,,,,,,,
,2027-08,,OUT,,,,,,,,
,2027-08,,OUT,,,,,,,,
201,2027-08,,OUT,,,,,,,,
202,2027-08,,OUT,,,,,,,,
203,2027-08,,OUT,,,,,,,,
204,2027-08,,OUT,,,,,,,,
205,2027-08,,OUT,,,,,,,,
206,2027-08,,OUT,,,,,,,,
207,2027-08,,OUT,,,,,,,,
208,2027-08,,OUT,,,,,,,,
209,2027-08,,OUT,,,,,,,,
210,2027-08,,OUT,,,,,,,,
211,2027-08,,OUT,,,,,,,,
212,2027-08,,OUT,,,,,,,,
213,2027-08,,OUT,,,,,,,,
214,2027-08,,OUT,,,,,,,,
215,2027-08,,OUT,,,,,,,,
216,2027-08,,OUT,,,,,,,,
227,2027-08,,OUT,,,,,,,,
217,2027-08,,OUT,,,,,,,,
218,2027-08,,OUT,,,,,,,,
,2027-08,,OUT,,,,,,,,
220,2027-08,,OUT,,,,,,,,
221,2027-08,,OUT,,,,,,,,
226,2027-08,,OUT,,,,,,,,
222,2027-08,,OUT,,,,,,,,
224,2027-08,,OUT,,,,,,,,
223,2027-08,,OUT,,,,,,,,
225,2027-08,,OUT,,,,,,,,
230,2027-08,,OUT,,,,,,,,
231,2027-08,,OUT,,,,,,,,
,2027-08,,OUT,,,,,,,,
,2027-08,,OUT,,,,,,,,
,2027-08,,OUT,,,,,,,,
,2027-08,,OUT,,,,,,,,
,2027-08,,OUT,,,,,,,,
,2027-08,,OUT,,,,,,,,
,2027-08,,OUT,,,,,,,,
,2027-08,,OUT,,,,,,,,
,2027-08,,OUT,,,,,,,,
,2027-08,,OUT,,,,,,,,
301,2027-08,,OUT,,,,,,,,
,2027-08,,OUT,,,,,,,,
303,2027-08,,OUT,,,,,,,,
304,2027-08,,OUT,,,,,,,,
305,2027-08,,OUT,,,,,,,,
306,2027-08,,OUT,,,,,,,,
307,2027-08,,OUT,,,,,,,,
367,2027-08,,OUT,,,,,,,,
308,2027-08,,OUT,,,,,,,,
319,2027-08,,OUT,,,,,,,,
309,2027-08,,OUT,,,,,,,,
310,2027-08,,OUT,,,,,,,,
311,2027-08,,OUT,,,,,,,,
312,2027-08,,OUT,,,,,,,,
313,2027-08,,OUT,,,,,,,,
314,2027-08,,OUT,,,,,,,,
315,2027-08,,OUT,,,,,,,,
316,2027-08,,OUT,,,,,,,,
317,2027-08,,OUT,,,,,,,,
318,2027-08,,OUT,,,,,,,,
320,2027-08,,OUT,,,,,,,,
321,2027-08,,OUT,,,,,,,,
,2027-08,,OUT,,,,,,,,
323,2027-08,,OUT,,,,,,,,
324,2027-08,,OUT,,,,,,,,
325,2027-08,,OUT,,,,,,,,
326,2027-08,,OUT,,,,,,,,
327,2027-08,,OUT,,,,,,,,
328,2027-08,,OUT,,,,,,,,
329,2027-08,,OUT,,,,,,,,
330,2027-08,,OUT,,,,,,,,
331,2027-08,,OUT,,,,,,,,
332,2027-08,,OUT,,,,,,,,
333,2027-08,,OUT,,,,,,,,
334,2027-08,Bloqué,OUT,,,,,,,,
335,2027-08,,OUT,,,,,,,,
336,2027-08,,OUT,,,,,,,,
337,2027-08,,OUT,,,,,,,,
338,2027-08,,OUT,,,,,,,,
339,2027-08,,OUT,,,,,,,,
340,2027-08,,OUT,,,,,,,,
341,2027-08,,OUT,,,,,,,,
365,2027-08,,OUT,,,,,,,,
342,2027-08,DPS,OUT,,,,,,,,
343,2027-08,,OUT,,,,,,,,
344,2027-08,,OUT,,,,,,,,
363,2027-08,,OUT,,,,,,,,
345,2027-08,,OUT,,,,,,,,
346,2027-08,,OUT,,,,,,,,
359,2027-08,,OUT,,,,,,,,
360,2027-08,,OUT,,,,,,,,
361,2027-08,,OUT,,,,,,,,
,2027-08,,OUT,,,,,,,,
347,2027-08,,OUT,,,,,,,,
348,2027-08,DPS,OUT,,,,,,,,
349,2027-08,,OUT,,,,,,,,
350,2027-08,,OUT,,,,,,,,
351,2027-08,,OUT,,,,,,,,
352,2027-08,,OUT,,,,,,,,
353,2027-08,,OUT,,,,,,,,
,2027-08,,OUT,,,,,,,,
354,2027-08,,OUT,,,,,,,,
355,2027-08,Bloqué,OUT,Maïs,,,,,,,
356,2027-08,,OUT,,,,,,,,
357,2027-08,,OUT,,,,,,,,
,2027-08,,OUT,,,,,,,,
,2027-08,,OUT,,,,,,,,
,2027-08,,OUT,,,,,,,,
,2027-08,,OUT,,,,,,,,
,2027-08,,OUT,,,,,,,,
401,2027-08,,OUT,,,,,,,,
402,2027-08,,OUT,,,,,,,,
403,2027-08,,OUT,,,,,,,,
404,2027-08,,OUT,,,,,,,,
405,2027-08,,OUT,,,,,,,,
406,2027-08,,OUT,,,,,,,,
407,2027-08,,OUT,,,,,,,,
408,2027-08,,OUT,,,,,,,,
409,2027-08,,OUT,,,,,,,,
415,2027-08,,OUT,,,,,,,,
,2027-08,,OUT,,,,,,,,
,2027-08,,OUT,,,,,,,,
,2027-08,,OUT,,,,,,,,
,2027-08,,OUT,,,,,,,,
,2027-08,,OUT,,,,,,,,
,2027-08,,OUT,,,,,,,,
,2027-08,,OUT,,,,,,,,
,2027-08,,OUT,,,,,,,,
,2027-08,,OUT,,,,,,,,
501,2027-08,DPS,OUT,,,,,,,,
502,2027-08,,OUT,,,,,,,,
,2027-08,,OUT,,,,,,,,
,2027-08,,OUT,,,,,,,,
505,2027-08,,OUT,,,,,,,,
506,2027-08,DPS,OUT,,,,,,,,
507,2027-08,,OUT,,,,,,,,
508,2027-08,DPS,OUT,,,,,,,,
509,2027-08,,OUT,,,,,,,,
510,2027-08,,OUT,,,,,,,,
,2027-08,,OUT,,,,,,,,
,2027-08,,OUT,,,,,,,,
527,2027-08,,OUT,,,,,,,,
512,2027-08,DPS,OUT,,,,,,,,
513,2027-08,,OUT,,,,,,,,
514,2027-08,,OUT,,,,,,,,
515,2027-08,,OUT,,,,,,,,
517,2027-08,,OUT,,,,,,,,
518,2027-08,,OUT,,,,,,,,
,2027-08,,OUT,,,,,,,,
520,2027-08,,OUT,,,,,,,,
521,2027-08,,OUT,,,,,,,,
525,2027-08,,OUT,,,,,,,,
530,2027-08,DPS,OUT,,,,,,,,
,2027-08,,OUT,,,,,,,,
,2027-08,,OUT,,,,,,,,
,2027-08,,OUT,,,,,,,,
,2027-08,,OUT,,,,,,,,
,2027-08,,OUT,,,,,,,,
,2027-08,,OUT,,,,,,,,
,2027-08,,OUT,,,,,,,,
,2027-08,,OUT,,,,,,,,
,2027-08,,OUT,,,,,,,,
,2027-08,,OUT,,,,,,,,
,2027-08,,OUT,,,,,,,,
,2027-08,,OUT,,,,,,,,
,2027-08,,OUT,,,,,,,,
,2027-09,,IN,,,,,,,,
102,2027-09,DEMA,IN,,,,,,,,
,2027-09,,IN,,,,,,,,
104,2027-09,Schmidt cuisines- Wavre ,IN,,,,,,,,
105,2027-09,,IN,,,,,,,,
106,2027-09,Schmidt cuisines- Wavre ,IN,,,,,,,,
107,2027-09,Schmidt cuisines- Wavre ,IN,,,,,,,,
108,2027-09,Schmidt cuisines- Wavre ,IN,,,,,,,,
109,2027-09,,IN,,,,,,,,
110,2027-09,,IN,,,,,,,,
111,2027-09,Schmidt cuisines- Wavre ,IN,,,,,,,,
112,2027-09,,IN,,,,,,,,
113,2027-09,,IN,,,,,,,,
114,2027-09,,IN,,,,,,,,
,2027-09,,IN,,,,,,,,
,2027-09,,IN,,,,,,,,
,2027-09,,IN,,,,,,,,
,2027-09,,IN,,,,,,,,
,2027-09,,IN,,,,,,,,
,2027-09,,IN,,,,,,,,
,2027-09,,IN,,,,,,,,
,2027-09,,IN,,,,,,,,
,2027-09,,IN,,,,,,,,
,2027-09,,IN,,,,,,,,
201,2027-09,,IN,,,,,,,,
202,2027-09,,IN,,,,,,,,
203,2027-09,,IN,,,,,,,,
204,2027-09,,IN,,,,,,,,
205,2027-09,,IN,,,,,,,,
206,2027-09,,IN,,,,,,,,
207,2027-09,,IN,,,,,,,,
208,2027-09,,IN,,,,,,,,
209,2027-09,,IN,,,,,,,,
210,2027-09,,IN,,,,,,,,
211,2027-09,,IN,,,,,,,,
212,2027-09,,IN,,,,,,,,
213,2027-09,,IN,,,,,,,,
214,2027-09,,IN,,,,,,,,
215,2027-09,,IN,,,,,,,,
216,2027-09,,IN,,,,,,,,
227,2027-09,,IN,,,,,,,,
217,2027-09,,IN,,,,,,,,
218,2027-09,,IN,,,,,,,,
,2027-09,,IN,,,,,,,,
220,2027-09,,IN,,,,,,,,
221,2027-09,,IN,,,,,,,,
226,2027-09,,IN,,,,,,,,
222,2027-09,,IN,,,,,,,,
224,2027-09,,IN,,,,,,,,
223,2027-09,,IN,,,,,,,,
225,2027-09,DEMA,IN,,,,,,,,
230,2027-09,,IN,,,,,,,,
231,2027-09,,IN,,,,,,,,
,2027-09,,IN,,,,,,,,
,2027-09,,IN,,,,,,,,
,2027-09,,IN,,,,,,,,
,2027-09,,IN,,,,,,,,
,2027-09,,IN,,,,,,,,
,2027-09,,IN,,,,,,,,
,2027-09,,IN,,,,,,,,
,2027-09,,IN,,,,,,,,
,2027-09,,IN,,,,,,,,
,2027-09,,IN,,,,,,,,
301,2027-09,,IN,,,,,,,,
,2027-09,,IN,,,,,,,,
303,2027-09,,IN,,,,,,,,
304,2027-09,,IN,,,,,,,,
305,2027-09,,IN,,,,,,,,
306,2027-09,,IN,,,,,,,,
307,2027-09,,IN,,,,,,,,
367,2027-09,,IN,,,,,,,,
308,2027-09,,IN,,,,,,,,
319,2027-09,,IN,,,,,,,,
309,2027-09,,IN,,,,,,,,
310,2027-09,,IN,,,,,,,,
311,2027-09,,IN,,,,,,,,
312,2027-09,,IN,,,,,,,,
313,2027-09,,IN,,,,,,,,
314,2027-09,,IN,,,,,,,,
315,2027-09,,IN,,,,,,,,
316,2027-09,,IN,,,,,,,,
317,2027-09,,IN,,,,,,,,
318,2027-09,,IN,,,,,,,,
320,2027-09,,IN,,,,,,,,
321,2027-09,,IN,,,,,,,,
,2027-09,,IN,,,,,,,,
323,2027-09,,IN,,,,,,,,
324,2027-09,,IN,,,,,,,,
325,2027-09,,IN,,,,,,,,
326,2027-09,,IN,,,,,,,,
327,2027-09,,IN,,,,,,,,
328,2027-09,,IN,,,,,,,,
329,2027-09,,IN,,,,,,,,
330,2027-09,,IN,,,,,,,,
331,2027-09,,IN,,,,,,,,
332,2027-09,,IN,,,,,,,,
333,2027-09,Immo Toma,IN,,,,,,,,
334,2027-09,,IN,,,,,,,,
335,2027-09,,IN,,,,,,,,
336,2027-09,,IN,,,,,,,,
337,2027-09,,IN,,,,,,,,
338,2027-09,Immo Toma ,IN,,,,,,,,
339,2027-09,Immo Toma ,IN,,,,,,,,
340,2027-09,,IN,,,,,,,,
341,2027-09,,IN,,,,,,,,
365,2027-09,,IN,,,,,,,,
342,2027-09,,IN,,,,,,,,
343,2027-09,,IN,,,,,,,,
344,2027-09,,IN,,,,,,,,
363,2027-09,,IN,,,,,,,,
345,2027-09,,IN,,,,,,,,
346,2027-09,Immo Toma ,IN,,,,,,,,
359,2027-09,,IN,,,,,,,,
360,2027-09,DEMA,IN,,,,,,,,
361,2027-09,,IN,,,,,,,,
,2027-09,,IN,,,,,,,,
347,2027-09,BP Martelange,IN,,,,,,,,
348,2027-09,,IN,,,,,,,,
349,2027-09,,IN,,,,,,,,
350,2027-09,DPS,IN,,,,,,,,
351,2027-09,,IN,,,,,,,,
352,2027-09,,IN,,,,,,,,
353,2027-09,,IN,,,,,,,,
,2027-09,,IN,,,,,,,,
354,2027-09,,IN,,,,,,,,
355,2027-09,,IN,,,,,,,,
356,2027-09,,IN,,,,,,,,
357,2027-09,DEMA,IN,,,,,,,,
,2027-09,,IN,,,,,,,,
,2027-09,,IN,,,,,,,,
,2027-09,,IN,,,,,,,,
,2027-09,,IN,,,,,,,,
,2027-09,,IN,,,,,,,,
401,2027-09,,IN,,,,,,,,
402,2027-09,,IN,,,,,,,,
403,2027-09,,IN,,,,,,,,
404,2027-09,,IN,,,,,,,,
405,2027-09,,IN,,,,,,,,
406,2027-09,,IN,,,,,,,,
407,2027-09,,IN,,,,,,,,
408,2027-09,,IN,,,,,,,,
409,2027-09,,IN,,,,,,,,
415,2027-09,,IN,,,,,,,,
,2027-09,,IN,,,,,,,,
,2027-09,,IN,,,,,,,,
,2027-09,,IN,,,,,,,,
,2027-09,,IN,,,,,,,,
,2027-09,,IN,,,,,,,,
,2027-09,,IN,,,,,,,,
,2027-09,,IN,,,,,,,,
,2027-09,,IN,,,,,,,,
,2027-09,,IN,,,,,,,,
501,2027-09,,IN,,,,,,,,
502,2027-09,DPS,IN,,,,,,,,
,2027-09,,IN,,,,,,,,
,2027-09,,IN,,,,,,,,
505,2027-09,DPS,IN,,,,,,,,
506,2027-09,,IN,,,,,,,,
507,2027-09,DPS,IN,,,,,,,,
508,2027-09,,IN,,,,,,,,
509,2027-09,,IN,,,,,,,,
510,2027-09,DPS,IN,,,,,,,,
,2027-09,,IN,,,,,,,,
,2027-09,,IN,,,,,,,,
527,2027-09,,IN,,,,,,,,
512,2027-09,,IN,,,,,,,,
513,2027-09,,IN,,,,,,,,
514,2027-09,,IN,,,,,,,,
515,2027-09,,IN,,,,,,,,
517,2027-09,,IN,,,,,,,,
518,2027-09,,IN,,,,,,,,
,2027-09,,IN,,,,,,,,
520,2027-09,,IN,,,,,,,,
521,2027-09,,IN,,,,,,,,
525,2027-09,,IN,,,,,,,,
530,2027-09,DPS,IN,,,,,,,,
,2027-09,,IN,,,,,,,,
,2027-09,,IN,,,,,,,,
,2027-09,,IN,,,,,,,,
,2027-09,,IN,,,,,,,,
,2027-09,,IN,,,,,,,,
,2027-09,,IN,,,,,,,,
,2027-09,,IN,,,,,,,,
,2027-09,,IN,,,,,,,,
,2027-09,,IN,,,,,,,,
,2027-09,,IN,,,,,,,,
,2027-09,,IN,,,,,,,,
,2027-09,,IN,,,,,,,,
,2027-09,,IN,,,,,,,,
,2027-09,,OUT,,,,,,,,
102,2027-09,,OUT,,,,,,,,
,2027-09,,OUT,,,,,,,,
104,2027-09,,OUT,,,,,,,,
105,2027-09,,OUT,,,,,,,,
106,2027-09,,OUT,,,,,,,,
107,2027-09,,OUT,,,,,,,,
108,2027-09,,OUT,,,,,,,,
109,2027-09,,OUT,,,,,,,,
110,2027-09,,OUT,,,,,,,,
111,2027-09,,OUT,,,,,,,,
112,2027-09,,OUT,,,,,,,,
113,2027-09,,OUT,,,,,,,,
114,2027-09,,OUT,,,,,,,,
,2027-09,,OUT,,,,,,,,
,2027-09,,OUT,,,,,,,,
,2027-09,,OUT,,,,,,,,
,2027-09,,OUT,,,,,,,,
,2027-09,,OUT,,,,,,,,
,2027-09,,OUT,,,,,,,,
,2027-09,,OUT,,,,,,,,
,2027-09,,OUT,,,,,,,,
,2027-09,,OUT,,,,,,,,
,2027-09,,OUT,,,,,,,,
201,2027-09,,OUT,,,,,,,,
202,2027-09,,OUT,,,,,,,,
203,2027-09,,OUT,,,,,,,,
204,2027-09,,OUT,,,,,,,,
205,2027-09,,OUT,,,,,,,,
206,2027-09,,OUT,,,,,,,,
207,2027-09,,OUT,,,,,,,,
208,2027-09,,OUT,,,,,,,,
209,2027-09,,OUT,,,,,,,,
210,2027-09,,OUT,,,,,,,,
211,2027-09,,OUT,,,,,,,,
212,2027-09,,OUT,,,,,,,,
213,2027-09,,OUT,,,,,,,,
214,2027-09,,OUT,,,,,,,,
215,2027-09,,OUT,,,,,,,,
216,2027-09,,OUT,,,,,,,,
227,2027-09,,OUT,,,,,,,,
217,2027-09,,OUT,,,,,,,,
218,2027-09,,OUT,,,,,,,,
,2027-09,,OUT,,,,,,,,
220,2027-09,,OUT,,,,,,,,
221,2027-09,,OUT,,,,,,,,
226,2027-09,,OUT,,,,,,,,
222,2027-09,,OUT,,,,,,,,
224,2027-09,,OUT,,,,,,,,
223,2027-09,,OUT,,,,,,,,
225,2027-09,,OUT,,,,,,,,
230,2027-09,,OUT,,,,,,,,
231,2027-09,,OUT,,,,,,,,
,2027-09,,OUT,,,,,,,,
,2027-09,,OUT,,,,,,,,
,2027-09,,OUT,,,,,,,,
,2027-09,,OUT,,,,,,,,
,2027-09,,OUT,,,,,,,,
,2027-09,,OUT,,,,,,,,
,2027-09,,OUT,,,,,,,,
,2027-09,,OUT,,,,,,,,
,2027-09,,OUT,,,,,,,,
,2027-09,,OUT,,,,,,,,
301,2027-09,,OUT,,,,,,,,
,2027-09,,OUT,,,,,,,,
303,2027-09,,OUT,,,,,,,,
304,2027-09,,OUT,,,,,,,,
305,2027-09,,OUT,,,,,,,,
306,2027-09,,OUT,,,,,,,,
307,2027-09,,OUT,,,,,,,,
367,2027-09,,OUT,,,,,,,,
308,2027-09,,OUT,,,,,,,,
319,2027-09,,OUT,,,,,,,,
309,2027-09,,OUT,,,,,,,,
310,2027-09,DPS,OUT,,,,,,,,
311,2027-09,,OUT,,,,,,,,
312,2027-09,,OUT,,,,,,,,
313,2027-09,,OUT,,,,,,,,
314,2027-09,,OUT,,,,,,,,
315,2027-09,,OUT,,,,,,,,
316,2027-09,,OUT,,,,,,,,
317,2027-09,,OUT,,,,,,,,
318,2027-09,,OUT,,,,,,,,
320,2027-09,,OUT,,,,,,,,
321,2027-09,,OUT,,,,,,,,
,2027-09,,OUT,,,,,,,,
323,2027-09,,OUT,,,,,,,,
324,2027-09,,OUT,,,,,,,,
325,2027-09,DEMA,OUT,,,,,,,,
326,2027-09,,OUT,,,,,,,,
327,2027-09,,OUT,,,,,,,,
328,2027-09,,OUT,,,,,,,,
329,2027-09,,OUT,,,,,,,,
330,2027-09,DEMA,OUT,,,,,,,,
331,2027-09,DEMA,OUT,,,,,,,,
332,2027-09,,OUT,,,,,,,,
333,2027-09,,OUT,,,,,,,,
334,2027-09,Bloqué,OUT,,,,,,,,
335,2027-09,,OUT,,,,,,,,
336,2027-09,,OUT,,,,,,,,
337,2027-09,,OUT,,,,,,,,
338,2027-09,,OUT,,,,,,,,
339,2027-09,,OUT,,,,,,,,
340,2027-09,,OUT,,,,,,,,
341,2027-09,,OUT,,,,,,,,
365,2027-09,,OUT,,,,,,,,
342,2027-09,,OUT,,,,,,,,
343,2027-09,,OUT,,,,,,,,
344,2027-09,,OUT,,,,,,,,
363,2027-09,DPS,OUT,,,,,,,,
345,2027-09,,OUT,,,,,,,,
346,2027-09,,OUT,,,,,,,,
359,2027-09,,OUT,,,,,,,,
360,2027-09,,OUT,,,,,,,,
361,2027-09,,OUT,,,,,,,,
,2027-09,,OUT,,,,,,,,
347,2027-09,,OUT,,,,,,,,
348,2027-09,,OUT,,,,,,,,
349,2027-09,DEMA,OUT,,,,,,,,
350,2027-09,DEMA,OUT,,,,,,,,
351,2027-09,,OUT,,,,,,,,
352,2027-09,,OUT,,,,,,,,
353,2027-09,,OUT,,,,,,,,
,2027-09,,OUT,,,,,,,,
354,2027-09,,OUT,,,,,,,,
355,2027-09,,OUT,,,,,,,,
356,2027-09,,OUT,,,,,,,,
357,2027-09,,OUT,,,,,,,,
,2027-09,,OUT,,,,,,,,
,2027-09,,OUT,,,,,,,,
,2027-09,,OUT,,,,,,,,
,2027-09,,OUT,,,,,,,,
,2027-09,,OUT,,,,,,,,
401,2027-09,,OUT,,,,,,,,
402,2027-09,,OUT,,,,,,,,
403,2027-09,,OUT,,,,,,,,
404,2027-09,,OUT,,,,,,,,
405,2027-09,,OUT,,,,,,,,
406,2027-09,,OUT,,,,,,,,
407,2027-09,,OUT,,,,,,,,
408,2027-09,,OUT,,,,,,,,
409,2027-09,DEMA,OUT,,,,,,,,
415,2027-09,,OUT,,,,,,,,
,2027-09,,OUT,,,,,,,,
,2027-09,,OUT,,,,,,,,
,2027-09,,OUT,,,,,,,,
,2027-09,,OUT,,,,,,,,
,2027-09,,OUT,,,,,,,,
,2027-09,,OUT,,,,,,,,
,2027-09,,OUT,,,,,,,,
,2027-09,,OUT,,,,,,,,
,2027-09,,OUT,,,,,,,,
501,2027-09,DPS,OUT,,,,,,,,
502,2027-09,,OUT,,,,,,,,
,2027-09,,OUT,,,,,,,,
,2027-09,,OUT,,,,,,,,
505,2027-09,,OUT,,,,,,,,
506,2027-09,DPS,OUT,,,,,,,,
507,2027-09,,OUT,,,,,,,,
508,2027-09,DPS,OUT,,,,,,,,
509,2027-09,,OUT,,,,,,,,
510,2027-09,,OUT,,,,,,,,
,2027-09,,OUT,,,,,,,,
,2027-09,,OUT,,,,,,,,
527,2027-09,,OUT,,,,,,,,
512,2027-09,DPS,OUT,,,,,,,,
513,2027-09,,OUT,,,,,,,,
514,2027-09,,OUT,,,,,,,,
515,2027-09,,OUT,,,,,,,,
517,2027-09,,OUT,,,,,,,,
518,2027-09,,OUT,,,,,,,,
,2027-09,,OUT,,,,,,,,
520,2027-09,,OUT,,,,,,,,
521,2027-09,,OUT,,,,,,,,
525,2027-09,,OUT,,,,,,,,
530,2027-09,,OUT,,,,,,,,
,2027-09,,OUT,,,,,,,,
,2027-09,,OUT,,,,,,,,
,2027-09,,OUT,,,,,,,,
,2027-09,,OUT,,,,,,,,
,2027-09,,OUT,,,,,,,,
,2027-09,,OUT,,,,,,,,
,2027-09,,OUT,,,,,,,,
,2027-09,,OUT,,,,,,,,
,2027-09,,OUT,,,,,,,,
,2027-09,,OUT,,,,,,,,
,2027-09,,OUT,,,,,,,,
,2027-09,,OUT,,,,,,,,
,2027-09,,OUT,,,,,,,,
,2027-10,,IN,,,,,,,,
102,2027-10,DEMA,IN,,,,,,,,
,2027-10,,IN,,,,,,,,
104,2027-10,,IN,,,,,,,,
105,2027-10,,IN,,,,,,,,
106,2027-10,,IN,,,,,,,,
107,2027-10,,IN,,,,,,,,
108,2027-10,,IN,,,,,,,,
109,2027-10,,IN,,,,,,,,
110,2027-10,,IN,,,,,,,,
111,2027-10,,IN,,,,,,,,
112,2027-10,,IN,,,,,,,,
113,2027-10,,IN,,,,,,,,
114,2027-10,,IN,,,,,,,,
,2027-10,,IN,,,,,,,,
,2027-10,,IN,,,,,,,,
,2027-10,,IN,,,,,,,,
,2027-10,,IN,,,,,,,,
,2027-10,,IN,,,,,,,,
,2027-10,,IN,,,,,,,,
,2027-10,,IN,,,,,,,,
,2027-10,,IN,,,,,,,,
,2027-10,,IN,,,,,,,,
,2027-10,,IN,,,,,,,,
201,2027-10,,IN,,,,,,,,
202,2027-10,,IN,,,,,,,,
203,2027-10,,IN,,,,,,,,
204,2027-10,,IN,,,,,,,,
205,2027-10,,IN,,,,,,,,
206,2027-10,,IN,,,,,,,,
207,2027-10,,IN,,,,,,,,
208,2027-10,,IN,,,,,,,,
209,2027-10,,IN,,,,,,,,
210,2027-10,Grottes de Han,IN,,,,,,,,
211,2027-10,,IN,,,,,,,,
212,2027-10,,IN,,,,,,,,
213,2027-10,,IN,,,,,,,,
214,2027-10,,IN,,,,,,,,
215,2027-10,,IN,,,,,,,,
216,2027-10,,IN,,,,,,,,
227,2027-10,,IN,,,,,,,,
217,2027-10,,IN,,,,,,,,
218,2027-10,,IN,,,,,,,,
,2027-10,,IN,,,,,,,,
220,2027-10,,IN,,,,,,,,
221,2027-10,,IN,,,,,,,,
226,2027-10,,IN,,,,,,,,
222,2027-10,,IN,,,,,,,,
224,2027-10,,IN,,,,,,,,
223,2027-10,,IN,,,,,,,,
225,2027-10,,IN,,,,,,,,
230,2027-10,Grottes de Han,IN,,,,,,,,
231,2027-10,,IN,,,,,,,,
,2027-10,,IN,,,,,,,,
,2027-10,,IN,,,,,,,,
,2027-10,,IN,,,,,,,,
,2027-10,,IN,,,,,,,,
,2027-10,,IN,,,,,,,,
,2027-10,,IN,,,,,,,,
,2027-10,,IN,,,,,,,,
,2027-10,,IN,,,,,,,,
,2027-10,,IN,,,,,,,,
,2027-10,,IN,,,,,,,,
301,2027-10,,IN,,,,,,,,
,2027-10,,IN,,,,,,,,
303,2027-10,,IN,,,,,,,,
304,2027-10,,IN,,,,,,,,
305,2027-10,,IN,,,,,,,,
306,2027-10,,IN,,,,,,,,
307,2027-10,,IN,,,,,,,,
367,2027-10,,IN,,,,,,,,
308,2027-10,,IN,,,,,,,,
319,2027-10,,IN,,,,,,,,
309,2027-10,,IN,,,,,,,,
310,2027-10,,IN,,,,,,,,
311,2027-10,,IN,,,,,,,,
312,2027-10,,IN,,,,,,,,
313,2027-10,,IN,,,,,,,,
314,2027-10,,IN,,,,,,,,
315,2027-10,,IN,,,,,,,,
316,2027-10,,IN,,,,,,,,
317,2027-10,,IN,,,,,,,,
318,2027-10,,IN,,,,,,,,
320,2027-10,,IN,,,,,,,,
321,2027-10,,IN,,,,,,,,
,2027-10,,IN,,,,,,,,
323,2027-10,,IN,,,,,,,,
324,2027-10,,IN,,,,,,,,
325,2027-10,,IN,,,,,,,,
326,2027-10,,IN,,,,,,,,
327,2027-10,Grottes de Han,IN,,,,,,,,
328,2027-10,DPS,IN,,,,,,,,
329,2027-10,,IN,,,,,,,,
330,2027-10,,IN,,,,,,,,
331,2027-10,,IN,,,,,,,,
332,2027-10,,IN,,,,,,,,
333,2027-10,,IN,,,,,,,,
334,2027-10,,IN,,,,,,,,
335,2027-10,,IN,,,,,,,,
336,2027-10,,IN,,,,,,,,
337,2027-10,,IN,,,,,,,,
338,2027-10,,IN,,,,,,,,
339,2027-10,,IN,,,,,,,,
340,2027-10,DPS,IN,,,,,,,,
341,2027-10,DPS,IN,,,,,,,,
365,2027-10,,IN,,,,,,,,
342,2027-10,,IN,,,,,,,,
343,2027-10,Optic & vous,IN,,,,,,,,
344,2027-10,Urbaine,IN,,,,,,,,
363,2027-10,Grottes de Han,IN,,,,,,,,
345,2027-10,,IN,,,,,,,,
346,2027-10,,IN,,,,,,,,
359,2027-10,,IN,,,,,,,,
360,2027-10,,IN,,,,,,,,
361,2027-10,Grottes de Han,IN,,,,,,,,
,2027-10,,IN,,,,,,,,
347,2027-10,BP Martelange,IN,,,,,,,,
348,2027-10,,IN,,,,,,,,
349,2027-10,Grottes de Han,IN,,,,,,,,
350,2027-10,,IN,,,,,,,,
351,2027-10,,IN,,,,,,,,
352,2027-10,,IN,,,,,,,,
353,2027-10,,IN,,,,,,,,
,2027-10,,IN,,,,,,,,
354,2027-10,,IN,,,,,,,,
355,2027-10,,IN,,,,,,,,
356,2027-10,,IN,,,,,,,,
357,2027-10,,IN,,,,,,,,
,2027-10,,IN,,,,,,,,
,2027-10,,IN,,,,,,,,
,2027-10,,IN,,,,,,,,
,2027-10,,IN,,,,,,,,
,2027-10,,IN,,,,,,,,
401,2027-10,,IN,,,,,,,,
402,2027-10,Grottes de Han,IN,,,,,,,,
403,2027-10,,IN,,,,,,,,
404,2027-10,,IN,,,,,,,,
405,2027-10,,IN,,,,,,,,
406,2027-10,,IN,,,,,,,,
407,2027-10,,IN,,,,,,,,
408,2027-10,DEMA,IN,,,,,,,,
409,2027-10,,IN,,,,,,,,
415,2027-10,,IN,,,,,,,,
,2027-10,,IN,,,,,,,,
,2027-10,,IN,,,,,,,,
,2027-10,,IN,,,,,,,,
,2027-10,,IN,,,,,,,,
,2027-10,,IN,,,,,,,,
,2027-10,,IN,,,,,,,,
,2027-10,,IN,,,,,,,,
,2027-10,,IN,,,,,,,,
,2027-10,,IN,,,,,,,,
501,2027-10,,IN,,,,,,,,
502,2027-10,DPS,IN,,,,,,,,
,2027-10,,IN,,,,,,,,
,2027-10,,IN,,,,,,,,
505,2027-10,DPS,IN,,,,,,,,
506,2027-10,,IN,,,,,,,,
507,2027-10,DPS,IN,,,,,,,,
508,2027-10,,IN,,,,,,,,
509,2027-10,,IN,,,,,,,,
510,2027-10,DPS,IN,,,,,,,,
,2027-10,,IN,,,,,,,,
,2027-10,,IN,,,,,,,,
527,2027-10,,IN,,,,,,,,
512,2027-10,Grottes de Han,IN,,,,,,,,
513,2027-10,,IN,,,,,,,,
514,2027-10,,IN,,,,,,,,
515,2027-10,,IN,,,,,,,,
517,2027-10,,IN,,,,,,,,
518,2027-10,,IN,,,,,,,,
,2027-10,,IN,,,,,,,,
520,2027-10,,IN,,,,,,,,
521,2027-10,Grottes de Han,IN,,,,,,,,
525,2027-10,Grottes de Han,IN,,,,,,,,
530,2027-10,Grottes de Han,IN,,,,,,,,
,2027-10,,IN,,,,,,,,
,2027-10,,IN,,,,,,,,
,2027-10,,IN,,,,,,,,
,2027-10,,IN,,,,,,,,
,2027-10,,IN,,,,,,,,
,2027-10,,IN,,,,,,,,
,2027-10,,IN,,,,,,,,
,2027-10,,IN,,,,,,,,
,2027-10,,IN,,,,,,,,
,2027-10,,IN,,,,,,,,
,2027-10,,IN,,,,,,,,
,2027-10,,IN,,,,,,,,
,2027-10,,IN,,,,,,,,
,2027-10,,OUT,,,,,,,,
102,2027-10,,OUT,,,,,,,,
,2027-10,,OUT,,,,,,,,
104,2027-10,,OUT,,,,,,,,
105,2027-10,,OUT,,,,,,,,
106,2027-10,,OUT,,,,,,,,
107,2027-10,,OUT,,,,,,,,
108,2027-10,,OUT,,,,,,,,
109,2027-10,,OUT,,,,,,,,
110,2027-10,,OUT,,,,,,,,
111,2027-10,,OUT,,,,,,,,
112,2027-10,,OUT,,,,,,,,
113,2027-10,,OUT,,,,,,,,
114,2027-10,,OUT,,,,,,,,
,2027-10,,OUT,,,,,,,,
,2027-10,,OUT,,,,,,,,
,2027-10,,OUT,,,,,,,,
,2027-10,,OUT,,,,,,,,
,2027-10,,OUT,,,,,,,,
,2027-10,,OUT,,,,,,,,
,2027-10,,OUT,,,,,,,,
,2027-10,,OUT,,,,,,,,
,2027-10,,OUT,,,,,,,,
,2027-10,,OUT,,,,,,,,
201,2027-10,,OUT,,,,,,,,
202,2027-10,,OUT,,,,,,,,
203,2027-10,,OUT,,,,,,,,
204,2027-10,,OUT,,,,,,,,
205,2027-10,,OUT,,,,,,,,
206,2027-10,,OUT,,,,,,,,
207,2027-10,,OUT,,,,,,,,
208,2027-10,,OUT,,,,,,,,
209,2027-10,,OUT,,,,,,,,
210,2027-10,,OUT,,,,,,,,
211,2027-10,,OUT,,,,,,,,
212,2027-10,,OUT,,,,,,,,
213,2027-10,,OUT,,,,,,,,
214,2027-10,,OUT,,,,,,,,
215,2027-10,,OUT,,,,,,,,
216,2027-10,,OUT,,,,,,,,
227,2027-10,,OUT,,,,,,,,
217,2027-10,,OUT,,,,,,,,
218,2027-10,,OUT,,,,,,,,
,2027-10,,OUT,,,,,,,,
220,2027-10,,OUT,,,,,,,,
221,2027-10,,OUT,,,,,,,,
226,2027-10,,OUT,,,,,,,,
222,2027-10,,OUT,,,,,,,,
224,2027-10,,OUT,,,,,,,,
223,2027-10,,OUT,,,,,,,,
225,2027-10,,OUT,,,,,,,,
230,2027-10,,OUT,,,,,,,,
231,2027-10,,OUT,,,,,,,,
,2027-10,,OUT,,,,,,,,
,2027-10,,OUT,,,,,,,,
,2027-10,,OUT,,,,,,,,
,2027-10,,OUT,,,,,,,,
,2027-10,,OUT,,,,,,,,
,2027-10,,OUT,,,,,,,,
,2027-10,,OUT,,,,,,,,
,2027-10,,OUT,,,,,,,,
,2027-10,,OUT,,,,,,,,
,2027-10,,OUT,,,,,,,,
301,2027-10,,OUT,,,,,,,,
,2027-10,,OUT,,,,,,,,
303,2027-10,,OUT,,,,,,,,
304,2027-10,,OUT,,,,,,,,
305,2027-10,,OUT,,,,,,,,
306,2027-10,,OUT,,,,,,,,
307,2027-10,,OUT,,,,,,,,
367,2027-10,,OUT,,,,,,,,
308,2027-10,,OUT,,,,,,,,
319,2027-10,,OUT,,,,,,,,
309,2027-10,,OUT,,,,,,,,
310,2027-10,,OUT,,,,,,,,
311,2027-10,,OUT,,,,,,,,
312,2027-10,,OUT,,,,,,,,
313,2027-10,,OUT,,,,,,,,
314,2027-10,,OUT,,,,,,,,
315,2027-10,,OUT,,,,,,,,
316,2027-10,,OUT,,,,,,,,
317,2027-10,,OUT,,,,,,,,
318,2027-10,,OUT,,,,,,,,
320,2027-10,,OUT,,,,,,,,
321,2027-10,,OUT,,,,,,,,
,2027-10,,OUT,,,,,,,,
323,2027-10,,OUT,,,,,,,,
324,2027-10,,OUT,,,,,,,,
325,2027-10,DEMA,OUT,,,,,,,,
326,2027-10,,OUT,,,,,,,,
327,2027-10,,OUT,,,,,,,,
328,2027-10,,OUT,,,,,,,,
329,2027-10,,OUT,,,,,,,,
330,2027-10,,OUT,,,,,,,,
331,2027-10,,OUT,,,,,,,,
332,2027-10,,OUT,,,,,,,,
333,2027-10,,OUT,,,,,,,,
334,2027-10,Bloqué,OUT,,,,,,,,
335,2027-10,,OUT,,,,,,,,
336,2027-10,,OUT,,,,,,,,
337,2027-10,,OUT,,,,,,,,
338,2027-10,,OUT,,,,,,,,
339,2027-10,,OUT,,,,,,,,
340,2027-10,,OUT,,,,,,,,
341,2027-10,,OUT,,,,,,,,
365,2027-10,,OUT,,,,,,,,
342,2027-10,,OUT,,,,,,,,
343,2027-10,,OUT,,,,,,,,
344,2027-10,,OUT,,,,,,,,
363,2027-10,,OUT,,,,,,,,
345,2027-10,,OUT,,,,,,,,
346,2027-10,,OUT,,,,,,,,
359,2027-10,,OUT,,,,,,,,
360,2027-10,,OUT,,,,,,,,
361,2027-10,,OUT,,,,,,,,
,2027-10,,OUT,,,,,,,,
347,2027-10,,OUT,,,,,,,,
348,2027-10,,OUT,,,,,,,,
349,2027-10,,OUT,,,,,,,,
350,2027-10,,OUT,,,,,,,,
351,2027-10,,OUT,,,,,,,,
352,2027-10,,OUT,,,,,,,,
353,2027-10,,OUT,,,,,,,,
,2027-10,,OUT,,,,,,,,
354,2027-10,,OUT,,,,,,,,
355,2027-10,,OUT,,,,,,,,
356,2027-10,,OUT,,,,,,,,
357,2027-10,,OUT,,,,,,,,
,2027-10,,OUT,,,,,,,,
,2027-10,,OUT,,,,,,,,
,2027-10,,OUT,,,,,,,,
,2027-10,,OUT,,,,,,,,
,2027-10,,OUT,,,,,,,,
401,2027-10,,OUT,,,,,,,,
402,2027-10,,OUT,,,,,,,,
403,2027-10,,OUT,,,,,,,,
404,2027-10,,OUT,,,,,,,,
405,2027-10,,OUT,,,,,,,,
406,2027-10,,OUT,,,,,,,,
407,2027-10,,OUT,,,,,,,,
408,2027-10,,OUT,,,,,,,,
409,2027-10,,OUT,,,,,,,,
415,2027-10,,OUT,,,,,,,,
,2027-10,,OUT,,,,,,,,
,2027-10,,OUT,,,,,,,,
,2027-10,,OUT,,,,,,,,
,2027-10,,OUT,,,,,,,,
,2027-10,,OUT,,,,,,,,
,2027-10,,OUT,,,,,,,,
,2027-10,,OUT,,,,,,,,
,2027-10,,OUT,,,,,,,,
,2027-10,,OUT,,,,,,,,
501,2027-10,DPS,OUT,,,,,,,,
502,2027-10,,OUT,,,,,,,,
,2027-10,,OUT,,,,,,,,
,2027-10,,OUT,,,,,,,,
505,2027-10,,OUT,,,,,,,,
506,2027-10,DPS,OUT,,,,,,,,
507,2027-10,,OUT,,,,,,,,
508,2027-10,DPS,OUT,,,,,,,,
509,2027-10,,OUT,,,,,,,,
510,2027-10,,OUT,,,,,,,,
,2027-10,,OUT,,,,,,,,
,2027-10,,OUT,,,,,,,,
527,2027-10,,OUT,,,,,,,,
512,2027-10,DPS,OUT,,,,,,,,
513,2027-10,,OUT,,,,,,,,
514,2027-10,,OUT,,,,,,,,
515,2027-10,,OUT,,,,,,,,
517,2027-10,,OUT,,,,,,,,
518,2027-10,,OUT,,,,,,,,
,2027-10,,OUT,,,,,,,,
520,2027-10,,OUT,,,,,,,,
521,2027-10,,OUT,,,,,,,,
525,2027-10,,OUT,,,,,,,,
530,2027-10,DPS,OUT,,,,,,,,
,2027-10,,OUT,,,,,,,,
,2027-10,,OUT,,,,,,,,
,2027-10,,OUT,,,,,,,,
,2027-10,,OUT,,,,,,,,
,2027-10,,OUT,,,,,,,,
,2027-10,,OUT,,,,,,,,
,2027-10,,OUT,,,,,,,,
,2027-10,,OUT,,,,,,,,
,2027-10,,OUT,,,,,,,,
,2027-10,,OUT,,,,,,,,
,2027-10,,OUT,,,,,,,,
,2027-10,,OUT,,,,,,,,
,2027-10,,OUT,,,,,,,,
,2027-11,,IN,,,,,,,,
102,2027-11,,IN,,,,,,,,
,2027-11,,IN,,,,,,,,
104,2027-11,Schmidt cuisines- Wavre ,IN,,,,,,,,
105,2027-11,,IN,,,,,,,,
106,2027-11,Schmidt cuisines- Wavre ,IN,,,,,,,,
107,2027-11,Schmidt cuisines- Wavre ,IN,,,,,,,,
108,2027-11,Schmidt cuisines- Wavre ,IN,,,,,,,,
109,2027-11,,IN,,,,,,,,
110,2027-11,,IN,,,,,,,,
111,2027-11,Schmidt cuisines- Wavre ,IN,,,,,,,,
112,2027-11,,IN,,,,,,,,
113,2027-11,,IN,,,,,,,,
114,2027-11,,IN,,,,,,,,
,2027-11,,IN,,,,,,,,
,2027-11,,IN,,,,,,,,
,2027-11,,IN,,,,,,,,
,2027-11,,IN,,,,,,,,
,2027-11,,IN,,,,,,,,
,2027-11,,IN,,,,,,,,
,2027-11,,IN,,,,,,,,
,2027-11,,IN,,,,,,,,
,2027-11,,IN,,,,,,,,
,2027-11,,IN,,,,,,,,
201,2027-11,,IN,,,,,,,,
202,2027-11,,IN,,,,,,,,
203,2027-11,,IN,,,,,,,,
204,2027-11,,IN,,,,,,,,
205,2027-11,,IN,,,,,,,,
206,2027-11,,IN,,,,,,,,
207,2027-11,,IN,,,,,,,,
208,2027-11,,IN,,,,,,,,
209,2027-11,,IN,,,,,,,,
210,2027-11,,IN,,,,,,,,
211,2027-11,,IN,,,,,,,,
212,2027-11,,IN,,,,,,,,
213,2027-11,,IN,,,,,,,,
214,2027-11,,IN,,,,,,,,
215,2027-11,,IN,,,,,,,,
216,2027-11,,IN,,,,,,,,
227,2027-11,,IN,,,,,,,,
217,2027-11,,IN,,,,,,,,
218,2027-11,,IN,,,,,,,,
,2027-11,,IN,,,,,,,,
220,2027-11,,IN,,,,,,,,
221,2027-11,,IN,,,,,,,,
226,2027-11,,IN,,,,,,,,
222,2027-11,,IN,,,,,,,,
224,2027-11,,IN,,,,,,,,
223,2027-11,,IN,,,,,,,,
225,2027-11,DEMA,IN,,,,,,,,
230,2027-11,DEMA,IN,,,,,,,,
231,2027-11,,IN,,,,,,,,
,2027-11,,IN,,,,,,,,
,2027-11,,IN,,,,,,,,
,2027-11,,IN,,,,,,,,
,2027-11,,IN,,,,,,,,
,2027-11,,IN,,,,,,,,
,2027-11,,IN,,,,,,,,
,2027-11,,IN,,,,,,,,
,2027-11,,IN,,,,,,,,
,2027-11,,IN,,,,,,,,
,2027-11,,IN,,,,,,,,
301,2027-11,,IN,,,,,,,,
,2027-11,,IN,,,,,,,,
303,2027-11,,IN,,,,,,,,
304,2027-11,,IN,,,,,,,,
305,2027-11,,IN,,,,,,,,
306,2027-11,,IN,,,,,,,,
307,2027-11,,IN,,,,,,,,
367,2027-11,,IN,,,,,,,,
308,2027-11,,IN,,,,,,,,
319,2027-11,,IN,,,,,,,,
309,2027-11,,IN,,,,,,,,
310,2027-11,,IN,,,,,,,,
311,2027-11,DPS,IN,,,,,,,,
312,2027-11,,IN,,,,,,,,
313,2027-11,,IN,,,,,,,,
314,2027-11,,IN,,,,,,,,
315,2027-11,,IN,,,,,,,,
316,2027-11,,IN,,,,,,,,
317,2027-11,,IN,,,,,,,,
318,2027-11,,IN,,,,,,,,
320,2027-11,,IN,,,,,,,,
321,2027-11,,IN,,,,,,,,
,2027-11,,IN,,,,,,,,
323,2027-11,,IN,,,,,,,,
324,2027-11,,IN,,,,,,,,
325,2027-11,,IN,,,,,,,,
326,2027-11,,IN,,,,,,,,
327,2027-11,,IN,,,,,,,,
328,2027-11,,IN,,,,,,,,
329,2027-11,DEMA,IN,,,,,,,,
330,2027-11,,IN,,,,,,,,
331,2027-11,,IN,,,,,,,,
332,2027-11,,IN,,,,,,,,
333,2027-11,,IN,,,,,,,,
334,2027-11,,IN,,,,,,,,
335,2027-11,,IN,,,,,,,,
336,2027-11,,IN,,,,,,,,
337,2027-11,,IN,,,,,,,,
338,2027-11,,IN,,,,,,,,
339,2027-11,,IN,,,,,,,,
340,2027-11,,IN,,,,,,,,
341,2027-11,,IN,,,,,,,,
365,2027-11,,IN,,,,,,,,
342,2027-11,,IN,,,,,,,,
343,2027-11,DPS,IN,,,,,,,,
344,2027-11,,IN,,,,,,,,
363,2027-11,DEMA,IN,,,,,,,,
345,2027-11,,IN,,,,,,,,
346,2027-11,,IN,,,,,,,,
359,2027-11,,IN,,,,,,,,
360,2027-11,,IN,,,,,,,,
361,2027-11,,IN,,,,,,,,
,2027-11,,IN,,,,,,,,
347,2027-11,BP Martelange,IN,,,,,,,,
348,2027-11,,IN,,,,,,,,
349,2027-11,DEMA,IN,,,,,,,,
350,2027-11,,IN,,,,,,,,
351,2027-11,DEMA,IN,,,,,,,,
352,2027-11,,IN,,,,,,,,
353,2027-11,,IN,,,,,,,,
,2027-11,,IN,,,,,,,,
354,2027-11,,IN,,,,,,,,
355,2027-11,,IN,,,,,,,,
356,2027-11,,IN,,,,,,,,
357,2027-11,DEMA,IN,,,,,,,,
,2027-11,,IN,,,,,,,,
,2027-11,,IN,,,,,,,,
,2027-11,,IN,,,,,,,,
,2027-11,,IN,,,,,,,,
,2027-11,,IN,,,,,,,,
401,2027-11,,IN,,,,,,,,
402,2027-11,,IN,,,,,,,,
403,2027-11,,IN,,,,,,,,
404,2027-11,,IN,,,,,,,,
405,2027-11,,IN,,,,,,,,
406,2027-11,,IN,,,,,,,,
407,2027-11,DEMA,IN,,,,,,,,
408,2027-11,,IN,,,,,,,,
409,2027-11,,IN,,,,,,,,
415,2027-11,,IN,,,,,,,,
,2027-11,,IN,,,,,,,,
,2027-11,,IN,,,,,,,,
,2027-11,,IN,,,,,,,,
,2027-11,,IN,,,,,,,,
,2027-11,,IN,,,,,,,,
,2027-11,,IN,,,,,,,,
,2027-11,,IN,,,,,,,,
,2027-11,,IN,,,,,,,,
,2027-11,,IN,,,,,,,,
501,2027-11,,IN,,,,,,,,
502,2027-11,DPS,IN,,,,,,,,
,2027-11,,IN,,,,,,,,
,2027-11,,IN,,,,,,,,
505,2027-11,DPS,IN,,,,,,,,
506,2027-11,,IN,,,,,,,,
507,2027-11,DPS,IN,,,,,,,,
508,2027-11,,IN,,,,,,,,
509,2027-11,,IN,,,,,,,,
510,2027-11,DPS,IN,,,,,,,,
,2027-11,,IN,,,,,,,,
,2027-11,,IN,,,,,,,,
527,2027-11,,IN,,,,,,,,
512,2027-11,DPS,IN,,,,,,,,
513,2027-11,,IN,,,,,,,,
514,2027-11,,IN,,,,,,,,
515,2027-11,,IN,,,,,,,,
517,2027-11,,IN,,,,,,,,
518,2027-11,,IN,,,,,,,,
,2027-11,,IN,,,,,,,,
520,2027-11,,IN,,,,,,,,
521,2027-11,,IN,,,,,,,,
525,2027-11,,IN,,,,,,,,
530,2027-11,DPS,IN,,,,,,,,
,2027-11,,IN,,,,,,,,
,2027-11,,IN,,,,,,,,
,2027-11,,IN,,,,,,,,
,2027-11,,IN,,,,,,,,
,2027-11,,IN,,,,,,,,
,2027-11,,IN,,,,,,,,
,2027-11,,IN,,,,,,,,
,2027-11,,IN,,,,,,,,
,2027-11,,IN,,,,,,,,
,2027-11,,IN,,,,,,,,
,2027-11,,IN,,,,,,,,
,2027-11,,IN,,,,,,,,
,2027-11,,IN,,,,,,,,
,2027-11,,OUT,,,,,,,,
102,2027-11,,OUT,,,,,,,,
,2027-11,,OUT,,,,,,,,
104,2027-11,,OUT,,,,,,,,
105,2027-11,,OUT,,,,,,,,
106,2027-11,,OUT,,,,,,,,
107,2027-11,,OUT,,,,,,,,
108,2027-11,,OUT,,,,,,,,
109,2027-11,,OUT,,,,,,,,
110,2027-11,,OUT,,,,,,,,
111,2027-11,,OUT,,,,,,,,
112,2027-11,,OUT,,,,,,,,
113,2027-11,,OUT,,,,,,,,
114,2027-11,,OUT,,,,,,,,
,2027-11,,OUT,,,,,,,,
,2027-11,,OUT,,,,,,,,
,2027-11,,OUT,,,,,,,,
,2027-11,,OUT,,,,,,,,
,2027-11,,OUT,,,,,,,,
,2027-11,,OUT,,,,,,,,
,2027-11,,OUT,,,,,,,,
,2027-11,,OUT,,,,,,,,
,2027-11,,OUT,,,,,,,,
,2027-11,,OUT,,,,,,,,
201,2027-11,,OUT,,,,,,,,
202,2027-11,,OUT,,,,,,,,
203,2027-11,,OUT,,,,,,,,
204,2027-11,,OUT,,,,,,,,
205,2027-11,,OUT,,,,,,,,
206,2027-11,,OUT,,,,,,,,
207,2027-11,,OUT,,,,,,,,
208,2027-11,,OUT,,,,,,,,
209,2027-11,,OUT,,,,,,,,
210,2027-11,,OUT,,,,,,,,
211,2027-11,,OUT,,,,,,,,
212,2027-11,,OUT,,,,,,,,
213,2027-11,,OUT,,,,,,,,
214,2027-11,,OUT,,,,,,,,
215,2027-11,,OUT,,,,,,,,
216,2027-11,,OUT,,,,,,,,
227,2027-11,,OUT,,,,,,,,
217,2027-11,,OUT,,,,,,,,
218,2027-11,,OUT,,,,,,,,
,2027-11,,OUT,,,,,,,,
220,2027-11,,OUT,,,,,,,,
221,2027-11,,OUT,,,,,,,,
226,2027-11,,OUT,,,,,,,,
222,2027-11,,OUT,,,,,,,,
224,2027-11,,OUT,,,,,,,,
223,2027-11,,OUT,,,,,,,,
225,2027-11,,OUT,,,,,,,,
230,2027-11,,OUT,,,,,,,,
231,2027-11,,OUT,,,,,,,,
,2027-11,,OUT,,,,,,,,
,2027-11,,OUT,,,,,,,,
,2027-11,,OUT,,,,,,,,
,2027-11,,OUT,,,,,,,,
,2027-11,,OUT,,,,,,,,
,2027-11,,OUT,,,,,,,,
,2027-11,,OUT,,,,,,,,
,2027-11,,OUT,,,,,,,,
,2027-11,,OUT,,,,,,,,
,2027-11,,OUT,,,,,,,,
301,2027-11,,OUT,,,,,,,,
,2027-11,,OUT,,,,,,,,
303,2027-11,,OUT,,,,,,,,
304,2027-11,,OUT,,,,,,,,
305,2027-11,,OUT,,,,,,,,
306,2027-11,,OUT,,,,,,,,
307,2027-11,,OUT,,,,,,,,
367,2027-11,,OUT,,,,,,,,
308,2027-11,,OUT,,,,,,,,
319,2027-11,,OUT,,,,,,,,
309,2027-11,,OUT,,,,,,,,
310,2027-11,,OUT,,,,,,,,
311,2027-11,,OUT,,,,,,,,
312,2027-11,,OUT,,,,,,,,
313,2027-11,,OUT,,,,,,,,
314,2027-11,,OUT,,,,,,,,
315,2027-11,,OUT,,,,,,,,
316,2027-11,,OUT,,,,,,,,
317,2027-11,,OUT,,,,,,,,
318,2027-11,,OUT,,,,,,,,
320,2027-11,,OUT,,,,,,,,
321,2027-11,,OUT,,,,,,,,
,2027-11,,OUT,,,,,,,,
323,2027-11,,OUT,,,,,,,,
324,2027-11,,OUT,,,,,,,,
325,2027-11,,OUT,,,,,,,,
326,2027-11,,OUT,,,,,,,,
327,2027-11,,OUT,,,,,,,,
328,2027-11,,OUT,,,,,,,,
329,2027-11,,OUT,,,,,,,,
330,2027-11,,OUT,,,,,,,,
331,2027-11,,OUT,,,,,,,,
332,2027-11,,OUT,,,,,,,,
333,2027-11,,OUT,,,,,,,,
334,2027-11,Bloqué,OUT,,,,,,,,
335,2027-11,,OUT,,,,,,,,
336,2027-11,,OUT,,,,,,,,
337,2027-11,,OUT,,,,,,,,
338,2027-11,,OUT,,,,,,,,
339,2027-11,,OUT,,,,,,,,
340,2027-11,,OUT,,,,,,,,
341,2027-11,,OUT,,,,,,,,
365,2027-11,,OUT,,,,,,,,
342,2027-11,,OUT,,,,,,,,
343,2027-11,Optic & vous,OUT,,,,,,,,
344,2027-11,Urbaine,OUT,,,,,,,,
363,2027-11,,OUT,,,,,,,,
345,2027-11,,OUT,,,,,,,,
346,2027-11,,OUT,,,,,,,,
359,2027-11,,OUT,,,,,,,,
360,2027-11,,OUT,,,,,,,,
361,2027-11,,OUT,,,,,,,,
,2027-11,,OUT,,,,,,,,
347,2027-11,,OUT,,,,,,,,
348,2027-11,DPS,OUT,,,,,,,,
349,2027-11,,OUT,,,,,,,,
350,2027-11,,OUT,,,,,,,,
351,2027-11,,OUT,,,,,,,,
352,2027-11,,OUT,,,,,,,,
353,2027-11,,OUT,,,,,,,,
,2027-11,,OUT,,,,,,,,
354,2027-11,,OUT,,,,,,,,
355,2027-11,,OUT,,,,,,,,
356,2027-11,,OUT,,,,,,,,
357,2027-11,,OUT,,,,,,,,
,2027-11,,OUT,,,,,,,,
,2027-11,,OUT,,,,,,,,
,2027-11,,OUT,,,,,,,,
,2027-11,,OUT,,,,,,,,
,2027-11,,OUT,,,,,,,,
401,2027-11,,OUT,,,,,,,,
402,2027-11,,OUT,,,,,,,,
403,2027-11,,OUT,,,,,,,,
404,2027-11,,OUT,,,,,,,,
405,2027-11,DEMA,OUT,,,,,,,,
406,2027-11,,OUT,,,,,,,,
407,2027-11,,OUT,,,,,,,,
408,2027-11,,OUT,,,,,,,,
409,2027-11,DEMA,OUT,,,,,,,,
415,2027-11,,OUT,,,,,,,,
,2027-11,,OUT,,,,,,,,
,2027-11,,OUT,,,,,,,,
,2027-11,,OUT,,,,,,,,
,2027-11,,OUT,,,,,,,,
,2027-11,,OUT,,,,,,,,
,2027-11,,OUT,,,,,,,,
,2027-11,,OUT,,,,,,,,
,2027-11,,OUT,,,,,,,,
,2027-11,,OUT,,,,,,,,
501,2027-11,DPS,OUT,,,,,,,,
502,2027-11,,OUT,,,,,,,,
,2027-11,,OUT,,,,,,,,
,2027-11,,OUT,,,,,,,,
505,2027-11,,OUT,,,,,,,,
506,2027-11,DPS,OUT,,,,,,,,
507,2027-11,,OUT,,,,,,,,
508,2027-11,DPS,OUT,,,,,,,,
509,2027-11,,OUT,,,,,,,,
510,2027-11,,OUT,,,,,,,,
,2027-11,,OUT,,,,,,,,
,2027-11,,OUT,,,,,,,,
527,2027-11,,OUT,,,,,,,,
512,2027-11,,OUT,,,,,,,,
513,2027-11,,OUT,,,,,,,,
514,2027-11,,OUT,,,,,,,,
515,2027-11,,OUT,,,,,,,,
517,2027-11,,OUT,,,,,,,,
518,2027-11,,OUT,,,,,,,,
,2027-11,,OUT,,,,,,,,
520,2027-11,,OUT,,,,,,,,
521,2027-11,,OUT,,,,,,,,
525,2027-11,DEMA,OUT,,,,,,,,
530,2027-11,,OUT,,,,,,,,
,2027-11,,OUT,,,,,,,,
,2027-11,,OUT,,,,,,,,
,2027-11,,OUT,,,,,,,,
,2027-11,,OUT,,,,,,,,
,2027-11,,OUT,,,,,,,,
,2027-11,,OUT,,,,,,,,
,2027-11,,OUT,,,,,,,,
,2027-11,,OUT,,,,,,,,
,2027-11,,OUT,,,,,,,,
,2027-11,,OUT,,,,,,,,
,2027-11,,OUT,,,,,,,,
,2027-11,,OUT,,,,,,,,
,2027-11,,OUT,,,,,,,,
,2027-12,,IN,,,,,,,,
102,2027-12,DEMA,IN,,,,,,,,
,2027-12,,IN,,,,,,,,
104,2027-12,,IN,,,,,,,,
105,2027-12,DEMA,IN,,,,,,,,
106,2027-12,,IN,,,,,,,,
107,2027-12,,IN,,,,,,,,
108,2027-12,,IN,,,,,,,,
109,2027-12,,IN,,,,,,,,
110,2027-12,,IN,,,,,,,,
111,2027-12,,IN,,,,,,,,
112,2027-12,,IN,,,,,,,,
113,2027-12,,IN,,,,,,,,
114,2027-12,,IN,,,,,,,,
,2027-12,,IN,,,,,,,,
,2027-12,,IN,,,,,,,,
,2027-12,,IN,,,,,,,,
,2027-12,,IN,,,,,,,,
,2027-12,,IN,,,,,,,,
,2027-12,,IN,,,,,,,,
,2027-12,,IN,,,,,,,,
,2027-12,,IN,,,,,,,,
,2027-12,,IN,,,,,,,,
,2027-12,,IN,,,,,,,,
201,2027-12,,IN,,,,,,,,
202,2027-12,,IN,,,,,,,,
203,2027-12,,IN,,,,,,,,
204,2027-12,,IN,,,,,,,,
205,2027-12,,IN,,,,,,,,
206,2027-12,,IN,,,,,,,,
207,2027-12,,IN,,,,,,,,
208,2027-12,,IN,,,,,,,,
209,2027-12,,IN,,,,,,,,
210,2027-12,,IN,,,,,,,,
211,2027-12,,IN,,,,,,,,
212,2027-12,,IN,,,,,,,,
213,2027-12,,IN,,,,,,,,
214,2027-12,,IN,,,,,,,,
215,2027-12,,IN,,,,,,,,
216,2027-12,,IN,,,,,,,,
227,2027-12,,IN,,,,,,,,
217,2027-12,,IN,,,,,,,,
218,2027-12,,IN,,,,,,,,
,2027-12,,IN,,,,,,,,
220,2027-12,,IN,,,,,,,,
221,2027-12,,IN,,,,,,,,
226,2027-12,,IN,,,,,,,,
222,2027-12,,IN,,,,,,,,
224,2027-12,,IN,,,,,,,,
223,2027-12,,IN,,,,,,,,
225,2027-12,DEMA,IN,,,,,,,,
230,2027-12,DEMA,IN,,,,,,,,
231,2027-12,,IN,,,,,,,,
,2027-12,,IN,,,,,,,,
,2027-12,,IN,,,,,,,,
,2027-12,,IN,,,,,,,,
,2027-12,,IN,,,,,,,,
,2027-12,,IN,,,,,,,,
,2027-12,,IN,,,,,,,,
,2027-12,,IN,,,,,,,,
,2027-12,,IN,,,,,,,,
,2027-12,,IN,,,,,,,,
,2027-12,,IN,,,,,,,,
301,2027-12,,IN,,,,,,,,
,2027-12,,IN,,,,,,,,
303,2027-12,,IN,,,,,,,,
304,2027-12,,IN,,,,,,,,
305,2027-12,,IN,,,,,,,,
306,2027-12,,IN,,,,,,,,
307,2027-12,,IN,,,,,,,,
367,2027-12,DPS,IN,,,,,,,,
308,2027-12,,IN,,,,,,,,
319,2027-12,,IN,,,,,,,,
309,2027-12,,IN,,,,,,,,
310,2027-12,,IN,,,,,,,,
311,2027-12,,IN,,,,,,,,
312,2027-12,,IN,,,,,,,,
313,2027-12,,IN,,,,,,,,
314,2027-12,,IN,,,,,,,,
315,2027-12,,IN,,,,,,,,
316,2027-12,,IN,,,,,,,,
317,2027-12,,IN,,,,,,,,
318,2027-12,,IN,,,,,,,,
320,2027-12,,IN,,,,,,,,
321,2027-12,,IN,,,,,,,,
,2027-12,,IN,,,,,,,,
323,2027-12,,IN,,,,,,,,
324,2027-12,,IN,,,,,,,,
325,2027-12,,IN,,,,,,,,
326,2027-12,,IN,,,,,,,,
327,2027-12,,IN,,,,,,,,
328,2027-12,,IN,,,,,,,,
329,2027-12,DEMA,IN,,,,,,,,
330,2027-12,,IN,,,,,,,,
331,2027-12,,IN,,,,,,,,
332,2027-12,,IN,,,,,,,,
333,2027-12,,IN,,,,,,,,
334,2027-12,,IN,,,,,,,,
335,2027-12,,IN,,,,,,,,
336,2027-12,,IN,,,,,,,,
337,2027-12,,IN,,,,,,,,
338,2027-12,,IN,,,,,,,,
339,2027-12,,IN,,,,,,,,
340,2027-12,,IN,,,,,,,,
341,2027-12,DPS,IN,,,,,,,,
365,2027-12,,IN,,,,,,,,
342,2027-12,,IN,,,,,,,,
343,2027-12,,IN,,,,,,,,
344,2027-12,,IN,,,,,,,,
363,2027-12,DEMA,IN,,,,,,,,
345,2027-12,,IN,,,,,,,,
346,2027-12,,IN,,,,,,,,
359,2027-12,,IN,,,,,,,,
360,2027-12,,IN,,,,,,,,
361,2027-12,,IN,,,,,,,,
,2027-12,,IN,,,,,,,,
347,2027-12,BP Martelange,IN,,,,,,,,
348,2027-12,,IN,,,,,,,,
349,2027-12,DEMA,IN,,,,,,,,
350,2027-12,,IN,,,,,,,,
351,2027-12,DEMA,IN,,,,,,,,
352,2027-12,,IN,,,,,,,,
353,2027-12,,IN,,,,,,,,
,2027-12,,IN,,,,,,,,
354,2027-12,,IN,,,,,,,,
355,2027-12,,IN,,,,,,,,
356,2027-12,,IN,,,,,,,,
357,2027-12,,IN,,,,,,,,
,2027-12,,IN,,,,,,,,
,2027-12,,IN,,,,,,,,
,2027-12,,IN,,,,,,,,
,2027-12,,IN,,,,,,,,
,2027-12,,IN,,,,,,,,
401,2027-12,,IN,,,,,,,,
402,2027-12,,IN,,,,,,,,
403,2027-12,,IN,,,,,,,,
404,2027-12,,IN,,,,,,,,
405,2027-12,,IN,,,,,,,,
406,2027-12,,IN,,,,,,,,
407,2027-12,,IN,,,,,,,,
408,2027-12,,IN,,,,,,,,
409,2027-12,,IN,,,,,,,,
415,2027-12,,IN,,,,,,,,
,2027-12,,IN,,,,,,,,
,2027-12,,IN,,,,,,,,
,2027-12,,IN,,,,,,,,
,2027-12,,IN,,,,,,,,
,2027-12,,IN,,,,,,,,
,2027-12,,IN,,,,,,,,
,2027-12,,IN,,,,,,,,
,2027-12,,IN,,,,,,,,
,2027-12,,IN,,,,,,,,
501,2027-12,,IN,,,,,,,,
502,2027-12,DPS,IN,,,,,,,,
,2027-12,,IN,,,,,,,,
,2027-12,,IN,,,,,,,,
505,2027-12,DPS,IN,,,,,,,,
506,2027-12,,IN,,,,,,,,
507,2027-12,DPS,IN,,,,,,,,
508,2027-12,,IN,,,,,,,,
509,2027-12,,IN,,,,,,,,
510,2027-12,DPS,IN,,,,,,,,
,2027-12,,IN,,,,,,,,
,2027-12,,IN,,,,,,,,
527,2027-12,,IN,,,,,,,,
512,2027-12,DPS,IN,,,,,,,,
513,2027-12,,IN,,,,,,,,
514,2027-12,,IN,,,,,,,,
515,2027-12,,IN,,,,,,,,
517,2027-12,,IN,,,,,,,,
518,2027-12,,IN,,,,,,,,
,2027-12,,IN,,,,,,,,
520,2027-12,,IN,,,,,,,,
521,2027-12,,IN,,,,,,,,
525,2027-12,,IN,,,,,,,,
530,2027-12,DPS,IN,,,,,,,,
,2027-12,,IN,,,,,,,,
,2027-12,,IN,,,,,,,,
,2027-12,,IN,,,,,,,,
,2027-12,,IN,,,,,,,,
,2027-12,,IN,,,,,,,,
,2027-12,,IN,,,,,,,,
,2027-12,,IN,,,,,,,,
,2027-12,,IN,,,,,,,,
,2027-12,,IN,,,,,,,,
,2027-12,,IN,,,,,,,,
,2027-12,,IN,,,,,,,,
,2027-12,,IN,,,,,,,,
,2027-12,,IN,,,,,,,,
,2027-12,,OUT,,,,,,,,
102,2027-12,,OUT,,,,,,,,
,2027-12,,OUT,,,,,,,,
104,2027-12,,OUT,,,,,,,,
105,2027-12,,OUT,,,,,,,,
106,2027-12,,OUT,,,,,,,,
107,2027-12,,OUT,,,,,,,,
108,2027-12,,OUT,,,,,,,,
109,2027-12,,OUT,,,,,,,,
110,2027-12,,OUT,,,,,,,,
111,2027-12,,OUT,,,,,,,,
112,2027-12,,OUT,,,,,,,,
113,2027-12,,OUT,,,,,,,,
114,2027-12,,OUT,,,,,,,,
,2027-12,,OUT,,,,,,,,
,2027-12,,OUT,,,,,,,,
,2027-12,,OUT,,,,,,,,
,2027-12,,OUT,,,,,,,,
,2027-12,,OUT,,,,,,,,
,2027-12,,OUT,,,,,,,,
,2027-12,,OUT,,,,,,,,
,2027-12,,OUT,,,,,,,,
,2027-12,,OUT,,,,,,,,
,2027-12,,OUT,,,,,,,,
201,2027-12,,OUT,,,,,,,,
202,2027-12,,OUT,,,,,,,,
203,2027-12,,OUT,,,,,,,,
204,2027-12,,OUT,,,,,,,,
205,2027-12,,OUT,,,,,,,,
206,2027-12,,OUT,,,,,,,,
207,2027-12,,OUT,,,,,,,,
208,2027-12,,OUT,,,,,,,,
209,2027-12,,OUT,,,,,,,,
210,2027-12,,OUT,,,,,,,,
211,2027-12,,OUT,,,,,,,,
212,2027-12,,OUT,,,,,,,,
213,2027-12,,OUT,,,,,,,,
214,2027-12,,OUT,,,,,,,,
215,2027-12,,OUT,,,,,,,,
216,2027-12,,OUT,,,,,,,,
227,2027-12,,OUT,,,,,,,,
217,2027-12,,OUT,,,,,,,,
218,2027-12,,OUT,,,,,,,,
,2027-12,,OUT,,,,,,,,
220,2027-12,,OUT,,,,,,,,
221,2027-12,,OUT,,,,,,,,
226,2027-12,,OUT,,,,,,,,
222,2027-12,,OUT,,,,,,,,
224,2027-12,,OUT,,,,,,,,
223,2027-12,,OUT,,,,,,,,
225,2027-12,,OUT,,,,,,,,
230,2027-12,,OUT,,,,,,,,
231,2027-12,,OUT,,,,,,,,
,2027-12,,OUT,,,,,,,,
,2027-12,,OUT,,,,,,,,
,2027-12,,OUT,,,,,,,,
,2027-12,,OUT,,,,,,,,
,2027-12,,OUT,,,,,,,,
,2027-12,,OUT,,,,,,,,
,2027-12,,OUT,,,,,,,,
,2027-12,,OUT,,,,,,,,
,2027-12,,OUT,,,,,,,,
,2027-12,,OUT,,,,,,,,
301,2027-12,,OUT,,,,,,,,
,2027-12,,OUT,,,,,,,,
303,2027-12,,OUT,,,,,,,,
304,2027-12,,OUT,,,,,,,,
305,2027-12,,OUT,,,,,,,,
306,2027-12,,OUT,,,,,,,,
307,2027-12,,OUT,,,,,,,,
367,2027-12,,OUT,,,,,,,,
308,2027-12,,OUT,,,,,,,,
319,2027-12,,OUT,,,,,,,,
309,2027-12,,OUT,,,,,,,,
310,2027-12,,OUT,,,,,,,,
311,2027-12,,OUT,,,,,,,,
312,2027-12,,OUT,,,,,,,,
313,2027-12,,OUT,,,,,,,,
314,2027-12,,OUT,,,,,,,,
315,2027-12,,OUT,,,,,,,,
316,2027-12,,OUT,,,,,,,,
317,2027-12,,OUT,,,,,,,,
318,2027-12,,OUT,,,,,,,,
320,2027-12,,OUT,,,,,,,,
321,2027-12,,OUT,,,,,,,,
,2027-12,,OUT,,,,,,,,
323,2027-12,,OUT,,,,,,,,
324,2027-12,,OUT,,,,,,,,
325,2027-12,DEMA,OUT,,,,,,,,
326,2027-12,,OUT,,,,,,,,
327,2027-12,,OUT,,,,,,,,
328,2027-12,,OUT,,,,,,,,
329,2027-12,,OUT,,,,,,,,
330,2027-12,,OUT,,,,,,,,
331,2027-12,,OUT,,,,,,,,
332,2027-12,,OUT,,,,,,,,
333,2027-12,,OUT,,,,,,,,
334,2027-12,Bloqué,OUT,,,,,,,,
335,2027-12,,OUT,,,,,,,,
336,2027-12,,OUT,,,,,,,,
337,2027-12,,OUT,,,,,,,,
338,2027-12,,OUT,,,,,,,,
339,2027-12,,OUT,,,,,,,,
340,2027-12,,OUT,,,,,,,,
341,2027-12,,OUT,,,,,,,,
365,2027-12,,OUT,,,,,,,,
342,2027-12,,OUT,,,,,,,,
343,2027-12,,OUT,,,,,,,,
344,2027-12,,OUT,,,,,,,,
363,2027-12,DPS,OUT,,,,,,,,
345,2027-12,,OUT,,,,,,,,
346,2027-12,,OUT,,,,,,,,
359,2027-12,,OUT,,,,,,,,
360,2027-12,,OUT,,,,,,,,
361,2027-12,,OUT,,,,,,,,
,2027-12,,OUT,,,,,,,,
347,2027-12,,OUT,,,,,,,,
348,2027-12,,OUT,,,,,,,,
349,2027-12,,OUT,,,,,,,,
350,2027-12,DEMA,OUT,,,,,,,,
351,2027-12,,OUT,,,,,,,,
352,2027-12,,OUT,,,,,,,,
353,2027-12,,OUT,,,,,,,,
,2027-12,,OUT,,,,,,,,
354,2027-12,,OUT,,,,,,,,
355,2027-12,,OUT,,,,,,,,
356,2027-12,,OUT,,,,,,,,
357,2027-12,,OUT,,,,,,,,
,2027-12,,OUT,,,,,,,,
,2027-12,,OUT,,,,,,,,
,2027-12,,OUT,,,,,,,,
,2027-12,,OUT,,,,,,,,
,2027-12,,OUT,,,,,,,,
401,2027-12,,OUT,,,,,,,,
402,2027-12,,OUT,,,,,,,,
403,2027-12,,OUT,,,,,,,,
404,2027-12,,OUT,,,,,,,,
405,2027-12,DEMA,OUT,,,,,,,,
406,2027-12,,OUT,,,,,,,,
407,2027-12,,OUT,,,,,,,,
408,2027-12,,OUT,,,,,,,,
409,2027-12,,OUT,,,,,,,,
415,2027-12,,OUT,,,,,,,,
,2027-12,,OUT,,,,,,,,
,2027-12,,OUT,,,,,,,,
,2027-12,,OUT,,,,,,,,
,2027-12,,OUT,,,,,,,,
,2027-12,,OUT,,,,,,,,
,2027-12,,OUT,,,,,,,,
,2027-12,,OUT,,,,,,,,
,2027-12,,OUT,,,,,,,,
,2027-12,,OUT,,,,,,,,
501,2027-12,DPS,OUT,,,,,,,,
502,2027-12,,OUT,,,,,,,,
,2027-12,,OUT,,,,,,,,
,2027-12,,OUT,,,,,,,,
505,2027-12,,OUT,,,,,,,,
506,2027-12,DPS,OUT,,,,,,,,
507,2027-12,,OUT,,,,,,,,
508,2027-12,DPS,OUT,,,,,,,,
509,2027-12,,OUT,,,,,,,,
510,2027-12,,OUT,,,,,,,,
,2027-12,,OUT,,,,,,,,
,2027-12,,OUT,,,,,,,,
527,2027-12,,OUT,,,,,,,,
512,2027-12,,OUT,,,,,,,,
513,2027-12,,OUT,,,,,,,,
514,2027-12,,OUT,,,,,,,,
515,2027-12,,OUT,,,,,,,,
517,2027-12,,OUT,,,,,,,,
518,2027-12,,OUT,,,,,,,,
,2027-12,,OUT,,,,,,,,
520,2027-12,,OUT,,,,,,,,
521,2027-12,,OUT,,,,,,,,
525,2027-12,DEMA,OUT,,,,,,,,
530,2027-12,,OUT,,,,,,,,
,2027-12,,OUT,,,,,,,,
,2027-12,,OUT,,,,,,,,
,2027-12,,OUT,,,,,,,,
,2027-12,,OUT,,,,,,,,
,2027-12,,OUT,,,,,,,,
,2027-12,,OUT,,,,,,,,
,2027-12,,OUT,,,,,,,,
,2027-12,,OUT,,,,,,,,
,2027-12,,OUT,,,,,,,,
,2027-12,,OUT,,,,,,,,
,2027-12,,OUT,,,,,,,,
,2027-12,,OUT,,,,,,,,
,2027-12,,OUT,,,,,,,,